timestamp,presion_bar,temperatura_C,caudal_lmin,potencia_motor_W,vibracion_mms,efic_enfriamiento_pct,presion_acumulador_bar
2024-01-01 06:00:00,153.42,47.18,8.029,2191.2,1.474,72.1,130
2024-01-01 06:01:00,160.35,36.13,7.642,2286.4,0.584,95.4,130
2024-01-01 06:02:00,159.16,35.46,7.788,2221.6,0.704,95.8,130
2024-01-01 06:03:00,146.83,34.53,7.851,2021.3,1.269,95.7,115
2024-01-01 06:04:00,144.14,60.54,7.798,2237.0,0.538,36.8,115
2024-01-01 06:05:00,128.0,61.0,8.382,2116.2,1.202,38.2,90
2024-01-01 06:06:00,152.17,60.25,9.052,2315.7,3.145,10.3,130
2024-01-01 06:07:00,147.69,35.89,7.996,2265.0,0.55,96.4,115
2024-01-01 06:08:00,137.32,34.51,8.046,2123.2,1.557,96.2,100
2024-01-01 06:09:00,134.62,36.07,7.966,2067.8,0.845,99.5,100
2024-01-01 06:10:00,127.85,61.08,8.543,2040.6,0.554,37.3,90
2024-01-01 06:11:00,133.88,35.82,8.371,2259.5,0.607,99.3,100
2024-01-01 06:12:00,121.84,34.06,8.193,2100.0,0.862,96.5,90
2024-01-01 06:13:00,157.44,48.31,7.715,2188.3,0.734,76.6,130
2024-01-01 06:14:00,144.79,46.24,7.813,2240.4,0.592,70.3,115
2024-01-01 06:15:00,156.5,,8.27,2411.9,2.696,79.7,130
2024-01-01 06:16:00,159.55,47.76,8.289,2370.9,1.284,72.1,130
2024-01-01 06:17:00,153.19,47.86,8.194,2412.9,2.148,72.3,130
2024-01-01 06:18:00,154.64,45.56,8.466,2190.9,1.232,78.4,130
2024-01-01 06:19:00,158.92,47.09,7.711,2320.1,0.742,65.2,130
2024-01-01 06:20:00,156.67,-5.07,8.321,2282.1,0.506,98.1,130
2024-01-01 06:21:00,153.25,61.15,8.299,2357.6,0.874,20.2,130
2024-01-01 06:22:00,122.61,47.37,7.817,2002.1,0.573,62.8,90
2024-01-01 06:23:00,153.68,48.16,7.958,2240.7,1.292,76.2,130
2024-01-01 06:24:00,133.15,47.43,8.477,2149.8,1.524,71.8,100
2024-01-01 06:25:00,155.59,35.44,7.745,2236.3,0.837,97.2,130
2024-01-01 06:26:00,125.2,47.16,9.186,2090.8,0.602,79.8,90
2024-01-01 06:27:00,125.7,48.22,8.422,1906.9,0.661,79.5,90
2024-01-01 06:28:00,132.9,34.46,8.177,2244.1,0.727,95.2,100
2024-01-01 06:29:00,134.82,60.72,8.099,1927.2,0.733,31.8,100
2024-01-01 06:30:00,149.86,35.0,8.515,2382.4,1.353,95.8,130
2024-01-01 06:31:00,125.36,59.33,8.035,2023.5,0.872,17.7,90
2024-01-01 06:32:00,127.94,60.82,8.052,1954.0,1.568,21.0,90
2024-01-01 06:33:00,121.44,34.79,8.781,2083.6,0.878,96.2,90
2024-01-01 06:34:00,136.21,35.8,8.011,2220.8,0.562,99.1,100
2024-01-01 06:35:00,153.47,35.11,8.254,2402.7,2.159,96.0,130
2024-01-01 06:36:00,127.01,45.11,7.896,2160.1,1.23,62.0,90
2024-01-01 06:37:00,155.4,60.38,8.304,2241.3,0.85,10.4,130
2024-01-01 06:38:00,146.01,35.6,8.432,2246.4,2.113,95.3,115
2024-01-01 06:39:00,155.16,45.47,8.873,2167.8,0.529,69.4,130
2024-01-01 06:40:00,128.32,59.44,7.825,2076.3,1.021,20.6,90
2024-01-01 06:41:00,155.87,45.55,7.621,2337.0,1.227,65.8,130
2024-01-01 06:42:00,153.24,60.59,8.093,2280.0,1.226,10.1,130
2024-01-01 06:43:00,145.25,36.61,7.953,2083.1,0.98,97.0,115
2024-01-01 06:44:00,134.08,47.68,8.194,2102.5,0.574,67.9,100
2024-01-01 06:45:00,145.41,36.29,8.409,2382.6,2.526,96.3,115
2024-01-01 06:46:00,153.95,46.59,9.106,2341.3,0.595,79.4,130
2024-01-01 06:47:00,153.31,47.44,8.019,2271.2,0.594,68.7,130
2024-01-01 06:48:00,135.5,46.99,7.316,2137.3,1.229,62.8,100
2024-01-01 06:49:00,125.14,47.15,8.105,2100.8,2.602,72.2,90
2024-01-01 06:50:00,137.66,36.27,8.34,2026.1,0.787,95.0,100
2024-01-01 06:51:00,143.96,36.44,7.812,2110.2,1.251,98.3,115
2024-01-01 06:52:00,120.05,35.19,8.293,2011.1,1.46,95.7,90
2024-01-01 06:53:00,144.09,34.37,8.255,2189.1,0.522,97.7,115
2024-01-01 06:54:00,140.93,35.35,8.304,2373.5,1.348,95.9,115
2024-01-01 06:55:00,146.04,35.32,8.517,2235.7,2.159,95.2,115
2024-01-01 06:56:00,140.82,60.23,8.167,2188.6,0.88,24.2,115
2024-01-01 06:57:00,132.53,47.67,8.419,2154.5,0.643,60.5,100
2024-01-01 06:58:00,144.09,58.47,7.48,2068.0,2.608,17.5,115
2024-01-01 06:59:00,158.86,46.46,7.815,2237.7,1.376,79.7,130
2024-01-01 07:00:00,152.32,46.23,8.063,2250.1,0.64,72.7,130
2024-01-01 07:01:00,155.03,48.0,7.798,2228.4,1.437,66.2,130
2024-01-01 07:02:00,146.45,35.33,8.203,2328.8,1.506,95.9,115
2024-01-01 07:03:00,158.71,46.59,8.063,2362.8,1.203,67.1,130
2024-01-01 07:04:00,156.94,47.43,8.018,2213.2,2.248,78.8,130
2024-01-01 07:05:00,137.73,46.53,8.554,2048.7,0.799,64.7,100
2024-01-01 07:06:00,137.16,59.99,8.234,2049.2,0.605,34.3,100
2024-01-01 07:07:00,131.98,36.95,7.767,2135.1,1.209,96.5,100
2024-01-01 07:08:00,145.9,61.43,7.959,2246.0,0.504,32.7,115
2024-01-01 07:09:00,127.12,35.17,8.501,2103.3,1.516,95.9,90
2024-01-01 07:10:00,122.61,35.35,8.28,1988.8,0.544,97.5,90
2024-01-01 07:11:00,133.55,46.5,8.678,2135.7,0.538,71.5,100
2024-01-01 07:12:00,142.99,58.46,8.539,2225.5,0.568,13.3,115
2024-01-01 07:13:00,156.93,36.33,8.044,2405.8,1.222,96.8,130
2024-01-01 07:14:00,124.83,37.44,8.774,2131.9,1.211,97.6,90
2024-01-01 07:15:00,154.2,35.15,8.807,2195.2,0.912,96.0,130
2024-01-01 07:16:00,151.8,34.85,7.486,2159.3,0.572,99.9,130
2024-01-01 07:17:00,144.83,59.78,8.213,2221.1,0.675,35.2,115
2024-01-01 07:18:00,153.58,47.07,7.98,2259.0,1.59,71.2,130
2024-01-01 07:19:00,125.61,59.09,8.096,1993.1,1.258,15.6,90
2024-01-01 07:20:00,142.14,35.13,7.874,2169.5,1.433,97.1,115
2024-01-01 07:21:00,145.44,36.31,7.823,2276.4,1.8,98.2,115
2024-01-01 07:22:00,133.9,47.1,8.56,2029.7,0.61,78.3,100
2024-01-01 07:23:00,141.88,61.02,7.733,2377.9,1.512,17.5,115
2024-01-01 07:24:00,151.68,47.29,8.237,2252.6,1.055,60.7,130
2024-01-01 07:25:00,142.06,46.13,7.66,2280.6,1.211,63.0,115
2024-01-01 07:26:00,134.48,35.04,8.708,2096.5,0.576,96.2,100
2024-01-01 07:27:00,145.3,35.7,8.212,2108.5,0.77,95.7,115
2024-01-01 07:28:00,135.67,34.6,8.498,2138.3,1.276,98.2,100
2024-01-01 07:29:00,155.77,46.0,8.278,2209.7,0.503,78.2,130
2024-01-01 07:30:00,153.1,59.05,8.099,2321.8,1.529,39.8,130
2024-01-01 07:31:00,157.65,35.91,8.227,2308.0,1.236,98.8,130
2024-01-01 07:32:00,153.89,35.21,8.803,2254.4,1.277,98.9,130
2024-01-01 07:33:00,136.13,47.95,7.841,2162.1,0.983,60.0,100
2024-01-01 07:34:00,134.59,34.78,7.18,2233.1,1.247,97.6,100
2024-01-01 07:35:00,155.94,45.03,7.885,2301.2,1.65,64.3,130
2024-01-01 07:36:00,144.46,46.9,7.716,2171.7,0.61,71.6,115
2024-01-01 07:37:00,135.98,48.32,8.587,2182.0,1.701,73.1,100
2024-01-01 07:38:00,154.98,60.03,8.13,2345.3,2.519,18.4,130
2024-01-01 07:39:00,157.03,58.9,8.531,2287.2,0.607,24.4,130
2024-01-01 07:40:00,122.95,58.7,8.213,2179.9,2.61,15.0,90
2024-01-01 07:41:00,140.58,36.46,8.203,2206.0,0.7,97.8,115
2024-01-01 07:42:00,122.57,46.35,8.266,2189.0,0.629,79.9,90
2024-01-01 07:43:00,157.67,48.23,8.792,2257.6,0.651,78.9,130
2024-01-01 07:44:00,134.61,36.02,8.275,2218.0,1.213,95.2,100
2024-01-01 07:45:00,155.23,46.38,8.644,2292.4,0.83,71.2,130
2024-01-01 07:46:00,152.37,47.93,8.618,2331.5,2.169,67.0,130
2024-01-01 07:47:00,145.16,34.76,8.135,2067.9,2.163,97.7,115
2024-01-01 07:48:00,152.44,45.84,8.17,2483.5,1.451,73.0,130
2024-01-01 07:49:00,152.81,59.31,8.049,2335.4,0.593,34.0,130
2024-01-01 07:50:00,153.99,47.61,8.713,2391.3,2.244,69.9,130
2024-01-01 07:51:00,156.11,60.91,7.824,2199.8,2.209,25.4,130
2024-01-01 07:52:00,136.38,35.18,7.911,2163.7,0.64,98.5,100
2024-01-01 07:53:00,146.45,34.01,8.09,2215.6,1.25,98.0,115
2024-01-01 07:54:00,151.03,34.25,7.741,2225.4,1.632,97.0,130
2024-01-01 07:55:00,154.98,34.65,7.963,2412.8,1.388,95.9,130
2024-01-01 07:56:00,154.51,34.46,8.654,2321.7,0.553,95.0,130
2024-01-01 07:57:00,141.17,47.21,8.461,2225.7,0.519,61.8,115
2024-01-01 07:58:00,155.04,37.05,8.032,2360.0,0.653,95.5,130
2024-01-01 07:59:00,134.37,47.64,8.521,2081.6,0.626,76.4,100
2024-01-01 08:00:00,156.28,34.6,9.033,2322.9,1.739,98.8,130
2024-01-01 08:01:00,155.2,34.94,8.325,2317.2,2.152,97.3,130
2024-01-01 08:02:00,123.63,46.6,8.768,2080.7,2.527,65.7,90
2024-01-01 08:03:00,137.31,60.31,8.541,2232.2,1.491,38.6,100
2024-01-01 08:04:00,149.45,48.26,8.082,2276.0,1.329,65.2,130
2024-01-01 08:05:00,134.84,46.63,8.279,2107.6,0.914,77.9,100
2024-01-01 08:06:00,140.59,36.73,8.411,2180.9,1.596,97.1,115
2024-01-01 08:07:00,132.72,37.18,7.902,2097.5,0.751,95.5,100
2024-01-01 08:08:00,146.31,59.72,7.156,2318.2,0.521,27.6,115
2024-01-01 08:09:00,131.81,46.7,7.866,2144.3,1.235,73.2,100
2024-01-01 08:10:00,121.44,46.71,7.337,2151.8,0.679,74.7,90
2024-01-01 08:11:00,160.95,47.05,7.899,2331.7,0.556,65.5,130
2024-01-01 08:12:00,141.6,59.71,7.517,2160.1,2.26,11.2,115
2024-01-01 08:13:00,149.13,47.71,8.552,2109.4,0.665,68.3,115
2024-01-01 08:14:00,154.57,34.26,7.727,2193.8,0.677,96.1,130
2024-01-01 08:15:00,153.69,46.57,8.418,2238.7,0.669,67.5,130
2024-01-01 08:16:00,156.42,47.26,8.507,2391.6,0.595,73.9,130
2024-01-01 08:17:00,148.34,36.2,8.481,2334.1,0.547,96.8,115
2024-01-01 08:18:00,142.13,48.76,7.453,2237.4,1.346,79.3,115
2024-01-01 08:19:00,143.72,34.47,8.649,2304.2,0.637,96.1,115
2024-01-01 08:20:00,157.12,34.98,8.368,2265.6,2.164,96.3,130
2024-01-01 08:21:00,145.72,45.19,8.522,2179.8,0.511,63.6,115
2024-01-01 08:22:00,127.75,46.11,8.932,2131.7,0.546,64.4,90
2024-01-01 08:23:00,156.29,45.58,8.518,2323.3,1.36,60.3,130
2024-01-01 08:24:00,149.52,46.58,7.727,2288.7,1.353,68.8,115
2024-01-01 08:25:00,135.45,59.82,8.461,2154.1,1.229,27.3,100
2024-01-01 08:26:00,135.55,35.88,7.599,2120.0,2.286,96.3,100
2024-01-01 08:27:00,145.8,46.76,8.175,2212.7,0.61,66.0,115
2024-01-01 08:28:00,124.64,60.38,7.999,2094.6,0.712,18.7,90
2024-01-01 08:29:00,157.12,47.09,8.204,2329.2,2.538,78.6,130
2024-01-01 08:30:00,125.59,34.67,7.596,1995.4,0.574,96.3,90
2024-01-01 08:31:00,156.97,45.65,7.642,2300.3,0.585,70.2,130
2024-01-01 08:32:00,157.36,60.47,8.02,2188.4,0.726,21.0,130
2024-01-01 08:33:00,156.07,48.32,8.111,2282.1,1.796,61.6,130
2024-01-01 08:34:00,136.25,37.53,8.03,2076.3,0.633,96.3,100
2024-01-01 08:35:00,142.47,47.75,8.78,1986.3,0.537,73.3,115
2024-01-01 08:36:00,153.62,36.67,8.369,2486.8,1.047,96.5,130
2024-01-01 08:37:00,157.11,35.87,8.358,2248.2,1.327,95.9,130
2024-01-01 08:38:00,128.56,47.24,8.047,1994.7,0.623,68.7,90
2024-01-01 08:39:00,130.15,35.59,7.643,2279.8,0.655,95.6,100
2024-01-01 08:40:00,143.58,46.92,8.198,2136.2,1.258,61.0,115
2024-01-01 08:41:00,145.06,35.99,8.923,2113.9,2.407,99.3,115
2024-01-01 08:42:00,142.8,35.08,8.29,2213.6,1.405,96.9,115
2024-01-01 08:43:00,152.94,46.88,8.645,2270.4,1.82,74.4,130
2024-01-01 08:44:00,126.19,59.06,8.696,2018.9,0.546,26.2,90
2024-01-01 08:45:00,158.95,35.88,8.424,2236.6,0.693,97.6,130
2024-01-01 08:46:00,139.92,46.23,8.288,2214.9,0.645,73.8,115
2024-01-01 08:47:00,154.57,47.03,7.805,2440.9,2.55,62.2,130
2024-01-01 08:48:00,146.16,60.4,8.117,2101.1,0.506,29.6,115
2024-01-01 08:49:00,146.95,35.97,8.056,2297.2,2.386,99.0,115
2024-01-01 08:50:00,145.8,36.12,8.332,2352.7,2.295,98.8,115
2024-01-01 08:51:00,159.4,59.83,7.634,2259.9,0.687,27.1,130
2024-01-01 08:52:00,145.07,47.39,7.985,2260.1,0.916,76.1,115
2024-01-01 08:53:00,158.28,46.61,8.362,2300.2,0.678,76.0,130
2024-01-01 08:54:00,153.38,33.92,7.919,2172.5,0.752,98.3,130
2024-01-01 08:55:00,155.14,60.42,7.834,2407.5,0.708,35.2,130
2024-01-01 08:56:00,131.97,35.74,7.883,2152.8,2.114,97.5,100
2024-01-01 08:57:00,147.25,47.81,8.091,2188.3,0.524,77.5,115
2024-01-01 08:58:00,144.7,35.48,7.248,2108.3,0.583,97.2,115
2024-01-01 08:59:00,135.89,58.72,7.902,2191.7,0.725,19.6,100
2024-01-01 09:00:00,134.22,46.93,8.581,2162.2,2.105,74.5,100
2024-01-01 09:01:00,146.47,60.71,8.33,2278.5,1.496,21.1,115
2024-01-01 09:02:00,155.99,35.88,8.368,2354.4,2.145,99.0,130
2024-01-01 09:03:00,152.51,35.38,7.469,2244.9,2.264,96.6,130
2024-01-01 09:04:00,142.66,45.67,8.034,1956.4,0.545,73.0,115
2024-01-01 09:05:00,144.93,34.68,8.154,2221.2,0.539,97.2,115
2024-01-01 09:06:00,136.65,35.88,8.386,2135.8,0.581,98.0,100
2024-01-01 09:07:00,129.66,45.67,8.644,2083.1,1.009,79.0,90
2024-01-01 09:08:00,155.76,46.75,8.582,2431.4,1.254,75.6,130
2024-01-01 09:09:00,157.52,47.03,7.966,2306.1,0.51,60.7,130
2024-01-01 09:10:00,140.97,60.92,7.975,2285.4,0.928,32.7,115
2024-01-01 09:11:00,160.03,35.99,8.765,2340.2,1.316,96.7,130
2024-01-01 09:12:00,156.51,36.27,8.056,2199.2,1.394,96.4,130
2024-01-01 09:13:00,124.88,35.74,7.767,1966.8,1.634,96.6,90
2024-01-01 09:14:00,154.59,46.32,8.117,2402.3,0.782,66.3,130
2024-01-01 09:15:00,122.23,46.51,8.74,1999.6,2.418,71.3,90
2024-01-01 09:16:00,132.95,34.75,7.838,2179.5,1.331,96.4,100
2024-01-01 09:17:00,139.78,35.97,8.028,2068.1,0.733,98.7,100
2024-01-01 09:18:00,152.53,34.94,7.855,2369.7,1.864,96.2,130
2024-01-01 09:19:00,152.48,35.18,8.583,2329.8,2.541,99.2,130
2024-01-01 09:20:00,143.24,35.52,8.315,2206.2,0.69,96.6,115
2024-01-01 09:21:00,152.0,61.31,8.57,2363.3,0.518,30.6,130
2024-01-01 09:22:00,155.04,60.53,8.826,2330.8,1.279,24.9,130
2024-01-01 09:23:00,157.72,34.88,7.595,2252.2,0.551,97.6,130
2024-01-01 09:24:00,153.47,35.62,7.896,2311.0,2.189,95.2,130
2024-01-01 09:25:00,151.57,61.32,8.027,2363.5,0.53,10.7,130
2024-01-01 09:26:00,135.73,60.49,8.228,2238.6,1.236,24.7,100
2024-01-01 09:27:00,154.86,34.22,8.402,2299.7,1.518,96.1,130
2024-01-01 09:28:00,157.51,59.27,8.003,2452.9,1.227,22.1,130
2024-01-01 09:29:00,143.86,59.21,7.923,2170.4,0.542,13.8,115
2024-01-01 09:30:00,124.35,48.15,8.583,1945.5,0.538,74.8,90
2024-01-01 09:31:00,154.63,36.51,8.418,2197.1,0.592,99.1,130
2024-01-01 09:32:00,155.22,35.0,8.326,2309.2,0.737,98.8,130
2024-01-01 09:33:00,144.02,46.48,7.342,2231.0,0.706,62.9,115
2024-01-01 09:34:00,123.61,35.54,8.683,2080.0,2.358,96.9,90
2024-01-01 09:35:00,130.37,47.06,8.274,2096.6,0.76,69.3,100
2024-01-01 09:36:00,143.59,46.23,8.135,2408.1,1.201,61.3,115
2024-01-01 09:37:00,156.79,35.3,7.872,2430.9,0.731,95.6,130
2024-01-01 09:38:00,147.13,34.34,7.947,2138.5,1.431,98.7,115
2024-01-01 09:39:00,153.82,36.52,7.844,2301.8,2.113,97.4,130
2024-01-01 09:40:00,138.25,34.09,7.401,2153.9,0.611,96.4,100
2024-01-01 09:41:00,134.93,45.58,7.873,2204.9,2.116,77.3,100
2024-01-01 09:42:00,121.66,60.35,7.56,1948.1,1.242,18.1,90
2024-01-01 09:43:00,150.87,46.01,8.176,2172.9,2.235,71.2,130
2024-01-01 09:44:00,158.05,46.6,7.74,2212.5,1.202,61.8,130
2024-01-01 09:45:00,144.07,47.05,8.492,2350.3,0.52,63.3,115
2024-01-01 09:46:00,131.96,36.04,7.534,2097.6,0.518,97.8,100
2024-01-01 09:47:00,129.35,46.82,8.678,2214.7,0.527,79.9,100
2024-01-01 09:48:00,154.01,36.92,8.535,2357.1,1.21,98.6,130
2024-01-01 09:49:00,156.01,35.5,7.774,2295.6,2.289,97.5,130
2024-01-01 09:50:00,143.26,36.45,8.162,2296.2,1.239,95.0,115
2024-01-01 09:51:00,152.37,47.22,7.858,2211.8,0.897,65.7,130
2024-01-01 09:52:00,123.63,37.2,8.431,2032.3,2.532,95.3,90
2024-01-01 09:53:00,148.11,47.85,8.92,2052.7,1.435,61.1,115
2024-01-01 09:54:00,131.52,47.03,8.672,2157.8,0.513,74.7,100
2024-01-01 09:55:00,143.4,36.0,7.925,2166.6,0.944,97.6,115
2024-01-01 09:56:00,138.03,46.79,8.246,2325.2,0.608,73.2,100
2024-01-01 09:57:00,156.24,59.78,8.809,2314.7,2.14,25.4,130
2024-01-01 09:58:00,135.45,34.46,8.41,2215.5,2.402,97.3,100
2024-01-01 09:59:00,153.38,59.35,8.604,2362.2,0.585,30.4,130
2024-01-01 10:00:00,145.08,37.15,8.46,2223.8,0.641,97.3,115
2024-01-01 10:01:00,153.66,34.54,8.231,2389.4,1.472,96.7,130
2024-01-01 10:02:00,142.85,34.98,8.172,2232.6,2.121,95.6,115
2024-01-01 10:03:00,152.3,46.93,7.716,2348.0,1.237,62.4,130
2024-01-01 10:04:00,156.96,59.95,7.894,2498.6,1.892,25.8,130
2024-01-01 10:05:00,124.85,35.81,7.839,2085.4,0.75,96.2,90
2024-01-01 10:06:00,155.79,46.62,8.059,2267.8,1.253,75.0,130
2024-01-01 10:07:00,135.38,35.86,8.24,2093.4,0.671,96.5,100
2024-01-01 10:08:00,126.1,36.41,8.157,2063.4,2.142,97.1,90
2024-01-01 10:09:00,154.36,36.51,8.286,2319.4,0.901,99.0,130
2024-01-01 10:10:00,133.8,46.79,8.466,2154.7,2.219,76.9,100
2024-01-01 10:11:00,152.96,47.49,8.034,2183.4,0.829,66.1,130
2024-01-01 10:12:00,151.47,34.58,8.495,2128.9,2.815,99.2,130
2024-01-01 10:13:00,142.19,46.42,8.655,2152.5,1.291,63.7,115
2024-01-01 10:14:00,124.09,59.06,8.366,2074.7,0.53,38.1,90
2024-01-01 10:15:00,150.99,46.96,7.982,2315.1,1.779,70.0,130
2024-01-01 10:16:00,141.54,34.81,8.579,2266.4,0.563,99.4,115
2024-01-01 10:17:00,147.61,34.28,8.393,2259.0,2.189,98.6,115
2024-01-01 10:18:00,125.56,35.19,8.448,2030.0,1.213,95.8,90
2024-01-01 10:19:00,153.87,58.62,8.814,2228.3,1.407,30.4,130
2024-01-01 10:20:00,140.68,36.56,8.484,2191.7,2.307,95.9,100
2024-01-01 10:21:00,130.88,35.05,8.83,2168.1,2.4,96.8,100
2024-01-01 10:22:00,137.44,60.79,8.141,2062.5,1.785,38.4,100
2024-01-01 10:23:00,124.72,46.61,8.027,2120.0,2.212,63.2,90
2024-01-01 10:24:00,136.96,34.54,8.66,2226.6,0.605,98.2,100
2024-01-01 10:25:00,155.27,36.44,7.806,2373.2,0.704,98.6,130
2024-01-01 10:26:00,140.32,35.57,8.955,2307.2,1.42,95.5,115
2024-01-01 10:27:00,155.24,37.01,8.721,2250.0,0.618,96.6,130
2024-01-01 10:28:00,155.84,46.63,8.235,2378.1,1.003,70.6,130
2024-01-01 10:29:00,139.52,46.64,8.681,2217.4,0.511,71.5,115
2024-01-01 10:30:00,159.86,36.3,8.465,2473.6,0.782,99.0,130
2024-01-01 10:31:00,145.78,36.31,7.684,2301.5,2.147,99.9,115
2024-01-01 10:32:00,126.68,35.62,7.873,2104.4,1.337,95.4,90
2024-01-01 10:33:00,152.09,38.17,8.314,2447.3,2.481,98.2,130
2024-01-01 10:34:00,126.73,46.78,8.264,2029.5,1.28,77.7,90
2024-01-01 10:35:00,147.72,45.98,8.723,2274.1,0.96,78.4,115
2024-01-01 10:36:00,145.63,34.7,8.321,2408.8,0.62,98.9,115
2024-01-01 10:37:00,134.98,35.28,7.693,2215.1,0.743,100.0,100
2024-01-01 10:38:00,152.77,36.72,7.982,2322.1,2.357,97.6,130
2024-01-01 10:39:00,144.46,35.35,8.497,2208.4,0.56,96.8,115
2024-01-01 10:40:00,143.72,36.75,7.471,2152.5,0.962,96.1,115
2024-01-01 10:41:00,156.43,47.35,7.635,2286.8,2.127,68.5,130
2024-01-01 10:42:00,122.88,47.87,8.051,2004.5,1.378,62.0,90
2024-01-01 10:43:00,136.41,60.31,8.571,2131.6,1.029,32.1,100
2024-01-01 10:44:00,152.9,35.8,8.113,2301.2,0.506,97.5,130
2024-01-01 10:45:00,154.34,60.6,8.384,2389.1,2.252,25.5,130
2024-01-01 10:46:00,146.54,46.55,8.202,2197.3,2.157,64.5,115
2024-01-01 10:47:00,153.24,46.56,8.144,2262.3,0.543,60.4,130
2024-01-01 10:48:00,146.63,47.28,7.938,2301.0,0.553,61.5,115
2024-01-01 10:49:00,156.38,37.05,8.536,2365.7,2.566,98.4,130
2024-01-01 10:50:00,144.32,58.77,7.698,2210.5,1.311,31.0,115
2024-01-01 10:51:00,157.9,58.38,8.107,2358.1,2.154,12.3,130
2024-01-01 10:52:00,155.19,35.29,8.658,2289.0,1.725,96.3,130
2024-01-01 10:53:00,137.76,47.82,7.894,2132.9,2.178,75.7,100
2024-01-01 10:54:00,149.48,60.04,7.577,2354.3,0.757,22.4,115
2024-01-01 10:55:00,124.4,46.06,7.353,2059.0,0.654,67.0,90
2024-01-01 10:56:00,126.61,35.56,8.467,2037.5,1.427,98.9,90
2024-01-01 10:57:00,153.41,45.61,8.493,2311.4,1.24,61.5,130
2024-01-01 10:58:00,152.42,36.0,8.062,2152.8,2.327,95.7,130
2024-01-01 10:59:00,134.51,59.75,7.692,2136.6,0.973,29.8,100
2024-01-01 11:00:00,121.59,59.93,8.142,2090.4,2.121,17.1,90
2024-01-01 11:01:00,132.66,47.34,8.671,2308.5,0.579,77.3,100
2024-01-01 11:02:00,156.48,47.16,7.692,2317.4,1.919,73.1,130
2024-01-01 11:03:00,123.72,35.07,8.623,2105.0,0.551,96.2,90
2024-01-01 11:04:00,156.78,36.33,7.522,2337.7,1.212,97.5,130
2024-01-01 11:05:00,135.75,36.14,7.745,2331.5,1.211,97.4,100
2024-01-01 11:06:00,129.63,45.58,8.244,2150.2,0.564,72.1,90
2024-01-01 11:07:00,156.31,46.82,8.579,2193.9,0.637,69.7,130
2024-01-01 11:08:00,127.79,34.64,8.789,2168.3,1.263,96.3,90
2024-01-01 11:09:00,156.0,45.99,8.597,2234.4,2.166,68.6,130
2024-01-01 11:10:00,125.78,47.43,8.821,2017.7,0.856,70.2,90
2024-01-01 11:11:00,157.91,59.66,8.273,2206.0,0.791,18.3,130
2024-01-01 11:12:00,126.67,59.89,7.951,2215.8,0.574,28.3,90
2024-01-01 11:13:00,155.53,34.96,8.674,2404.9,2.185,97.2,130
2024-01-01 11:14:00,135.51,35.8,8.745,2248.5,1.199,95.5,100
2024-01-01 11:15:00,146.35,36.04,8.572,2312.9,1.1,98.4,115
2024-01-01 11:16:00,143.32,48.74,8.445,2285.3,1.923,68.2,115
2024-01-01 11:17:00,153.22,59.86,8.757,2284.4,1.76,26.2,130
2024-01-01 11:18:00,138.56,58.84,8.337,2166.5,0.698,39.6,100
2024-01-01 11:19:00,159.66,46.6,8.192,2268.7,2.174,75.8,130
2024-01-01 11:20:00,142.68,47.68,8.49,2161.9,1.898,71.5,115
2024-01-01 11:21:00,153.33,34.88,8.391,2258.8,1.472,98.5,130
2024-01-01 11:22:00,127.86,34.31,8.554,2258.3,0.748,95.1,90
2024-01-01 11:23:00,156.33,46.4,8.147,2279.4,2.42,67.2,130
2024-01-01 11:24:00,156.69,35.07,8.564,2390.1,0.682,99.5,130
2024-01-01 11:25:00,157.24,34.63,8.543,2476.2,0.675,95.2,130
2024-01-01 11:26:00,144.4,47.17,8.285,2292.5,0.59,69.0,115
2024-01-01 11:27:00,155.82,35.44,7.9,2247.0,1.233,97.3,130
2024-01-01 11:28:00,145.63,47.63,8.696,2171.1,1.315,74.4,115
2024-01-01 11:29:00,122.85,46.64,7.716,2079.5,1.346,77.2,90
2024-01-01 11:30:00,135.79,47.45,7.817,2330.5,0.92,65.9,100
2024-01-01 11:31:00,148.09,35.11,8.267,2343.9,1.303,97.7,115
2024-01-01 11:32:00,154.16,59.1,7.197,2352.9,1.629,16.1,130
2024-01-01 11:33:00,135.38,59.57,8.817,2133.7,0.576,36.3,100
2024-01-01 11:34:00,155.52,58.71,8.206,2340.4,2.679,31.1,130
2024-01-01 11:35:00,134.29,61.43,8.816,2165.1,0.508,29.5,100
2024-01-01 11:36:00,156.69,35.61,8.922,2324.6,1.349,98.9,130
2024-01-01 11:37:00,143.3,34.86,8.138,2160.0,0.578,97.4,115
2024-01-01 11:38:00,158.33,46.7,8.74,2238.5,1.27,70.7,130
2024-01-01 11:39:00,126.57,58.04,7.776,2096.3,2.117,31.0,90
2024-01-01 11:40:00,152.66,48.15,8.373,2217.2,2.329,67.9,130
2024-01-01 11:41:00,149.25,48.07,8.011,2180.0,0.6,78.5,115
2024-01-01 11:42:00,155.42,60.09,8.479,2312.4,1.095,27.8,130
2024-01-01 11:43:00,133.19,47.26,8.553,2176.5,0.749,75.0,100
2024-01-01 11:44:00,127.76,45.99,8.136,2159.3,2.217,68.8,90
2024-01-01 11:45:00,146.24,34.54,8.418,2129.8,1.397,97.0,115
2024-01-01 11:46:00,140.57,34.14,8.578,2130.0,0.514,99.5,115
2024-01-01 11:47:00,123.69,59.87,8.275,2174.5,0.678,29.7,90
2024-01-01 11:48:00,145.7,47.85,9.216,2364.1,2.319,72.1,115
2024-01-01 11:49:00,139.6,35.19,8.145,2146.5,1.222,99.6,115
2024-01-01 11:50:00,145.21,47.28,8.862,2162.4,0.729,74.9,115
2024-01-01 11:51:00,135.39,36.28,8.658,2193.6,0.628,98.0,100
2024-01-01 11:52:00,152.04,34.2,7.456,2313.9,0.631,97.6,130
2024-01-01 11:53:00,135.68,61.48,8.797,2154.5,1.457,18.6,100
2024-01-01 11:54:00,145.02,60.93,8.63,2167.5,2.219,35.8,115
2024-01-01 11:55:00,152.02,35.91,8.246,2367.6,2.153,99.8,130
2024-01-01 11:56:00,137.3,60.74,8.348,2131.0,0.571,27.1,100
2024-01-01 11:57:00,157.09,36.28,8.397,2288.4,2.368,97.6,130
2024-01-01 11:58:00,154.28,35.73,8.75,2219.5,0.515,96.9,130
2024-01-01 11:59:00,144.5,36.64,8.035,2293.3,0.868,99.4,115
2024-01-01 12:00:00,126.82,46.64,8.834,2041.1,2.275,72.0,90
2024-01-01 12:01:00,124.5,35.87,7.766,2066.4,0.76,97.0,90
2024-01-01 12:02:00,120.17,48.06,7.496,2165.2,0.584,76.8,90
2024-01-01 12:03:00,126.22,44.85,8.437,1986.3,2.15,69.5,90
2024-01-01 12:04:00,152.97,35.85,8.704,2303.1,0.827,97.3,130
2024-01-01 12:05:00,154.03,47.58,8.128,2185.3,1.222,73.7,130
2024-01-01 12:06:00,138.64,34.13,7.294,2108.1,2.136,96.1,100
2024-01-01 12:07:00,154.67,35.73,7.604,2413.1,1.267,99.3,130
2024-01-01 12:08:00,145.0,46.37,8.375,2106.7,0.587,72.9,115
2024-01-01 12:09:00,146.27,60.32,8.196,2248.9,0.546,20.6,115
2024-01-01 12:10:00,156.26,59.92,8.714,2438.3,0.988,33.5,130
2024-01-01 12:11:00,122.7,59.24,8.229,2113.9,0.506,11.3,90
2024-01-01 12:12:00,144.85,60.89,7.904,2183.3,1.525,18.1,115
2024-01-01 12:13:00,145.09,35.17,8.324,2141.1,0.606,98.0,115
2024-01-01 12:14:00,125.68,60.22,8.606,1915.6,0.862,37.4,90
2024-01-01 12:15:00,145.72,48.05,8.74,2355.0,1.518,79.4,115
2024-01-01 12:16:00,161.47,34.77,8.156,2276.3,1.226,95.7,130
2024-01-01 12:17:00,142.06,60.01,8.227,2085.8,2.32,15.1,115
2024-01-01 12:18:00,137.45,35.1,8.512,2068.3,0.595,95.1,100
2024-01-01 12:19:00,137.96,46.78,7.901,2063.8,2.444,63.6,100
2024-01-01 12:20:00,136.23,61.72,8.495,2110.4,1.581,36.3,100
2024-01-01 12:21:00,133.37,35.87,8.107,2341.1,0.542,98.3,100
2024-01-01 12:22:00,159.16,35.75,8.17,2383.8,0.63,99.6,130
2024-01-01 12:23:00,119.52,35.92,8.201,2108.7,0.68,98.7,90
2024-01-01 12:24:00,123.29,35.84,8.252,2165.8,1.357,96.0,90
2024-01-01 12:25:00,157.93,34.04,8.966,2456.7,0.558,97.5,130
2024-01-01 12:26:00,154.07,48.84,8.012,2352.3,2.164,77.8,130
2024-01-01 12:27:00,128.99,58.83,8.033,2185.3,1.591,16.2,90
2024-01-01 12:28:00,121.22,36.89,8.779,2018.7,2.107,96.4,90
2024-01-01 12:29:00,122.22,35.99,8.378,2001.0,0.561,97.4,90
2024-01-01 12:30:00,123.67,35.64,8.507,1987.5,0.55,95.5,90
2024-01-01 12:31:00,146.04,46.76,7.788,2253.5,0.593,79.4,115
2024-01-01 12:32:00,144.44,49.08,8.299,2019.6,0.732,62.1,115
2024-01-01 12:33:00,143.77,35.98,8.524,2336.0,2.252,95.2,115
2024-01-01 12:34:00,158.55,47.01,7.93,2270.5,0.656,70.6,130
2024-01-01 12:35:00,138.78,35.07,8.451,2216.1,0.763,99.0,100
2024-01-01 12:36:00,143.96,34.98,8.118,2118.7,0.834,95.2,115
2024-01-01 12:37:00,140.73,47.04,7.942,2318.9,0.535,65.7,115
2024-01-01 12:38:00,139.61,34.76,8.605,2340.6,2.123,97.4,115
2024-01-01 12:39:00,145.6,36.04,8.655,2238.2,1.272,100.0,115
2024-01-01 12:40:00,156.64,59.48,8.251,2352.2,1.552,26.9,130
2024-01-01 12:41:00,155.16,36.3,8.38,2227.9,0.656,99.1,130
2024-01-01 12:42:00,154.82,47.79,8.73,2313.6,2.131,72.0,130
2024-01-01 12:43:00,152.99,35.46,8.042,2387.8,1.236,99.8,130
2024-01-01 12:44:00,126.64,47.46,8.339,2045.8,0.957,72.4,90
2024-01-01 12:45:00,159.2,36.0,8.045,2432.1,0.591,95.7,130
2024-01-01 12:46:00,149.46,45.83,7.793,2167.3,2.159,66.8,130
2024-01-01 12:47:00,144.81,61.39,8.042,2203.7,1.437,32.7,115
2024-01-01 12:48:00,142.57,35.3,7.75,2076.3,1.594,95.5,115
2024-01-01 12:49:00,151.27,60.56,8.37,2335.3,0.617,30.9,130
2024-01-01 12:50:00,132.18,47.58,7.891,2133.0,0.813,66.1,100
2024-01-01 12:51:00,135.95,33.51,7.641,2135.9,1.312,97.2,100
2024-01-01 12:52:00,156.01,34.97,8.497,2369.2,1.435,98.3,130
2024-01-01 12:53:00,158.65,36.17,8.471,2287.3,1.371,98.5,130
2024-01-01 12:54:00,125.02,35.55,8.068,2294.5,1.65,95.2,90
2024-01-01 12:55:00,130.6,47.55,8.481,2214.7,0.579,69.5,100
2024-01-01 12:56:00,134.4,47.07,7.878,2152.4,1.494,66.3,100
2024-01-01 12:57:00,151.53,47.98,8.051,2256.0,2.33,69.2,130
2024-01-01 12:58:00,141.98,35.59,8.363,2157.1,2.465,97.4,115
2024-01-01 12:59:00,146.45,36.64,8.614,2265.0,0.687,99.2,115
2024-01-01 13:00:00,155.49,34.72,8.047,2267.9,0.623,96.4,130
2024-01-01 13:01:00,146.47,35.4,7.962,2309.3,2.11,100.0,115
2024-01-01 13:02:00,144.11,59.53,8.593,2223.4,1.566,13.9,115
2024-01-01 13:03:00,156.98,47.31,8.445,2303.7,1.681,68.5,130
2024-01-01 13:04:00,133.97,59.78,8.259,2159.2,2.219,37.6,100
2024-01-01 13:05:00,137.79,46.82,8.672,2137.8,1.25,60.0,100
2024-01-01 13:06:00,155.86,46.44,8.979,2332.2,1.408,67.3,130
2024-01-01 13:07:00,134.48,35.13,8.346,2315.6,0.526,99.8,100
2024-01-01 13:08:00,155.53,46.99,7.964,2353.3,0.508,67.8,130
2024-01-01 13:09:00,134.96,58.38,8.399,2183.9,0.569,27.3,100
2024-01-01 13:10:00,158.99,58.16,7.872,2373.0,2.328,22.2,130
2024-01-01 13:11:00,155.61,35.55,8.697,2301.3,0.837,96.9,130
2024-01-01 13:12:00,145.0,33.28,7.919,2152.9,0.534,95.3,115
2024-01-01 13:13:00,144.4,59.85,8.123,1988.5,2.684,26.8,115
2024-01-01 13:14:00,127.11,59.7,7.865,1905.9,1.361,30.1,90
2024-01-01 13:15:00,156.77,35.93,8.273,2369.8,1.719,95.5,130
2024-01-01 13:16:00,154.32,59.46,8.287,2339.5,0.532,17.8,130
2024-01-01 13:17:00,142.11,36.76,8.497,2218.2,2.222,97.6,115
2024-01-01 13:18:00,142.75,36.18,8.248,2419.0,0.613,98.3,115
2024-01-01 13:19:00,154.54,58.79,8.219,2307.3,0.606,28.2,130
2024-01-01 13:20:00,138.37,59.77,7.97,1961.1,1.034,38.0,100
2024-01-01 13:21:00,134.37,36.72,8.085,2210.0,0.879,97.6,100
2024-01-01 13:22:00,123.51,46.44,7.643,2162.9,0.816,62.6,90
2024-01-01 13:23:00,120.6,46.96,8.757,2127.6,1.267,66.1,90
2024-01-01 13:24:00,158.78,36.62,8.162,2404.1,0.583,99.5,130
2024-01-01 13:25:00,136.42,35.07,8.856,2009.1,1.26,98.6,100
2024-01-01 13:26:00,156.99,36.4,8.152,2317.6,0.815,98.8,130
2024-01-01 13:27:00,137.4,34.77,7.439,2083.6,0.6,95.4,100
2024-01-01 13:28:00,144.59,44.69,8.02,2271.8,1.97,66.4,115
2024-01-01 13:29:00,125.21,60.98,8.199,2191.6,2.191,27.6,90
2024-01-01 13:30:00,138.72,35.85,8.226,2120.5,2.137,96.3,100
2024-01-01 13:31:00,125.45,47.4,8.471,2122.1,2.631,74.3,90
2024-01-01 13:32:00,136.47,46.13,8.27,2079.9,1.505,61.4,100
2024-01-01 13:33:00,127.18,34.69,8.065,2068.6,1.375,98.7,90
2024-01-01 13:34:00,136.61,60.92,7.834,2108.9,1.591,36.9,100
2024-01-01 13:35:00,144.68,47.19,8.037,2374.1,1.797,73.5,115
2024-01-01 13:36:00,154.92,59.91,8.442,2223.6,0.895,33.9,130
2024-01-01 13:37:00,156.94,47.18,8.543,2317.1,1.67,68.6,130
2024-01-01 13:38:00,156.94,61.21,7.93,2419.5,0.563,30.4,130
2024-01-01 13:39:00,147.92,60.58,8.603,2074.4,0.643,17.4,115
2024-01-01 13:40:00,146.38,59.62,8.428,2264.5,1.517,11.5,115
2024-01-01 13:41:00,146.49,34.38,7.845,2238.9,0.649,98.2,115
2024-01-01 13:42:00,123.88,35.97,8.299,2015.5,0.705,96.0,90
2024-01-01 13:43:00,123.55,34.76,8.348,2167.3,1.012,98.3,90
2024-01-01 13:44:00,156.95,34.55,7.774,2447.3,2.17,99.9,130
2024-01-01 13:45:00,153.56,48.05,7.657,2362.6,0.655,60.3,130
2024-01-01 13:46:00,144.95,47.7,8.39,2206.3,0.666,78.8,115
2024-01-01 13:47:00,158.45,35.81,8.018,2194.2,2.189,99.7,130
2024-01-01 13:48:00,138.05,46.01,8.805,2164.4,0.592,78.9,100
2024-01-01 13:49:00,145.75,36.93,8.888,2217.7,0.793,98.8,115
2024-01-01 13:50:00,144.26,60.82,8.389,2222.6,1.03,19.5,115
2024-01-01 13:51:00,124.69,35.26,8.581,2030.2,0.701,99.9,90
2024-01-01 13:52:00,137.17,59.59,7.79,2103.2,0.634,26.0,100
2024-01-01 13:53:00,154.91,35.56,7.667,2312.3,0.778,96.4,130
2024-01-01 13:54:00,133.6,46.62,8.143,2051.5,1.725,79.2,100
2024-01-01 13:55:00,148.04,37.27,7.685,2312.9,2.117,96.5,115
2024-01-01 13:56:00,155.45,59.69,8.323,2248.9,1.411,14.9,130
2024-01-01 13:57:00,153.56,46.15,7.887,2319.0,1.362,74.8,130
2024-01-01 13:58:00,146.2,36.77,8.276,2204.1,0.688,96.1,115
2024-01-01 13:59:00,157.43,46.54,8.131,2362.0,0.505,75.5,130
2024-01-01 14:00:00,152.48,36.13,8.455,2357.6,2.723,99.9,130
2024-01-01 14:01:00,134.5,36.04,8.331,2190.6,0.518,98.8,100
2024-01-01 14:02:00,134.38,46.95,8.038,2056.5,2.173,77.8,100
2024-01-01 14:03:00,156.13,34.72,7.653,2294.6,0.571,98.1,130
2024-01-01 14:04:00,156.58,35.46,8.265,2438.2,2.364,99.7,130
2024-01-01 14:05:00,133.62,34.56,7.503,2122.6,0.722,96.6,100
2024-01-01 14:06:00,151.27,59.98,8.698,2393.9,0.513,31.6,130
2024-01-01 14:07:00,127.58,47.62,8.412,2069.2,1.232,66.1,90
2024-01-01 14:08:00,142.2,36.87,8.537,2205.2,1.277,99.4,115
2024-01-01 14:09:00,155.68,34.63,7.812,2324.9,0.744,99.3,130
2024-01-01 14:10:00,154.67,46.8,8.342,2243.4,2.63,76.6,130
2024-01-01 14:11:00,155.41,35.08,7.933,2382.0,0.576,96.7,130
2024-01-01 14:12:00,159.13,47.22,8.26,2241.7,0.649,69.7,130
2024-01-01 14:13:00,162.6,45.78,7.801,2354.3,1.293,79.9,130
2024-01-01 14:14:00,140.92,46.26,8.167,2316.3,1.372,75.2,115
2024-01-01 14:15:00,157.46,45.65,7.649,2344.1,2.298,62.6,130
2024-01-01 14:16:00,144.61,34.35,8.136,2184.5,0.646,96.0,115
2024-01-01 14:17:00,147.62,59.47,7.542,2244.9,0.599,10.1,115
2024-01-01 14:18:00,157.39,36.84,8.899,2251.3,1.624,98.2,130
2024-01-01 14:19:00,158.52,35.78,8.264,2293.1,0.824,99.9,130
2024-01-01 14:20:00,155.71,35.55,8.202,2268.1,1.788,97.0,130
2024-01-01 14:21:00,152.78,48.08,8.47,2249.1,0.606,67.3,130
2024-01-01 14:22:00,137.32,47.31,7.68,2200.4,0.508,62.1,100
2024-01-01 14:23:00,155.29,35.88,7.888,2388.7,0.711,95.4,130
2024-01-01 14:24:00,134.42,35.12,8.412,2234.3,0.806,95.6,100
2024-01-01 14:25:00,143.81,59.49,8.265,2249.4,1.752,15.5,115
2024-01-01 14:26:00,147.52,34.45,7.912,2347.5,1.202,97.4,115
2024-01-01 14:27:00,149.01,35.02,8.459,2175.8,0.923,96.3,115
2024-01-01 14:28:00,132.01,35.28,8.321,2252.8,0.645,97.4,100
2024-01-01 14:29:00,156.55,35.78,8.402,2382.8,0.594,99.3,130
2024-01-01 14:30:00,154.07,35.47,8.356,2313.2,0.55,98.6,130
2024-01-01 14:31:00,141.33,46.71,7.927,2247.8,1.537,61.8,115
2024-01-01 14:32:00,155.37,34.77,8.17,2392.9,2.19,96.6,130
2024-01-01 14:33:00,142.92,35.82,7.457,2282.9,1.386,97.9,115
2024-01-01 14:34:00,141.06,59.6,7.996,2250.9,1.343,12.9,115
2024-01-01 14:35:00,143.05,60.28,8.102,2194.0,0.561,33.2,115
2024-01-01 14:36:00,142.43,45.47,8.451,2156.1,0.81,66.8,115
2024-01-01 14:37:00,143.38,35.77,8.405,2238.7,2.171,95.6,115
2024-01-01 14:38:00,131.69,36.1,7.899,2058.5,2.41,97.0,100
2024-01-01 14:39:00,134.01,60.5,7.89,2208.6,0.605,33.9,100
2024-01-01 14:40:00,143.22,35.34,8.723,2088.1,0.506,99.7,115
2024-01-01 14:41:00,135.94,47.73,8.082,2174.6,1.492,77.7,100
2024-01-01 14:42:00,126.48,34.48,8.246,2047.9,0.959,95.1,90
2024-01-01 14:43:00,145.65,35.43,8.514,2194.8,1.226,99.9,115
2024-01-01 14:44:00,144.41,35.35,8.168,2207.9,2.276,95.7,115
2024-01-01 14:45:00,134.34,47.83,8.139,1919.4,0.515,69.2,100
2024-01-01 14:46:00,142.91,45.38,8.074,2194.6,2.454,75.7,115
2024-01-01 14:47:00,152.97,46.15,7.996,2240.6,2.984,66.1,130
2024-01-01 14:48:00,126.76,61.4,8.257,2001.6,2.237,32.1,90
2024-01-01 14:49:00,150.6,33.56,7.471,2559.7,0.575,95.5,130
2024-01-01 14:50:00,134.8,36.15,8.056,2038.9,0.874,99.9,100
2024-01-01 14:51:00,134.19,34.94,8.416,2181.7,1.347,96.6,100
2024-01-01 14:52:00,126.5,35.7,8.369,2006.4,0.619,98.4,90
2024-01-01 14:53:00,151.44,48.13,8.764,2237.0,0.552,61.4,130
2024-01-01 14:54:00,145.03,35.73,8.535,2122.3,0.691,95.0,115
2024-01-01 14:55:00,145.86,36.65,8.363,2320.3,1.386,97.7,115
2024-01-01 14:56:00,150.24,35.11,8.211,2406.4,0.561,98.3,130
2024-01-01 14:57:00,152.31,46.71,8.017,2260.4,0.548,69.0,130
2024-01-01 14:58:00,144.77,47.63,8.401,2303.0,0.615,61.6,115
2024-01-01 14:59:00,146.29,59.65,8.329,2147.1,1.32,39.8,115
2024-01-01 15:00:00,155.46,35.98,8.05,2277.9,1.227,95.2,130
2024-01-01 15:01:00,146.4,36.45,7.853,2284.3,0.565,99.6,115
2024-01-01 15:02:00,132.3,47.69,8.179,2069.9,2.135,76.4,100
2024-01-01 15:03:00,131.03,34.24,8.662,2090.9,0.963,99.6,100
2024-01-01 15:04:00,125.21,35.23,8.244,2072.0,1.215,99.2,90
2024-01-01 15:05:00,141.93,47.23,8.211,2233.0,1.622,72.0,115
2024-01-01 15:06:00,122.84,59.8,8.369,1983.7,1.35,14.0,90
2024-01-01 15:07:00,127.33,35.56,8.393,2248.6,0.719,99.4,90
2024-01-01 15:08:00,155.47,47.24,8.3,2242.5,2.613,61.8,130
2024-01-01 15:09:00,153.58,35.08,8.183,2386.2,2.191,96.6,130
2024-01-01 15:10:00,143.25,46.85,7.997,2277.7,1.443,73.5,115
2024-01-01 15:11:00,146.55,34.56,8.602,2165.6,0.723,98.5,115
2024-01-01 15:12:00,145.53,46.62,8.029,2267.1,1.39,62.1,115
2024-01-01 15:13:00,141.96,45.78,8.829,2162.8,1.209,68.4,115
2024-01-01 15:14:00,130.13,35.59,8.262,2155.7,0.622,95.3,100
2024-01-01 15:15:00,149.7,46.85,8.221,2295.9,2.112,78.0,115
2024-01-01 15:16:00,151.94,59.27,8.504,2265.3,0.579,19.6,130
2024-01-01 15:17:00,126.32,61.43,7.939,2102.9,1.874,18.4,90
2024-01-01 15:18:00,158.78,35.3,8.43,2263.9,0.839,96.8,130
2024-01-01 15:19:00,125.37,35.73,8.246,2084.1,0.583,97.5,90
2024-01-01 15:20:00,153.5,34.99,8.364,,0.506,96.9,130
2024-01-01 15:21:00,121.43,46.67,7.927,2040.7,0.566,79.4,90
2024-01-01 15:22:00,151.4,60.26,7.923,2163.5,1.226,37.6,130
2024-01-01 15:23:00,155.94,59.73,7.467,2372.5,1.312,23.5,130
2024-01-01 15:24:00,158.63,47.0,8.017,2469.2,1.761,67.3,130
2024-01-01 15:25:00,134.01,36.15,7.996,2161.2,1.344,97.8,100
2024-01-01 15:26:00,123.61,46.59,7.933,2021.0,1.319,66.8,90
2024-01-01 15:27:00,146.74,45.93,8.154,2246.6,0.549,71.2,115
2024-01-01 15:28:00,123.29,34.28,8.226,2161.7,0.694,95.3,90
2024-01-01 15:29:00,145.69,48.15,8.4,2332.4,0.622,77.5,115
2024-01-01 15:30:00,145.1,47.74,8.426,2302.9,1.496,64.1,115
2024-01-01 15:31:00,133.98,36.02,8.46,2185.6,0.645,97.7,100
2024-01-01 15:32:00,154.96,46.65,8.477,2364.0,0.935,72.6,130
2024-01-01 15:33:00,159.41,34.43,8.31,2319.5,1.506,99.9,130
2024-01-01 15:34:00,126.51,35.27,8.222,1993.5,2.131,95.1,90
2024-01-01 15:35:00,127.73,35.43,8.572,2039.7,1.229,96.4,90
2024-01-01 15:36:00,122.7,59.09,8.477,2044.2,1.205,19.6,90
2024-01-01 15:37:00,127.74,34.32,7.607,2093.4,1.292,95.6,90
2024-01-01 15:38:00,156.6,45.62,8.131,2168.9,0.511,75.7,130
2024-01-01 15:39:00,131.25,47.53,7.479,2190.9,1.32,63.5,100
2024-01-01 15:40:00,146.35,46.04,7.471,2069.0,2.155,74.0,115
2024-01-01 15:41:00,123.72,35.75,7.996,2102.9,0.638,97.2,90
2024-01-01 15:42:00,141.14,46.68,8.149,2323.6,0.534,69.4,115
2024-01-01 15:43:00,145.32,47.47,8.03,2301.6,0.659,75.7,115
2024-01-01 15:44:00,146.35,35.77,7.49,2158.3,1.179,98.7,115
2024-01-01 15:45:00,155.38,46.81,8.51,2359.9,2.303,74.8,130
2024-01-01 15:46:00,154.73,60.1,7.917,2366.3,0.666,17.9,130
2024-01-01 15:47:00,124.17,59.91,8.396,2206.5,0.81,11.6,90
2024-01-01 15:48:00,141.17,59.51,7.928,2179.3,2.101,10.9,100
2024-01-01 15:49:00,152.04,60.78,8.001,2392.1,1.266,39.9,130
2024-01-01 15:50:00,137.18,59.66,8.373,2115.0,2.068,32.9,100
2024-01-01 15:51:00,145.04,35.43,8.06,2161.8,2.405,99.0,115
2024-01-01 15:52:00,142.86,45.87,8.268,2299.1,0.519,65.7,115
2024-01-01 15:53:00,154.88,47.22,8.311,2380.3,1.279,74.1,130
2024-01-01 15:54:00,121.52,35.01,7.629,2019.2,0.616,98.3,90
2024-01-01 15:55:00,133.51,46.62,8.391,2053.1,1.045,77.7,100
2024-01-01 15:56:00,144.88,34.83,7.825,2239.9,0.676,96.0,115
2024-01-01 15:57:00,141.12,59.9,7.756,2233.5,0.516,10.2,115
2024-01-01 15:58:00,156.27,45.39,7.909,2328.7,2.242,76.9,130
2024-01-01 15:59:00,142.59,60.55,8.526,2300.9,2.168,27.3,115
2024-01-01 16:00:00,151.37,59.97,7.56,2392.3,2.183,28.7,130
2024-01-01 16:01:00,152.3,46.63,8.46,2310.6,0.524,64.6,130
2024-01-01 16:02:00,140.44,58.76,8.336,2070.4,2.223,21.4,100
2024-01-01 16:03:00,120.05,60.35,8.23,2011.9,1.421,14.7,90
2024-01-01 16:04:00,146.09,59.49,8.299,2182.3,0.785,15.5,115
2024-01-01 16:05:00,153.12,48.04,8.084,2300.4,1.438,60.6,130
2024-01-01 16:06:00,144.12,47.39,8.473,2188.8,0.716,68.4,115
2024-01-01 16:07:00,126.51,48.23,8.029,2050.4,0.907,71.8,90
2024-01-01 16:08:00,136.39,47.11,7.55,,2.181,67.2,100
2024-01-01 16:09:00,123.3,36.36,8.169,2018.6,1.248,95.2,90
2024-01-01 16:10:00,141.61,60.37,8.521,2255.8,0.519,24.4,115
2024-01-01 16:11:00,136.56,35.14,8.397,2296.2,1.236,99.6,100
2024-01-01 16:12:00,156.38,35.65,8.926,2296.7,2.132,98.8,130
2024-01-01 16:13:00,154.29,59.33,8.099,2255.5,1.687,18.7,130
2024-01-01 16:14:00,156.1,37.16,8.136,2334.5,0.54,97.4,130
2024-01-01 16:15:00,143.89,35.42,8.107,2166.4,0.52,96.8,115
2024-01-01 16:16:00,122.93,60.02,7.889,2058.2,0.602,16.5,90
2024-01-01 16:17:00,125.01,47.31,8.011,2015.7,2.137,76.0,90
2024-01-01 16:18:00,156.3,34.63,7.784,2224.4,0.528,98.7,130
2024-01-01 16:19:00,155.77,36.56,7.282,2239.7,0.59,96.0,130
2024-01-01 16:20:00,156.27,46.18,7.968,2257.1,1.004,69.8,130
2024-01-01 16:21:00,153.1,46.0,8.209,2226.7,2.106,66.4,130
2024-01-01 16:22:00,148.95,46.87,8.452,2332.3,1.247,71.7,115
2024-01-01 16:23:00,124.14,45.98,7.97,2104.5,1.548,76.9,90
2024-01-01 16:24:00,124.7,36.75,7.974,2145.3,0.556,95.2,90
2024-01-01 16:25:00,131.7,46.82,8.612,2041.3,0.616,71.4,100
2024-01-01 16:26:00,134.52,44.42,7.668,2126.5,2.121,64.0,100
2024-01-01 16:27:00,146.33,35.66,8.135,2263.5,2.417,96.5,115
2024-01-01 16:28:00,156.91,60.44,8.583,2442.2,2.367,22.0,130
2024-01-01 16:29:00,148.9,46.66,7.917,2169.8,2.127,76.6,115
2024-01-01 16:30:00,146.3,34.42,7.587,2127.1,2.691,97.1,115
2024-01-01 16:31:00,135.69,35.42,8.883,2165.3,1.379,95.2,100
2024-01-01 16:32:00,153.88,46.61,8.52,2256.1,2.42,64.6,130
2024-01-01 16:33:00,153.35,46.22,8.532,2446.5,1.489,76.5,130
2024-01-01 16:34:00,157.43,59.15,8.164,2353.4,0.646,18.5,130
2024-01-01 16:35:00,127.38,47.12,8.456,2047.1,0.775,78.5,90
2024-01-01 16:36:00,142.31,47.72,7.204,2207.4,2.154,71.7,115
2024-01-01 16:37:00,136.81,47.37,8.025,2139.9,0.504,74.9,100
2024-01-01 16:38:00,136.63,45.62,8.579,2004.0,2.184,69.1,100
2024-01-01 16:39:00,152.22,47.49,7.642,2313.4,0.533,74.1,130
2024-01-01 16:40:00,146.35,60.62,8.067,2191.0,1.294,39.5,115
2024-01-01 16:41:00,122.38,48.11,8.328,2120.6,1.014,73.2,90
2024-01-01 16:42:00,138.93,46.24,7.886,2158.2,0.531,68.6,115
2024-01-01 16:43:00,124.6,46.95,8.203,2124.6,0.584,78.6,90
2024-01-01 16:44:00,155.64,60.45,8.354,2353.4,0.642,28.7,130
2024-01-01 16:45:00,154.71,35.08,8.321,2322.8,2.202,99.2,130
2024-01-01 16:46:00,132.17,35.94,8.04,2170.3,0.741,98.5,90
2024-01-01 16:47:00,135.95,35.48,7.868,1999.2,0.64,98.6,100
2024-01-01 16:48:00,125.37,34.82,8.358,2105.5,0.667,95.6,90
2024-01-01 16:49:00,136.07,46.39,8.336,2146.4,1.426,79.5,100
2024-01-01 16:50:00,123.9,61.0,8.316,2064.1,1.205,29.7,90
2024-01-01 16:51:00,137.32,46.2,8.246,2071.5,1.203,74.9,100
2024-01-01 16:52:00,135.9,34.57,8.336,2036.4,0.539,99.1,100
2024-01-01 16:53:00,145.79,35.78,8.551,2301.4,0.753,96.3,115
2024-01-01 16:54:00,153.44,46.98,8.324,2373.0,1.255,66.9,130
2024-01-01 16:55:00,121.09,58.95,8.239,2213.9,2.606,19.1,90
2024-01-01 16:56:00,143.75,46.58,7.989,2387.0,0.516,77.1,115
2024-01-01 16:57:00,145.71,46.35,8.754,2106.1,0.673,73.4,115
2024-01-01 16:58:00,143.89,34.99,7.751,2217.6,0.505,99.8,115
2024-01-01 16:59:00,145.73,37.52,8.119,2250.1,1.216,99.8,115
2024-01-01 17:00:00,144.42,46.76,7.996,2307.0,1.248,61.1,115
2024-01-01 17:01:00,156.08,34.79,7.469,2424.1,1.377,96.4,130
2024-01-01 17:02:00,122.56,37.12,8.342,1987.7,1.112,96.6,90
2024-01-01 17:03:00,145.48,47.71,8.119,2186.7,0.506,75.9,115
2024-01-01 17:04:00,143.4,60.58,8.213,2339.7,2.244,31.8,115
2024-01-01 17:05:00,151.15,59.33,8.128,2176.2,2.25,22.6,130
2024-01-01 17:06:00,154.59,47.95,8.501,2223.9,2.187,75.3,130
2024-01-01 17:07:00,158.84,60.65,8.553,2345.0,0.713,20.5,130
2024-01-01 17:08:00,131.35,47.12,7.759,2314.3,1.356,65.2,100
2024-01-01 17:09:00,155.3,45.63,8.906,2175.8,0.557,67.0,130
2024-01-01 17:10:00,126.99,59.98,8.104,2074.8,0.744,29.0,90
2024-01-01 17:11:00,160.75,36.88,8.435,2354.4,0.626,96.2,130
2024-01-01 17:12:00,153.77,60.18,8.272,2427.6,1.327,15.8,130
2024-01-01 17:13:00,153.42,46.7,8.242,2345.7,1.107,69.6,130
2024-01-01 17:14:00,152.08,46.82,8.423,2162.7,2.253,64.3,130
2024-01-01 17:15:00,137.85,35.37,8.727,2047.1,0.807,96.7,100
2024-01-01 17:16:00,122.83,59.36,8.511,2179.8,0.904,33.4,90
2024-01-01 17:17:00,144.07,46.97,8.103,2265.2,0.674,77.7,115
2024-01-01 17:18:00,150.38,36.65,8.166,2219.9,0.809,98.1,130
2024-01-01 17:19:00,157.21,36.56,7.975,2349.5,0.574,95.4,130
2024-01-01 17:20:00,147.9,34.9,8.486,2254.6,0.54,96.2,115
2024-01-01 17:21:00,127.11,48.02,8.436,1870.4,0.738,72.8,90
2024-01-01 17:22:00,150.99,60.61,8.063,2142.0,1.021,25.9,130
2024-01-01 17:23:00,136.52,36.01,8.731,2174.9,1.209,95.1,100
2024-01-01 17:24:00,140.82,35.85,8.63,2392.8,0.788,98.7,115
2024-01-01 17:25:00,155.15,46.26,8.929,2331.1,1.206,73.4,130
2024-01-01 17:26:00,145.51,35.18,7.884,2034.0,1.323,99.5,115
2024-01-01 17:27:00,155.78,47.67,8.16,2181.0,0.726,62.1,130
2024-01-01 17:28:00,136.34,34.53,8.121,2200.1,2.204,99.9,100
2024-01-01 17:29:00,154.98,46.17,9.241,2368.8,1.272,69.5,130
2024-01-01 17:30:00,130.09,47.24,8.204,2134.5,0.541,75.5,100
2024-01-01 17:31:00,156.34,46.37,8.706,2271.3,2.862,64.9,130
2024-01-01 17:32:00,125.24,47.66,8.614,2133.5,2.269,67.0,90
2024-01-01 17:33:00,152.74,46.4,8.166,2398.4,2.127,68.3,130
2024-01-01 17:34:00,121.08,60.2,8.222,2125.5,1.21,31.4,90
2024-01-01 17:35:00,138.85,35.76,8.409,2073.7,0.556,97.9,100
2024-01-01 17:36:00,128.08,46.61,8.703,2141.9,0.655,64.7,90
2024-01-01 17:37:00,146.76,35.31,8.131,2201.8,1.479,98.5,115
2024-01-01 17:38:00,133.31,59.46,7.997,2101.9,2.892,16.6,100
2024-01-01 17:39:00,148.71,46.99,8.573,2258.7,1.559,64.7,130
2024-01-01 17:40:00,156.91,46.23,7.741,2311.7,2.289,67.8,130
2024-01-01 17:41:00,145.92,59.82,8.301,2275.6,0.72,23.7,115
2024-01-01 17:42:00,154.06,47.6,8.624,2148.3,0.648,75.7,130
2024-01-01 17:43:00,127.81,59.09,8.372,2011.5,2.214,27.1,90
2024-01-01 17:44:00,157.12,59.61,7.973,2273.1,1.507,24.0,130
2024-01-01 17:45:00,145.44,35.91,7.8,2312.9,2.139,99.6,115
2024-01-01 17:46:00,145.09,45.34,8.675,2160.7,1.281,71.7,115
2024-01-01 17:47:00,145.13,36.98,8.13,2203.5,1.27,96.5,115
2024-01-01 17:48:00,136.7,47.84,7.839,2214.8,1.37,70.4,100
2024-01-01 17:49:00,152.86,34.27,8.656,2313.2,2.238,97.9,130
2024-01-01 17:50:00,146.06,33.82,8.52,2352.6,1.58,97.8,115
2024-01-01 17:51:00,152.7,35.52,7.779,2298.0,0.787,97.1,130
2024-01-01 17:52:00,128.34,46.1,9.206,2220.6,0.579,77.9,90
2024-01-01 17:53:00,136.33,47.77,7.984,2315.0,1.397,64.2,100
2024-01-01 17:54:00,123.28,47.32,8.514,2106.6,0.541,76.2,90
2024-01-01 17:55:00,155.2,35.6,8.995,2343.5,1.211,98.2,130
2024-01-01 17:56:00,152.87,35.04,8.555,2354.7,1.418,98.6,130
2024-01-01 17:57:00,158.76,36.78,8.304,2375.3,0.767,98.0,130
2024-01-01 17:58:00,159.06,60.6,7.627,2319.9,2.634,22.8,130
2024-01-01 17:59:00,156.74,35.98,9.016,2403.5,0.857,99.1,130
2024-01-01 18:00:00,138.89,36.46,8.546,2190.0,2.212,99.9,100
2024-01-01 18:01:00,155.38,46.18,7.634,2420.9,0.895,64.3,130
2024-01-01 18:02:00,146.91,61.03,8.818,2113.8,2.409,24.7,115
2024-01-01 18:03:00,128.06,35.29,8.224,2087.3,0.56,97.7,90
2024-01-01 18:04:00,134.99,35.77,8.089,2231.2,0.695,98.2,100
2024-01-01 18:05:00,155.18,35.37,7.971,2218.7,2.173,96.3,130
2024-01-01 18:06:00,157.33,58.5,8.268,2344.4,1.253,31.6,130
2024-01-01 18:07:00,146.62,36.27,8.523,2278.7,0.517,99.7,115
2024-01-01 18:08:00,153.11,45.54,8.002,2448.2,2.257,72.6,130
2024-01-01 18:09:00,139.53,59.23,8.251,2202.8,1.3,10.3,115
2024-01-01 18:10:00,154.56,59.64,9.552,2326.9,2.118,18.7,130
2024-01-01 18:11:00,119.76,33.94,8.39,2025.5,1.453,95.5,90
2024-01-01 18:12:00,132.52,34.62,8.586,2138.7,0.757,99.4,100
2024-01-01 18:13:00,142.81,47.2,7.817,2359.6,0.554,69.4,115
2024-01-01 18:14:00,153.58,46.72,7.657,2307.7,1.124,65.0,130
2024-01-01 18:15:00,157.05,35.29,8.786,2253.3,1.501,98.2,130
2024-01-01 18:16:00,137.59,46.27,8.672,2135.4,0.827,69.2,100
2024-01-01 18:17:00,146.27,35.54,8.886,2188.5,0.501,99.9,115
2024-01-01 18:18:00,156.58,46.74,8.168,2274.7,1.267,75.3,130
2024-01-01 18:19:00,156.64,45.69,8.702,2266.9,1.427,63.9,130
2024-01-01 18:20:00,148.76,46.84,7.178,2270.0,2.242,66.3,130
2024-01-01 18:21:00,135.03,46.01,8.416,2055.1,2.04,71.7,100
2024-01-01 18:22:00,150.51,36.22,8.613,2315.5,1.389,99.9,130
2024-01-01 18:23:00,146.27,46.69,7.925,2151.7,2.129,70.9,115
2024-01-01 18:24:00,139.77,49.02,8.622,2321.3,1.537,79.0,115
2024-01-01 18:25:00,144.55,36.27,8.128,2205.0,2.263,98.4,115
2024-01-01 18:26:00,126.37,46.9,8.168,2102.7,0.584,61.9,90
2024-01-01 18:27:00,122.21,47.46,8.097,2102.9,0.554,78.8,90
2024-01-01 18:28:00,147.4,33.83,8.833,2083.1,0.646,96.3,115
2024-01-01 18:29:00,156.27,36.27,8.018,2288.7,0.735,97.6,130
2024-01-01 18:30:00,145.95,59.34,7.969,2367.5,2.519,30.3,115
2024-01-01 18:31:00,146.75,35.57,7.857,2167.9,1.383,98.2,115
2024-01-01 18:32:00,144.1,34.92,8.053,2411.7,0.607,98.0,115
2024-01-01 18:33:00,135.38,46.5,8.278,2193.5,1.4,77.2,100
2024-01-01 18:34:00,155.03,59.86,8.455,2351.4,1.337,34.1,130
2024-01-01 18:35:00,144.97,35.56,7.899,2249.1,0.711,97.2,115
2024-01-01 18:36:00,153.32,35.48,8.349,2393.7,1.388,96.9,130
2024-01-01 18:37:00,131.89,47.0,8.445,2238.1,2.87,60.2,100
2024-01-01 18:38:00,154.16,34.2,7.827,2308.5,2.295,98.9,130
2024-01-01 18:39:00,134.02,37.37,8.225,2115.6,1.435,97.1,100
2024-01-01 18:40:00,153.16,60.19,8.166,2196.0,0.946,16.8,130
2024-01-01 18:41:00,147.13,47.35,8.23,2295.1,0.988,72.4,115
2024-01-01 18:42:00,132.07,46.73,7.988,2155.3,0.53,78.3,100
2024-01-01 18:43:00,154.57,34.8,8.146,2242.5,1.321,97.4,130
2024-01-01 18:44:00,137.92,60.12,8.212,2103.6,1.072,25.7,100
2024-01-01 18:45:00,147.27,47.23,8.946,2224.5,1.143,77.3,115
2024-01-01 18:46:00,148.04,36.54,8.218,2151.5,2.142,97.4,115
2024-01-01 18:47:00,153.52,37.16,8.735,2313.9,2.217,99.0,130
2024-01-01 18:48:00,146.96,48.18,8.766,2100.4,1.265,65.0,115
2024-01-01 18:49:00,142.34,34.09,7.672,2187.4,0.813,98.9,115
2024-01-01 18:50:00,144.31,59.63,8.084,2137.0,0.882,38.0,115
2024-01-01 18:51:00,134.55,35.77,8.766,2166.0,0.627,96.2,100
2024-01-01 18:52:00,143.56,59.68,8.272,2151.8,1.425,39.5,115
2024-01-01 18:53:00,154.1,46.96,8.153,2265.3,0.908,72.2,130
2024-01-01 18:54:00,153.77,33.78,8.5,2490.8,2.347,97.8,130
2024-01-01 18:55:00,152.54,60.73,8.627,2379.2,2.134,11.3,130
2024-01-01 18:56:00,157.14,45.5,8.188,2358.1,0.749,70.8,130
2024-01-01 18:57:00,134.54,34.24,8.089,2253.8,0.535,97.7,100
2024-01-01 18:58:00,135.5,34.69,7.255,2191.0,1.412,96.9,100
2024-01-01 18:59:00,155.41,35.42,8.219,2197.7,2.181,99.4,130
2024-01-01 19:00:00,125.14,34.2,8.048,1964.7,2.112,97.9,90
2024-01-01 19:01:00,145.23,46.15,7.797,2013.2,0.551,76.1,115
2024-01-01 19:02:00,124.24,47.92,8.118,2086.2,0.626,78.1,90
2024-01-01 19:03:00,138.55,46.91,8.033,2065.2,2.224,72.7,100
2024-01-01 19:04:00,136.9,47.35,8.268,2104.4,1.259,78.6,100
2024-01-01 19:05:00,155.05,34.51,8.088,2284.4,1.271,96.8,130
2024-01-01 19:06:00,153.88,35.46,8.379,2261.3,1.291,95.8,130
2024-01-01 19:07:00,154.7,46.89,8.27,2307.2,1.844,71.2,130
2024-01-01 19:08:00,136.04,46.36,8.709,2127.4,1.125,75.1,100
2024-01-01 19:09:00,158.75,35.46,7.986,2279.4,2.131,99.3,130
2024-01-01 19:10:00,131.57,58.49,8.912,2026.2,0.853,28.2,100
2024-01-01 19:11:00,156.65,35.85,8.627,2329.3,1.346,99.5,130
2024-01-01 19:12:00,137.82,46.68,8.795,2324.1,1.432,73.8,100
2024-01-01 19:13:00,151.28,35.29,8.301,2332.1,0.799,96.7,130
2024-01-01 19:14:00,154.55,60.68,8.087,2491.5,1.227,22.9,130
2024-01-01 19:15:00,152.34,35.85,7.985,2264.5,1.521,97.0,130
2024-01-01 19:16:00,146.08,35.25,8.901,2209.8,2.172,95.4,115
2024-01-01 19:17:00,154.1,46.11,8.639,2308.4,0.764,63.7,130
2024-01-01 19:18:00,134.67,36.56,7.797,2136.4,1.371,97.2,100
2024-01-01 19:19:00,153.97,34.43,8.591,2403.2,1.431,95.9,130
2024-01-01 19:20:00,156.8,36.0,7.87,2134.7,1.395,99.4,130
2024-01-01 19:21:00,135.57,58.72,8.33,2113.6,2.433,33.7,100
2024-01-01 19:22:00,155.58,36.23,8.53,2443.1,0.95,98.8,130
2024-01-01 19:23:00,125.4,36.31,8.783,2030.3,0.619,95.4,90
2024-01-01 19:24:00,126.43,45.47,8.295,2144.3,1.3,72.4,90
2024-01-01 19:25:00,154.35,35.86,8.146,2358.3,0.555,100.0,130
2024-01-01 19:26:00,159.25,35.79,8.218,2304.2,2.436,95.6,130
2024-01-01 19:27:00,151.91,36.06,8.627,2335.3,1.882,98.8,130
2024-01-01 19:28:00,130.69,47.29,8.515,2143.2,0.543,79.0,100
2024-01-01 19:29:00,140.48,59.23,8.193,2059.9,2.222,10.7,115
2024-01-01 19:30:00,139.8,35.33,7.455,2266.8,0.794,95.2,115
2024-01-01 19:31:00,136.68,36.83,7.226,2100.7,1.402,96.6,100
2024-01-01 19:32:00,156.38,59.11,8.29,2199.9,0.838,32.2,130
2024-01-01 19:33:00,138.02,35.76,7.728,2181.0,0.503,99.5,100
2024-01-01 19:34:00,132.36,36.42,7.988,2175.7,0.985,98.0,100
2024-01-01 19:35:00,146.86,46.21,8.109,2308.5,1.213,71.6,115
2024-01-01 19:36:00,125.14,34.37,9.031,2049.1,0.618,97.1,90
2024-01-01 19:37:00,135.42,45.99,8.249,2218.7,0.565,60.8,100
2024-01-01 19:38:00,156.56,60.32,8.488,2311.7,1.027,23.2,130
2024-01-01 19:39:00,143.11,45.98,8.402,2257.6,0.564,70.3,115
2024-01-01 19:40:00,151.47,35.39,7.231,2264.2,2.193,97.6,115
2024-01-01 19:41:00,158.33,61.1,8.04,2203.5,0.938,27.4,130
2024-01-01 19:42:00,123.67,46.96,7.712,2100.2,2.254,76.6,90
2024-01-01 19:43:00,152.27,46.38,8.891,2318.3,1.657,62.8,130
2024-01-01 19:44:00,134.78,47.1,7.472,2128.3,1.416,73.4,100
2024-01-01 19:45:00,145.46,35.45,8.032,2239.1,0.517,99.8,115
2024-01-01 19:46:00,157.66,47.36,8.096,2514.0,2.214,66.2,130
2024-01-01 19:47:00,122.08,48.3,7.806,1916.4,0.539,65.8,90
2024-01-01 19:48:00,125.71,35.82,8.241,2059.5,1.213,98.3,90
2024-01-01 19:49:00,141.18,48.63,8.183,2294.9,2.194,78.1,115
2024-01-01 19:50:00,156.09,47.36,8.265,2210.3,2.578,76.7,130
2024-01-01 19:51:00,154.73,46.39,8.401,2339.7,1.225,67.0,130
2024-01-01 19:52:00,159.84,61.83,8.295,2334.2,2.101,12.0,130
2024-01-01 19:53:00,151.13,59.9,8.352,2182.9,1.747,31.2,130
2024-01-01 19:54:00,148.43,46.16,8.645,2183.3,0.651,68.8,115
2024-01-01 19:55:00,120.74,48.86,7.54,2212.7,0.664,65.9,90
2024-01-01 19:56:00,141.68,34.91,8.48,2102.7,1.027,99.8,115
2024-01-01 19:57:00,120.81,46.38,7.782,2034.9,0.741,63.8,90
2024-01-01 19:58:00,135.63,35.06,7.943,2136.8,1.551,98.5,100
2024-01-01 19:59:00,142.07,35.63,8.248,2230.3,1.494,98.7,115
2024-01-01 20:00:00,121.63,60.74,8.365,2037.0,0.689,124.0,90
2024-01-01 20:01:00,145.51,33.38,8.412,2236.6,2.333,95.3,115
2024-01-01 20:02:00,126.13,60.74,7.822,2067.2,0.665,14.5,90
2024-01-01 20:03:00,155.1,35.06,8.852,2366.8,2.188,99.0,130
2024-01-01 20:04:00,154.59,59.67,8.033,2377.6,2.167,39.4,130
2024-01-01 20:05:00,129.57,48.37,7.912,2105.2,2.139,78.6,90
2024-01-01 20:06:00,145.36,60.17,7.691,2248.9,2.187,14.4,115
2024-01-01 20:07:00,127.01,35.86,7.652,1944.9,0.672,99.8,90
2024-01-01 20:08:00,125.36,46.96,7.64,2079.3,1.377,72.0,90
2024-01-01 20:09:00,152.26,36.11,8.326,2399.1,0.73,98.6,130
2024-01-01 20:10:00,146.37,61.29,8.442,2101.1,0.923,31.3,115
2024-01-01 20:11:00,153.36,33.52,7.854,2204.6,1.411,95.6,130
2024-01-01 20:12:00,144.77,47.87,7.743,2349.4,0.537,63.3,115
2024-01-01 20:13:00,135.76,36.74,8.115,2030.2,2.105,97.9,100
2024-01-01 20:14:00,150.15,47.4,8.239,2301.8,2.144,62.2,130
2024-01-01 20:15:00,140.98,46.46,8.305,2185.9,0.977,70.0,115
2024-01-01 20:16:00,137.27,59.08,7.814,2264.5,1.368,26.8,100
2024-01-01 20:17:00,153.34,48.89,8.133,2334.2,0.878,78.0,130
2024-01-01 20:18:00,133.46,46.28,8.827,2213.3,2.153,60.7,100
2024-01-01 20:19:00,145.42,61.21,7.722,2234.5,1.447,13.5,115
2024-01-01 20:20:00,124.04,35.81,8.188,2229.6,0.763,96.5,90
2024-01-01 20:21:00,156.04,48.64,8.4,2250.5,0.832,80.0,130
2024-01-01 20:22:00,154.87,46.75,7.813,2337.5,0.653,74.5,130
2024-01-01 20:23:00,145.5,45.71,8.445,2330.6,2.416,78.0,115
2024-01-01 20:24:00,153.25,47.0,7.664,2428.7,1.048,60.3,130
2024-01-01 20:25:00,125.48,45.81,8.454,2048.6,1.131,75.4,90
2024-01-01 20:26:00,157.76,62.14,8.217,2148.0,2.127,24.4,130
2024-01-01 20:27:00,133.58,47.5,7.632,2119.3,2.296,73.8,100
2024-01-01 20:28:00,147.29,36.12,8.475,2369.5,2.124,99.2,115
2024-01-01 20:29:00,154.87,36.12,7.842,2248.9,1.712,97.1,130
2024-01-01 20:30:00,156.84,46.45,8.139,2333.3,1.822,65.2,130
2024-01-01 20:31:00,145.32,46.89,8.452,2205.4,1.338,71.5,115
2024-01-01 20:32:00,144.92,35.59,7.814,2224.2,1.143,95.7,115
2024-01-01 20:33:00,155.87,48.56,7.989,2415.0,1.491,65.6,130
2024-01-01 20:34:00,128.03,59.07,8.65,2090.4,0.738,14.1,90
2024-01-01 20:35:00,155.59,59.42,7.372,2473.4,0.674,21.0,130
2024-01-01 20:36:00,146.2,35.21,8.767,2308.1,2.204,98.2,115
2024-01-01 20:37:00,144.08,34.96,7.614,2240.5,1.164,98.8,115
2024-01-01 20:38:00,158.93,58.83,7.92,2302.5,2.144,21.0,130
2024-01-01 20:39:00,126.6,44.84,8.313,2096.5,0.824,72.3,90
2024-01-01 20:40:00,155.19,45.54,8.441,2211.3,0.592,71.4,130
2024-01-01 20:41:00,154.69,36.38,8.319,2225.4,1.48,99.6,130
2024-01-01 20:42:00,157.44,59.99,8.219,2370.6,1.236,38.3,130
2024-01-01 20:43:00,143.48,60.67,8.026,2303.6,1.293,12.1,115
2024-01-01 20:44:00,140.54,35.03,8.825,2124.2,2.684,97.9,115
2024-01-01 20:45:00,135.18,59.92,8.509,2218.8,0.663,10.2,100
2024-01-01 20:46:00,157.98,36.79,8.67,2295.9,2.235,95.1,130
2024-01-01 20:47:00,158.98,48.24,8.031,2243.5,0.779,78.3,130
2024-01-01 20:48:00,134.73,60.75,7.269,2124.8,2.208,21.6,100
2024-01-01 20:49:00,155.11,47.16,8.608,2381.1,0.636,61.1,130
2024-01-01 20:50:00,126.3,35.91,8.343,2118.7,2.264,97.5,90
2024-01-01 20:51:00,154.34,35.8,8.273,2333.8,2.121,96.9,130
2024-01-01 20:52:00,136.29,35.37,7.973,2180.3,0.827,95.6,100
2024-01-01 20:53:00,154.79,46.68,8.061,2218.7,2.108,70.0,130
2024-01-01 20:54:00,147.53,36.4,7.96,2273.7,0.806,98.7,115
2024-01-01 20:55:00,156.81,45.96,8.218,2273.4,0.64,79.1,130
2024-01-01 20:56:00,157.03,48.19,7.746,2471.7,2.152,63.4,130
2024-01-01 20:57:00,154.49,35.28,8.505,2279.6,0.884,100.0,130
2024-01-01 20:58:00,159.81,58.95,9.015,2488.1,0.563,13.6,130
2024-01-01 20:59:00,156.21,59.56,7.961,2297.1,1.277,27.0,130
2024-01-01 21:00:00,145.62,46.3,7.563,2222.4,2.113,66.3,115
2024-01-01 21:01:00,143.1,59.54,8.159,2206.5,1.26,25.4,115
2024-01-01 21:02:00,134.76,46.52,8.326,2049.4,1.517,72.3,100
2024-01-01 21:03:00,135.29,34.99,8.381,2256.1,1.232,98.6,100
2024-01-01 21:04:00,143.03,46.75,8.841,2237.8,2.234,79.4,115
2024-01-01 21:05:00,144.27,35.45,8.526,2280.2,2.182,96.3,115
2024-01-01 21:06:00,144.59,36.11,7.475,2359.2,1.207,98.9,115
2024-01-01 21:07:00,145.14,46.8,7.706,2219.5,1.724,63.5,115
2024-01-01 21:08:00,130.59,47.26,8.362,2142.6,0.866,70.8,100
2024-01-01 21:09:00,154.66,47.01,8.018,2321.6,1.367,74.9,130
2024-01-01 21:10:00,154.06,35.93,8.806,2207.4,1.256,98.4,130
2024-01-01 21:11:00,134.95,47.04,7.825,2003.7,2.34,77.2,100
2024-01-01 21:12:00,157.59,34.98,8.584,2189.7,1.225,95.1,130
2024-01-01 21:13:00,130.13,46.27,7.94,2169.3,0.613,62.8,90
2024-01-01 21:14:00,126.7,47.17,8.305,2043.9,0.875,63.7,90
2024-01-01 21:15:00,151.91,48.02,7.869,2372.8,1.202,67.2,130
2024-01-01 21:16:00,154.14,46.82,8.424,2289.3,1.331,78.4,130
2024-01-01 21:17:00,146.49,34.94,8.629,2103.8,1.314,95.3,115
2024-01-01 21:18:00,146.21,35.3,8.301,2299.3,1.435,97.7,115
2024-01-01 21:19:00,157.47,59.55,8.964,2238.9,0.554,30.3,130
2024-01-01 21:20:00,134.76,34.97,7.912,2196.4,2.138,99.1,100
2024-01-01 21:21:00,144.09,45.85,8.239,2303.9,1.41,69.3,115
2024-01-01 21:22:00,159.38,35.3,8.538,2306.5,0.705,95.4,130
2024-01-01 21:23:00,155.15,35.69,7.82,2347.9,0.779,98.9,130
2024-01-01 21:24:00,132.46,46.13,8.225,2036.2,2.157,66.3,100
2024-01-01 21:25:00,158.69,59.3,8.466,2544.0,2.103,31.0,130
2024-01-01 21:26:00,131.26,46.24,8.572,2185.2,0.921,72.8,100
2024-01-01 21:27:00,136.26,45.89,8.657,2292.5,0.546,69.2,115
2024-01-01 21:28:00,146.92,34.74,7.852,2304.7,0.608,96.7,115
2024-01-01 21:29:00,127.28,46.84,8.315,2058.9,0.626,63.6,90
2024-01-01 21:30:00,126.04,58.93,7.674,2076.2,1.241,26.5,90
2024-01-01 21:31:00,151.74,35.39,7.91,2396.8,1.347,97.6,130
2024-01-01 21:32:00,154.85,34.94,8.13,2280.6,1.691,97.2,130
2024-01-01 21:33:00,134.3,46.26,8.658,2181.3,1.263,66.4,100
2024-01-01 21:34:00,143.66,60.3,8.411,2267.4,0.647,29.6,115
2024-01-01 21:35:00,158.53,46.49,8.216,2251.2,0.574,62.4,130
2024-01-01 21:36:00,122.38,59.62,8.379,2105.5,1.29,35.0,90
2024-01-01 21:37:00,155.79,36.54,8.408,2174.5,0.55,98.8,130
2024-01-01 21:38:00,157.99,59.26,8.348,2383.4,0.523,35.9,130
2024-01-01 21:39:00,155.95,,7.97,2435.6,1.231,96.5,130
2024-01-01 21:40:00,148.1,46.72,7.817,2302.5,2.191,66.6,115
2024-01-01 21:41:00,136.41,46.09,8.111,2269.8,1.361,70.4,100
2024-01-01 21:42:00,156.07,35.06,7.882,2249.0,2.321,95.3,130
2024-01-01 21:43:00,155.92,35.56,8.449,2292.0,1.365,96.1,130
2024-01-01 21:44:00,156.53,48.0,8.812,2320.0,1.672,79.0,130
2024-01-01 21:45:00,134.04,60.64,8.425,2160.3,0.589,24.7,100
2024-01-01 21:46:00,151.75,60.05,7.476,2275.0,2.349,26.8,130
2024-01-01 21:47:00,127.39,36.51,7.947,1996.9,0.562,95.7,90
2024-01-01 21:48:00,157.9,34.0,8.207,2448.2,0.729,99.6,130
2024-01-01 21:49:00,125.63,35.7,7.626,2003.4,1.02,99.6,90
2024-01-01 21:50:00,153.63,35.75,8.212,2442.5,2.867,95.3,130
2024-01-01 21:51:00,131.11,35.76,8.388,2189.6,2.362,99.5,100
2024-01-01 21:52:00,155.21,58.71,8.764,2326.2,1.771,32.8,130
2024-01-01 21:53:00,151.63,34.69,8.927,2353.4,1.428,97.0,130
2024-01-01 21:54:00,121.28,46.87,7.723,2191.9,1.86,67.6,90
2024-01-01 21:55:00,124.95,47.89,8.153,1860.0,2.557,60.9,90
2024-01-01 21:56:00,143.09,48.53,8.158,2258.7,1.223,75.3,115
2024-01-01 21:57:00,135.86,59.47,7.915,2161.9,2.229,38.9,100
2024-01-01 21:58:00,144.6,58.95,8.239,2244.9,0.585,31.0,115
2024-01-01 21:59:00,123.48,36.15,8.168,2145.2,0.505,99.7,90
2024-01-01 22:00:00,150.74,62.09,8.446,2261.2,2.226,20.1,130
2024-01-01 22:01:00,142.87,36.39,8.743,2137.9,0.532,97.2,115
2024-01-01 22:02:00,142.96,46.4,8.253,2119.3,2.107,76.1,115
2024-01-01 22:03:00,151.94,49.29,8.004,2237.4,1.318,61.5,130
2024-01-01 22:04:00,124.18,47.55,7.79,2125.0,2.153,61.1,90
2024-01-01 22:05:00,152.13,46.37,9.017,2350.4,1.048,61.5,130
2024-01-01 22:06:00,154.59,37.05,8.563,2380.7,1.535,96.4,130
2024-01-01 22:07:00,145.6,46.3,8.36,2193.2,1.125,64.8,115
2024-01-01 22:08:00,132.93,46.5,8.134,2116.8,1.627,60.6,100
2024-01-01 22:09:00,156.06,47.58,8.845,2442.3,1.46,61.5,130
2024-01-01 22:10:00,151.6,35.48,8.136,2391.6,2.282,97.6,130
2024-01-01 22:11:00,122.22,35.53,7.515,2130.2,1.214,97.6,90
2024-01-01 22:12:00,154.72,35.53,8.306,2164.0,0.562,100.0,130
2024-01-01 22:13:00,136.72,47.89,7.709,2306.6,2.348,76.9,100
2024-01-01 22:14:00,137.17,58.14,8.308,2142.6,0.603,21.6,100
2024-01-01 22:15:00,149.03,47.23,8.738,2243.8,0.579,68.8,115
2024-01-01 22:16:00,124.06,35.27,7.531,2105.8,0.522,95.2,90
2024-01-01 22:17:00,134.68,59.4,7.84,2163.2,2.115,33.4,100
2024-01-01 22:18:00,142.42,46.4,8.546,2216.2,0.547,73.1,115
2024-01-01 22:19:00,141.87,33.39,8.0,2241.6,0.86,95.4,115
2024-01-01 22:20:00,135.57,46.36,8.366,2200.9,2.318,63.6,100
2024-01-01 22:21:00,143.06,36.53,8.367,2297.9,2.183,99.9,115
2024-01-01 22:22:00,128.08,60.67,8.556,2167.6,0.513,34.0,90
2024-01-01 22:23:00,151.34,59.85,7.941,2222.2,1.242,26.6,130
2024-01-01 22:24:00,156.22,34.37,7.179,2266.3,2.22,98.9,130
2024-01-01 22:25:00,152.49,47.66,8.359,2378.2,0.533,71.9,130
2024-01-01 22:26:00,152.95,36.55,7.572,2184.4,2.388,99.2,130
2024-01-01 22:27:00,156.35,47.83,8.574,2322.9,1.511,76.1,130
2024-01-01 22:28:00,123.31,46.23,8.183,2007.1,1.229,72.8,90
2024-01-01 22:29:00,133.71,34.81,8.082,2194.1,0.76,98.7,100
2024-01-01 22:30:00,132.97,36.82,8.476,2082.4,1.344,98.9,100
2024-01-01 22:31:00,149.46,34.53,7.503,2201.2,1.156,96.5,115
2024-01-01 22:32:00,133.46,47.38,8.12,2126.8,1.51,75.7,100
2024-01-01 22:33:00,145.13,34.08,8.379,2249.7,0.676,98.4,115
2024-01-01 22:34:00,124.5,46.76,8.301,2146.7,0.685,68.2,90
2024-01-01 22:35:00,155.55,60.47,8.004,2392.6,0.539,14.9,130
2024-01-01 22:36:00,123.46,35.48,8.009,2086.4,2.548,99.9,90
2024-01-01 22:37:00,134.5,60.42,8.817,2061.2,0.664,15.7,100
2024-01-01 22:38:00,155.98,34.52,8.565,2516.4,0.671,96.7,130
2024-01-01 22:39:00,142.84,46.34,7.934,2223.2,0.671,65.8,115
2024-01-01 22:40:00,147.72,47.39,8.739,2251.9,1.265,78.9,115
2024-01-01 22:41:00,157.96,47.56,8.502,2329.4,0.834,60.0,130
2024-01-01 22:42:00,146.52,35.68,8.395,2258.3,1.597,97.8,115
2024-01-01 22:43:00,155.17,36.26,8.411,2242.2,0.568,99.5,130
2024-01-01 22:44:00,147.52,34.17,7.742,2345.1,0.617,95.3,130
2024-01-01 22:45:00,126.06,35.13,8.802,2215.7,1.239,97.7,90
2024-01-01 22:46:00,144.02,36.96,8.581,2069.3,2.155,97.1,115
2024-01-01 22:47:00,124.38,36.53,8.298,2072.6,0.582,99.9,90
2024-01-01 22:48:00,130.26,47.51,8.297,2060.3,0.965,69.0,100
2024-01-01 22:49:00,156.23,46.88,8.163,2389.1,0.697,63.6,130
2024-01-01 22:50:00,141.38,47.83,7.973,2321.3,1.377,64.4,115
2024-01-01 22:51:00,135.3,35.84,8.414,2139.8,1.087,99.6,100
2024-01-01 22:52:00,127.26,34.29,7.882,2074.9,2.413,98.1,90
2024-01-01 22:53:00,153.83,60.8,8.26,2239.5,0.503,25.2,130
2024-01-01 22:54:00,128.04,34.81,8.239,1881.4,0.527,95.2,90
2024-01-01 22:55:00,123.13,36.11,8.354,2048.4,0.557,95.5,90
2024-01-01 22:56:00,136.5,45.71,8.576,2132.9,1.272,70.3,100
2024-01-01 22:57:00,121.74,48.28,8.361,2073.4,1.559,62.9,90
2024-01-01 22:58:00,157.58,35.28,8.477,2047.7,0.794,96.0,130
2024-01-01 22:59:00,127.19,59.11,7.424,1932.0,2.131,22.3,90
2024-01-01 23:00:00,136.17,34.95,8.384,2031.4,0.653,99.8,100
2024-01-01 23:01:00,154.02,46.73,8.23,2316.6,1.223,61.1,130
2024-01-01 23:02:00,121.49,35.5,8.349,2116.8,1.238,99.9,90
2024-01-01 23:03:00,144.02,36.55,7.988,2137.0,0.555,98.9,115
2024-01-01 23:04:00,147.78,35.56,8.66,2207.9,2.571,95.7,115
2024-01-01 23:05:00,145.32,45.26,8.3,2183.7,2.191,66.2,115
2024-01-01 23:06:00,151.12,34.52,7.902,2472.6,0.995,98.7,130
2024-01-01 23:07:00,142.19,37.71,7.973,2199.2,1.478,97.9,115
2024-01-01 23:08:00,138.13,47.11,8.561,2115.8,0.777,71.3,100
2024-01-01 23:09:00,156.22,36.26,8.166,2244.7,1.525,95.7,130
2024-01-01 23:10:00,151.91,59.75,8.198,2157.9,0.52,13.6,130
2024-01-01 23:11:00,150.59,34.7,8.121,2361.7,2.437,98.2,130
2024-01-01 23:12:00,143.44,46.61,8.604,2208.7,0.558,63.2,115
2024-01-01 23:13:00,130.37,60.1,8.393,2118.9,1.326,32.2,100
2024-01-01 23:14:00,134.61,59.63,7.725,2164.6,0.877,20.0,100
2024-01-01 23:15:00,131.13,37.03,7.81,1943.8,1.639,96.2,90
2024-01-01 23:16:00,141.01,46.51,8.202,2371.6,1.753,78.4,115
2024-01-01 23:17:00,154.53,34.66,7.943,2164.4,0.589,96.8,130
2024-01-01 23:18:00,128.28,60.65,7.336,2212.1,1.768,31.7,90
2024-01-01 23:19:00,136.87,47.75,7.902,2148.8,0.58,69.9,100
2024-01-01 23:20:00,144.63,47.02,8.089,2199.1,1.415,77.0,115
2024-01-01 23:21:00,134.63,35.02,8.04,2203.7,1.541,98.7,100
2024-01-01 23:22:00,122.11,45.48,8.488,2042.3,2.196,63.8,90
2024-01-01 23:23:00,134.33,36.48,7.306,2224.5,2.146,95.3,100
2024-01-01 23:24:00,155.61,36.19,7.891,2334.6,2.551,98.3,130
2024-01-01 23:25:00,137.76,35.15,8.518,2207.0,1.222,99.5,100
2024-01-01 23:26:00,153.45,47.05,7.933,2393.2,0.591,63.9,130
2024-01-01 23:27:00,154.53,59.82,7.715,2296.1,1.356,36.9,130
2024-01-01 23:28:00,142.63,36.8,7.928,2307.2,2.427,98.9,115
2024-01-01 23:29:00,155.56,59.17,8.378,2351.4,0.906,13.7,130
2024-01-01 23:30:00,156.96,35.0,8.099,2416.7,1.343,96.2,130
2024-01-01 23:31:00,156.57,46.43,7.91,2280.6,0.67,72.9,130
2024-01-01 23:32:00,132.07,35.75,8.393,2259.3,1.585,99.1,100
2024-01-01 23:33:00,135.37,35.54,8.35,2088.2,0.626,99.3,100
2024-01-01 23:34:00,123.31,35.66,7.695,1909.4,1.364,99.1,90
2024-01-01 23:35:00,157.53,46.3,8.238,2200.8,1.204,67.0,130
2024-01-01 23:36:00,144.6,36.69,7.68,2203.4,2.704,97.1,115
2024-01-01 23:37:00,121.2,46.64,8.668,2091.0,1.367,68.1,90
2024-01-01 23:38:00,154.45,47.95,8.692,2311.3,2.36,77.5,130
2024-01-01 23:39:00,136.15,38.01,8.085,2212.9,0.557,98.9,100
2024-01-01 23:40:00,135.61,34.8,8.626,2054.0,0.714,97.4,100
2024-01-01 23:41:00,153.72,35.77,7.898,2448.0,0.623,95.5,130
2024-01-01 23:42:00,123.54,35.39,8.144,2177.6,0.524,97.0,90
2024-01-01 23:43:00,132.53,48.62,7.966,2224.8,0.855,75.0,100
2024-01-01 23:44:00,154.01,46.78,8.19,2411.2,1.566,64.5,130
2024-01-01 23:45:00,152.86,35.7,8.226,2185.8,1.213,97.0,130
2024-01-01 23:46:00,157.43,47.18,8.199,2365.9,1.299,74.2,130
2024-01-01 23:47:00,152.75,59.92,8.164,2369.2,0.566,17.7,130
2024-01-01 23:48:00,145.31,47.6,8.251,2307.4,0.645,73.0,115
2024-01-01 23:49:00,145.14,47.07,8.702,2297.8,1.334,69.6,115
2024-01-01 23:50:00,157.36,47.39,7.396,2345.6,0.714,62.8,130
2024-01-01 23:51:00,127.72,47.17,8.968,2102.4,0.557,69.5,90
2024-01-01 23:52:00,156.74,59.52,8.06,2405.4,0.55,16.3,130
2024-01-01 23:53:00,155.88,59.78,8.169,2260.1,0.757,13.1,130
2024-01-01 23:54:00,152.38,35.94,8.732,2339.4,1.248,96.4,130
2024-01-01 23:55:00,142.33,47.44,8.443,2185.8,1.085,68.8,115
2024-01-01 23:56:00,142.89,48.0,8.414,2217.8,0.814,70.2,115
2024-01-01 23:57:00,156.88,36.99,8.698,2096.2,1.214,95.2,130
2024-01-01 23:58:00,155.18,46.58,8.134,2240.4,0.554,75.3,130
2024-01-01 23:59:00,137.17,35.61,8.568,2115.1,0.734,97.2,100
2024-01-02 00:00:00,127.51,35.35,7.696,2036.1,2.17,95.9,90
2024-01-02 00:01:00,153.19,59.11,8.367,2283.3,1.3,38.0,130
2024-01-02 00:02:00,155.08,47.45,8.425,2215.2,1.114,71.1,130
2024-01-02 00:03:00,144.97,36.12,8.658,2203.4,2.118,96.4,115
2024-01-02 00:04:00,134.18,34.64,8.483,2236.8,0.895,95.5,100
2024-01-02 00:05:00,153.66,46.7,8.282,2286.1,0.51,63.2,130
2024-01-02 00:06:00,127.96,35.12,8.073,2173.9,2.182,98.2,90
2024-01-02 00:07:00,145.13,58.79,8.069,2328.6,2.262,29.6,115
2024-01-02 00:08:00,145.03,35.47,8.072,2183.0,0.588,97.8,115
2024-01-02 00:09:00,142.99,46.08,7.681,2275.6,1.83,69.8,115
2024-01-02 00:10:00,126.69,35.63,8.897,1965.0,1.34,95.2,90
2024-01-02 00:11:00,132.49,35.72,8.599,2065.7,0.765,98.3,100
2024-01-02 00:12:00,156.14,35.81,8.302,2318.9,0.742,96.6,130
2024-01-02 00:13:00,156.21,47.35,8.526,2350.7,0.86,76.9,130
2024-01-02 00:14:00,143.97,48.22,8.501,2359.1,2.499,77.1,115
2024-01-02 00:15:00,155.79,59.35,7.803,2297.0,0.626,22.9,130
2024-01-02 00:16:00,135.46,46.39,8.455,2164.0,1.598,64.6,100
2024-01-02 00:17:00,134.9,47.52,8.708,2157.8,0.712,62.0,100
2024-01-02 00:18:00,135.03,35.39,7.929,2293.5,0.732,96.3,100
2024-01-02 00:19:00,125.15,47.9,7.587,2177.4,1.238,75.0,90
2024-01-02 00:20:00,155.32,60.45,7.735,2340.8,1.256,29.6,130
2024-01-02 00:21:00,125.15,37.03,8.161,2133.5,0.733,96.3,90
2024-01-02 00:22:00,132.24,35.43,7.712,2178.0,0.562,98.2,100
2024-01-02 00:23:00,154.62,34.31,8.131,2396.0,1.335,99.9,130
2024-01-02 00:24:00,135.66,35.77,7.938,2218.9,0.635,96.2,100
2024-01-02 00:25:00,155.24,59.94,8.2,2285.8,0.553,35.0,130
2024-01-02 00:26:00,137.38,47.43,7.996,2158.0,1.367,70.6,100
2024-01-02 00:27:00,146.55,36.03,8.186,2242.9,1.366,99.8,115
2024-01-02 00:28:00,152.82,35.07,8.441,2322.1,0.528,95.4,130
2024-01-02 00:29:00,,59.19,7.817,2109.4,1.296,34.8,100
2024-01-02 00:30:00,144.22,35.38,8.313,2257.0,2.191,99.7,115
2024-01-02 00:31:00,154.99,45.1,7.859,2269.3,0.665,77.0,130
2024-01-02 00:32:00,154.99,47.06,8.198,2263.2,1.477,75.5,130
2024-01-02 00:33:00,146.53,46.67,8.167,2220.5,0.504,79.6,115
2024-01-02 00:34:00,145.44,36.19,8.342,2251.6,0.528,99.8,115
2024-01-02 00:35:00,128.08,33.91,8.274,2168.1,0.572,96.3,90
2024-01-02 00:36:00,125.6,60.01,8.696,2126.8,0.833,21.0,90
2024-01-02 00:37:00,142.92,36.76,8.19,2318.8,2.231,99.0,115
2024-01-02 00:38:00,133.83,47.54,7.949,2291.8,0.643,60.7,100
2024-01-02 00:39:00,146.51,60.78,8.572,2183.2,1.305,10.4,115
2024-01-02 00:40:00,130.96,35.77,8.332,2206.9,0.607,98.0,100
2024-01-02 00:41:00,151.64,34.17,8.554,2370.1,1.259,98.1,130
2024-01-02 00:42:00,155.03,35.63,8.152,2330.5,1.658,97.3,130
2024-01-02 00:43:00,147.38,35.83,7.677,2301.4,1.459,99.9,115
2024-01-02 00:44:00,158.27,34.64,9.098,2317.0,2.178,95.9,130
2024-01-02 00:45:00,134.46,46.9,7.959,2203.7,2.244,69.7,100
2024-01-02 00:46:00,137.65,57.68,7.736,2036.7,0.734,25.8,100
2024-01-02 00:47:00,155.18,46.73,8.487,2310.2,1.3,73.0,130
2024-01-02 00:48:00,141.17,46.65,7.822,2286.7,0.649,68.7,115
2024-01-02 00:49:00,124.98,48.12,8.043,2152.3,1.231,60.4,90
2024-01-02 00:50:00,133.45,35.02,8.25,2081.1,2.12,96.8,100
2024-01-02 00:51:00,157.3,46.79,8.143,2303.5,0.537,65.5,130
2024-01-02 00:52:00,154.94,59.94,8.055,2224.9,0.782,28.4,130
2024-01-02 00:53:00,131.81,46.53,8.836,2119.0,1.242,73.2,100
2024-01-02 00:54:00,141.25,36.08,8.155,2255.3,1.717,96.9,115
2024-01-02 00:55:00,154.95,58.41,7.84,2392.8,0.592,29.3,130
2024-01-02 00:56:00,148.95,36.41,8.591,2382.3,2.137,97.5,130
2024-01-02 00:57:00,123.7,46.99,7.911,2087.8,1.549,66.8,90
2024-01-02 00:58:00,135.58,48.04,8.156,2097.9,0.622,65.5,100
2024-01-02 00:59:00,122.36,33.3,7.838,2058.9,0.598,99.4,90
2024-01-02 01:00:00,137.48,33.55,8.285,2353.0,1.28,98.1,100
2024-01-02 01:01:00,127.98,46.77,8.216,1958.1,0.58,62.2,90
2024-01-02 01:02:00,152.46,35.9,8.188,2213.4,0.718,99.6,130
2024-01-02 01:03:00,134.25,46.56,8.26,2164.0,1.356,77.6,100
2024-01-02 01:04:00,157.49,47.47,8.527,2366.5,1.326,76.3,130
2024-01-02 01:05:00,135.0,36.29,8.481,2219.1,1.318,97.9,100
2024-01-02 01:06:00,141.51,36.03,7.784,2253.1,0.531,99.9,115
2024-01-02 01:07:00,154.64,35.58,7.93,2188.4,1.552,99.5,130
2024-01-02 01:08:00,122.87,35.58,8.57,2052.4,2.623,95.1,90
2024-01-02 01:09:00,127.77,35.01,7.887,1928.7,0.824,95.1,90
2024-01-02 01:10:00,156.51,35.46,8.397,2341.6,1.32,97.4,130
2024-01-02 01:11:00,144.22,34.68,8.536,2266.5,2.816,96.6,115
2024-01-02 01:12:00,155.36,34.87,7.543,2299.9,1.393,97.7,130
2024-01-02 01:13:00,141.73,35.91,8.037,2135.4,1.498,96.7,115
2024-01-02 01:14:00,133.12,35.13,8.526,2084.5,0.77,99.4,100
2024-01-02 01:15:00,158.88,34.91,8.141,2180.1,1.446,95.8,130
2024-01-02 01:16:00,125.13,60.36,8.038,2065.9,1.405,32.5,90
2024-01-02 01:17:00,157.33,35.8,8.532,2563.5,1.248,96.7,130
2024-01-02 01:18:00,135.58,35.33,8.642,2141.8,2.17,95.7,100
2024-01-02 01:19:00,138.29,59.88,7.929,2116.4,0.936,11.2,100
2024-01-02 01:20:00,150.0,35.83,8.907,2327.4,0.54,97.4,130
2024-01-02 01:21:00,154.53,60.78,7.486,2218.0,0.533,19.7,130
2024-01-02 01:22:00,139.11,47.16,7.597,2060.7,1.267,78.8,100
2024-01-02 01:23:00,137.39,34.55,8.018,2100.5,0.59,98.8,100
2024-01-02 01:24:00,158.31,59.82,8.066,2380.8,1.361,21.5,130
2024-01-02 01:25:00,144.98,35.17,8.084,2256.7,0.686,98.4,115
2024-01-02 01:26:00,153.66,34.66,7.986,2297.3,0.813,96.5,130
2024-01-02 01:27:00,152.43,47.4,7.91,2369.9,0.515,67.6,130
2024-01-02 01:28:00,142.26,60.46,8.112,2366.7,2.147,39.2,115
2024-01-02 01:29:00,157.02,47.58,7.964,2368.9,1.341,76.1,130
2024-01-02 01:30:00,136.28,34.71,8.473,2068.6,2.158,99.5,100
2024-01-02 01:31:00,134.83,35.63,8.212,1999.3,1.613,96.6,100
2024-01-02 01:32:00,126.27,35.49,8.112,1930.5,0.704,99.5,90
2024-01-02 01:33:00,135.36,47.25,8.171,2219.5,0.635,75.4,100
2024-01-02 01:34:00,127.41,35.6,8.646,2009.4,2.1,96.4,90
2024-01-02 01:35:00,147.38,46.99,8.007,2295.5,1.591,63.5,115
2024-01-02 01:36:00,142.34,35.39,7.691,2193.6,0.624,95.4,115
2024-01-02 01:37:00,125.68,60.89,7.809,2101.0,1.352,22.1,90
2024-01-02 01:38:00,140.83,34.81,8.107,2286.1,0.74,98.4,115
2024-01-02 01:39:00,155.33,46.86,8.393,2247.4,1.054,68.1,130
2024-01-02 01:40:00,136.51,36.37,8.552,2215.8,0.534,99.9,100
2024-01-02 01:41:00,121.72,46.35,8.859,2017.2,2.115,60.9,90
2024-01-02 01:42:00,133.96,34.89,8.496,2093.8,0.526,98.3,100
2024-01-02 01:43:00,145.02,36.09,7.847,2295.7,0.77,95.8,115
2024-01-02 01:44:00,135.58,58.86,8.119,2200.6,0.528,33.7,100
2024-01-02 01:45:00,124.3,36.03,7.335,2106.8,0.639,97.8,90
2024-01-02 01:46:00,152.07,35.11,8.075,2221.8,1.445,96.2,130
2024-01-02 01:47:00,134.86,60.33,7.958,2119.3,0.749,14.3,100
2024-01-02 01:48:00,150.87,46.02,7.275,2365.1,0.604,70.6,130
2024-01-02 01:49:00,144.42,36.45,9.043,2412.7,2.34,95.4,115
2024-01-02 01:50:00,143.9,59.03,8.049,2374.9,1.099,25.9,115
2024-01-02 01:51:00,154.66,36.08,7.357,2272.6,0.506,95.1,130
2024-01-02 01:52:00,153.6,46.06,8.09,2257.3,0.723,68.3,130
2024-01-02 01:53:00,141.23,36.95,8.86,2368.4,1.348,95.4,115
2024-01-02 01:54:00,154.08,59.94,8.963,2358.1,2.148,33.8,130
2024-01-02 01:55:00,157.33,37.06,8.223,2272.6,0.574,96.7,130
2024-01-02 01:56:00,138.15,34.84,8.239,2160.1,2.463,98.6,100
2024-01-02 01:57:00,161.1,35.15,8.69,2210.1,1.377,98.5,130
2024-01-02 01:58:00,149.23,36.47,8.14,2310.7,1.203,96.2,115
2024-01-02 01:59:00,122.01,58.86,8.384,2182.0,1.173,24.5,90
2024-01-02 02:00:00,153.98,34.94,8.536,2433.2,0.719,99.1,130
2024-01-02 02:01:00,154.94,60.4,7.77,2400.1,1.317,31.0,130
2024-01-02 02:02:00,144.79,59.18,8.815,2204.4,2.349,11.8,115
2024-01-02 02:03:00,135.17,47.42,7.848,2221.5,1.246,69.5,100
2024-01-02 02:04:00,131.02,47.14,7.946,2186.9,0.56,63.1,90
2024-01-02 02:05:00,122.29,34.29,8.24,2145.6,0.533,97.2,90
2024-01-02 02:06:00,133.22,36.27,8.576,2218.3,1.301,99.0,100
2024-01-02 02:07:00,159.11,45.99,8.471,2325.3,1.67,73.3,130
2024-01-02 02:08:00,153.46,47.62,8.18,2237.5,0.598,77.3,130
2024-01-02 02:09:00,155.98,35.6,8.314,2458.4,0.568,96.4,130
2024-01-02 02:10:00,157.59,46.64,8.629,2307.1,0.743,70.5,130
2024-01-02 02:11:00,136.22,46.12,8.203,2247.1,1.607,68.7,100
2024-01-02 02:12:00,135.48,60.26,7.875,2348.2,1.256,31.0,100
2024-01-02 02:13:00,157.35,34.8,7.959,2382.7,2.43,98.0,130
2024-01-02 02:14:00,132.77,36.47,8.564,2244.0,1.273,98.7,100
2024-01-02 02:15:00,153.76,48.0,7.876,2235.2,0.557,63.0,130
2024-01-02 02:16:00,146.34,61.31,7.573,2171.8,1.328,30.6,115
2024-01-02 02:17:00,129.83,35.72,8.078,2251.2,2.114,99.9,100
2024-01-02 02:18:00,148.54,35.18,8.17,2186.0,2.496,97.1,115
2024-01-02 02:19:00,145.76,46.76,8.544,2122.7,2.515,77.0,115
2024-01-02 02:20:00,155.38,35.2,7.617,2177.1,0.726,97.0,130
2024-01-02 02:21:00,140.92,60.2,8.339,2212.7,1.272,20.1,115
2024-01-02 02:22:00,131.78,47.35,8.661,2131.7,2.136,77.2,100
2024-01-02 02:23:00,124.0,36.49,7.873,2149.8,1.44,99.3,90
2024-01-02 02:24:00,147.02,47.02,8.233,2150.9,0.522,72.0,115
2024-01-02 02:25:00,139.81,34.38,7.34,2340.2,2.206,98.7,115
2024-01-02 02:26:00,136.97,46.67,8.549,2053.0,0.519,65.5,100
2024-01-02 02:27:00,124.1,48.24,8.518,1975.1,0.611,62.0,90
2024-01-02 02:28:00,154.44,34.25,8.192,2321.1,0.529,97.2,130
2024-01-02 02:29:00,145.63,47.59,7.669,2234.3,1.207,60.7,115
2024-01-02 02:30:00,135.67,35.19,8.467,2196.4,0.619,98.3,100
2024-01-02 02:31:00,143.22,46.29,8.102,2135.9,0.668,69.5,115
2024-01-02 02:32:00,156.56,47.32,7.088,2338.2,1.316,67.2,130
2024-01-02 02:33:00,139.2,61.25,8.511,2095.7,1.239,15.2,115
2024-01-02 02:34:00,153.87,35.77,8.665,2134.4,1.216,97.1,130
2024-01-02 02:35:00,145.38,46.79,8.736,2376.2,0.527,61.5,115
2024-01-02 02:36:00,144.14,34.46,7.689,2313.7,1.46,99.0,115
2024-01-02 02:37:00,120.43,46.92,7.433,2069.7,0.503,76.4,90
2024-01-02 02:38:00,146.9,34.43,8.036,2068.2,0.898,95.9,115
2024-01-02 02:39:00,151.88,46.75,8.407,2273.4,0.867,71.5,130
2024-01-02 02:40:00,154.83,35.45,7.823,2345.9,2.525,98.1,130
2024-01-02 02:41:00,125.38,33.61,7.564,2033.2,0.922,96.3,90
2024-01-02 02:42:00,155.05,36.61,8.49,2434.9,0.72,97.8,130
2024-01-02 02:43:00,147.92,34.51,8.062,2280.3,0.876,96.9,115
2024-01-02 02:44:00,154.87,35.35,8.449,2236.1,0.762,97.0,130
2024-01-02 02:45:00,136.07,35.93,8.206,2022.3,2.171,96.0,100
2024-01-02 02:46:00,144.86,61.05,8.134,2300.0,2.381,34.6,115
2024-01-02 02:47:00,156.53,59.37,8.174,2377.3,0.691,15.8,130
2024-01-02 02:48:00,158.48,33.49,8.057,2370.5,0.506,96.2,130
2024-01-02 02:49:00,125.34,36.36,8.017,2204.8,0.809,95.4,90
2024-01-02 02:50:00,146.95,34.5,7.759,2266.6,1.609,97.2,115
2024-01-02 02:51:00,138.64,47.29,8.393,2157.5,0.646,78.1,100
2024-01-02 02:52:00,128.39,60.34,8.699,2131.2,0.634,15.9,90
2024-01-02 02:53:00,124.04,57.4,8.0,2168.8,1.311,18.5,90
2024-01-02 02:54:00,157.59,34.21,8.946,2365.0,0.754,97.3,130
2024-01-02 02:55:00,125.62,46.63,8.351,2072.5,0.549,80.0,90
2024-01-02 02:56:00,157.79,44.93,8.303,2387.5,0.797,66.3,130
2024-01-02 02:57:00,156.42,45.93,8.462,2317.7,0.569,61.1,130
2024-01-02 02:58:00,125.69,60.1,8.59,2031.0,1.261,13.3,90
2024-01-02 02:59:00,156.08,35.43,8.018,2319.7,2.431,96.3,130
2024-01-02 03:00:00,155.64,47.24,8.422,2284.5,0.538,65.8,130
2024-01-02 03:01:00,155.74,35.86,8.619,2303.1,0.897,98.5,130
2024-01-02 03:02:00,144.6,45.65,8.048,2162.3,2.862,68.5,115
2024-01-02 03:03:00,144.37,45.97,8.202,2309.9,2.177,67.4,115
2024-01-02 03:04:00,139.41,60.61,7.893,2167.1,1.026,20.4,100
2024-01-02 03:05:00,126.19,61.22,8.003,2126.8,1.367,35.0,90
2024-01-02 03:06:00,133.57,46.23,8.06,2188.6,0.56,61.7,100
2024-01-02 03:07:00,154.31,47.21,7.838,2237.8,1.321,65.5,130
2024-01-02 03:08:00,127.64,36.15,8.175,2175.9,2.422,95.3,90
2024-01-02 03:09:00,153.16,47.19,8.332,2292.0,1.42,66.6,130
2024-01-02 03:10:00,151.29,35.3,8.371,2281.1,0.637,96.2,130
2024-01-02 03:11:00,151.48,34.99,7.877,2327.2,0.559,97.6,130
2024-01-02 03:12:00,140.68,37.09,7.957,2248.7,1.459,95.4,115
2024-01-02 03:13:00,151.75,60.08,8.54,2518.1,1.275,31.1,130
2024-01-02 03:14:00,152.05,47.31,7.957,2357.7,1.28,70.5,130
2024-01-02 03:15:00,158.46,60.26,8.53,2271.2,0.775,10.1,130
2024-01-02 03:16:00,154.88,46.35,7.907,2461.8,1.363,61.4,130
2024-01-02 03:17:00,144.09,35.54,8.351,2099.6,1.241,97.9,115
2024-01-02 03:18:00,131.39,59.74,8.501,2111.4,0.732,11.6,100
2024-01-02 03:19:00,134.64,46.73,7.14,2105.5,0.56,63.7,100
2024-01-02 03:20:00,150.66,35.75,8.547,2309.7,0.786,98.4,130
2024-01-02 03:21:00,154.08,34.77,8.722,2337.7,1.33,96.8,130
2024-01-02 03:22:00,130.16,46.04,8.076,2104.9,1.381,72.8,90
2024-01-02 03:23:00,156.66,60.4,8.338,2343.4,2.284,20.8,130
2024-01-02 03:24:00,124.48,46.57,7.864,2120.4,0.532,70.0,90
2024-01-02 03:25:00,156.75,46.72,8.345,2305.2,2.31,79.3,130
2024-01-02 03:26:00,123.7,58.46,9.184,2173.2,1.604,11.0,90
2024-01-02 03:27:00,153.0,47.77,7.321,2181.0,0.944,74.6,130
2024-01-02 03:28:00,149.26,60.42,8.0,2025.8,0.733,38.8,115
2024-01-02 03:29:00,132.14,60.57,8.519,2209.3,1.195,34.9,100
2024-01-02 03:30:00,144.11,47.31,8.705,2203.5,2.282,61.3,115
2024-01-02 03:31:00,155.77,58.79,7.647,2447.4,0.559,20.6,130
2024-01-02 03:32:00,142.66,47.18,7.945,2313.4,0.716,68.9,115
2024-01-02 03:33:00,136.63,35.01,7.968,2197.1,0.98,99.5,100
2024-01-02 03:34:00,154.23,34.73,7.939,2271.1,2.189,97.3,130
2024-01-02 03:35:00,156.66,47.4,8.154,2364.1,0.562,69.9,130
2024-01-02 03:36:00,146.46,61.33,7.629,2198.3,1.179,37.1,115
2024-01-02 03:37:00,154.39,61.19,8.098,2314.8,0.791,14.1,130
2024-01-02 03:38:00,139.28,36.0,7.826,2123.9,0.51,95.8,100
2024-01-02 03:39:00,153.34,35.48,8.172,2330.7,0.665,96.5,130
2024-01-02 03:40:00,148.37,,7.918,2209.9,1.253,29.0,115
2024-01-02 03:41:00,157.94,34.78,8.132,2390.1,2.168,98.4,130
2024-01-02 03:42:00,149.43,59.78,7.785,2266.2,2.118,38.8,115
2024-01-02 03:43:00,155.44,47.73,8.581,2269.3,1.253,72.2,130
2024-01-02 03:44:00,153.03,36.96,8.07,2274.2,0.641,98.3,130
2024-01-02 03:45:00,160.19,34.85,8.206,2208.4,1.216,98.7,130
2024-01-02 03:46:00,124.16,33.9,8.142,1913.8,0.941,99.4,90
2024-01-02 03:47:00,152.97,35.08,8.203,2384.6,0.799,97.1,130
2024-01-02 03:48:00,134.53,47.72,8.201,2121.5,2.196,63.4,100
2024-01-02 03:49:00,152.55,37.16,8.522,2212.6,2.128,99.7,130
2024-01-02 03:50:00,156.32,61.05,8.086,2345.6,2.222,34.8,130
2024-01-02 03:51:00,143.49,36.53,7.912,2172.3,2.266,96.1,115
2024-01-02 03:52:00,144.28,46.32,8.217,2224.5,2.21,75.8,115
2024-01-02 03:53:00,127.42,34.84,7.955,1966.6,1.244,95.4,90
2024-01-02 03:54:00,126.56,45.94,8.17,2121.9,1.245,65.3,90
2024-01-02 03:55:00,135.04,34.97,7.779,2157.0,1.518,98.4,100
2024-01-02 03:56:00,145.43,47.73,8.62,2270.0,0.647,66.2,115
2024-01-02 03:57:00,145.03,36.8,7.888,2195.8,1.327,99.3,115
2024-01-02 03:58:00,153.92,60.28,8.68,2329.8,1.812,34.5,130
2024-01-02 03:59:00,124.99,59.8,8.176,1953.6,0.546,16.4,90
2024-01-02 04:00:00,146.23,46.15,8.542,2412.0,1.976,61.1,115
2024-01-02 04:01:00,144.68,59.91,7.893,2263.2,1.362,24.9,115
2024-01-02 04:02:00,156.05,35.66,7.413,2446.6,0.821,95.9,130
2024-01-02 04:03:00,152.91,45.83,7.54,2288.7,2.199,67.7,130
2024-01-02 04:04:00,123.49,36.24,9.201,1986.0,1.251,98.0,90
2024-01-02 04:05:00,153.16,46.66,7.961,2270.7,1.222,75.1,130
2024-01-02 04:06:00,143.59,47.69,8.638,2226.5,2.111,61.1,115
2024-01-02 04:07:00,158.22,35.49,7.681,2300.7,2.444,96.5,130
2024-01-02 04:08:00,136.82,35.74,8.272,2298.9,1.782,98.6,100
2024-01-02 04:09:00,152.31,46.44,8.339,2241.5,2.396,71.1,130
2024-01-02 04:10:00,136.09,46.72,9.335,2101.6,0.785,72.2,100
2024-01-02 04:11:00,154.02,36.01,8.073,2367.0,0.607,99.3,130
2024-01-02 04:12:00,123.29,46.89,7.915,1943.1,0.705,77.0,90
2024-01-02 04:13:00,131.29,34.62,8.34,2146.8,1.422,96.2,100
2024-01-02 04:14:00,157.43,35.59,7.83,2321.3,1.259,95.3,130
2024-01-02 04:15:00,141.59,35.81,8.364,2264.7,1.468,96.3,115
2024-01-02 04:16:00,154.87,48.1,8.179,2337.9,1.232,76.5,130
2024-01-02 04:17:00,152.63,36.42,7.898,2469.0,0.569,96.0,130
2024-01-02 04:18:00,126.94,59.95,8.398,1999.2,0.678,16.3,90
2024-01-02 04:19:00,144.16,59.56,8.243,2178.5,1.355,12.5,115
2024-01-02 04:20:00,154.66,46.82,8.504,2358.8,0.744,74.1,130
2024-01-02 04:21:00,154.75,46.58,8.861,2328.1,1.375,66.0,130
2024-01-02 04:22:00,155.76,35.9,7.999,2338.1,1.21,96.0,130
2024-01-02 04:23:00,125.03,36.33,8.035,1957.6,1.961,96.9,90
2024-01-02 04:24:00,154.89,36.49,7.662,2484.5,0.788,97.8,130
2024-01-02 04:25:00,123.7,46.67,8.408,2106.1,1.625,62.6,90
2024-01-02 04:26:00,121.06,46.59,7.942,1943.4,2.426,63.3,90
2024-01-02 04:27:00,152.2,46.66,8.338,2358.9,2.148,60.4,130
2024-01-02 04:28:00,156.8,33.95,8.666,2221.7,2.64,96.3,130
2024-01-02 04:29:00,124.24,59.04,7.926,2144.3,2.028,20.9,90
2024-01-02 04:30:00,153.34,35.47,8.01,2204.8,0.516,96.6,130
2024-01-02 04:31:00,151.49,35.8,8.606,2390.5,1.234,97.8,130
2024-01-02 04:32:00,150.7,47.39,8.483,2212.3,3.027,61.7,130
2024-01-02 04:33:00,143.24,34.88,8.441,2152.1,0.569,99.7,115
2024-01-02 04:34:00,137.22,46.61,8.043,2161.0,0.843,70.0,100
2024-01-02 04:35:00,153.61,35.28,7.626,2261.1,0.515,99.1,130
2024-01-02 04:36:00,156.0,35.2,7.915,2265.6,1.464,96.8,130
2024-01-02 04:37:00,123.49,47.55,7.796,1947.6,0.742,69.7,90
2024-01-02 04:38:00,136.6,45.95,8.433,2123.6,1.055,73.6,100
2024-01-02 04:39:00,144.12,34.58,8.314,2300.7,2.361,95.1,115
2024-01-02 04:40:00,131.92,35.26,7.961,2300.3,1.208,99.4,100
2024-01-02 04:41:00,144.33,45.91,8.029,2296.2,0.62,78.3,115
2024-01-02 04:42:00,139.59,33.98,8.39,2204.8,0.586,95.6,100
2024-01-02 04:43:00,159.47,34.31,8.072,2174.9,0.669,95.1,130
2024-01-02 04:44:00,156.22,35.31,7.968,2307.7,0.612,95.3,130
2024-01-02 04:45:00,134.66,60.5,8.991,2097.9,0.566,18.5,100
2024-01-02 04:46:00,145.76,36.02,7.98,2109.1,1.416,98.4,115
2024-01-02 04:47:00,125.79,36.77,8.467,1968.2,1.275,99.3,90
2024-01-02 04:48:00,154.9,60.08,8.357,2363.4,1.58,22.7,130
2024-01-02 04:49:00,126.1,47.19,7.591,2025.4,0.578,73.2,90
2024-01-02 04:50:00,125.52,35.3,7.928,1952.0,1.345,98.9,90
2024-01-02 04:51:00,154.21,46.84,8.528,2259.1,2.45,79.0,130
2024-01-02 04:52:00,132.01,37.16,8.147,2173.2,0.846,99.5,100
2024-01-02 04:53:00,143.85,47.21,7.614,2176.1,0.676,77.8,115
2024-01-02 04:54:00,127.0,47.28,8.358,1973.2,1.296,65.2,90
2024-01-02 04:55:00,144.92,34.58,7.967,2156.4,1.363,98.5,115
2024-01-02 04:56:00,135.75,47.33,8.374,2220.8,0.879,61.0,100
2024-01-02 04:57:00,144.29,47.53,9.275,2063.8,1.249,64.9,115
2024-01-02 04:58:00,152.35,47.89,8.353,2288.6,1.226,64.0,130
2024-01-02 04:59:00,154.4,36.0,8.445,2300.8,2.274,98.5,130
2024-01-02 05:00:00,142.44,59.9,8.098,2169.5,0.671,16.9,115
2024-01-02 05:01:00,132.28,46.86,7.752,2073.3,1.269,67.4,100
2024-01-02 05:02:00,148.01,35.44,8.61,2308.7,0.614,97.4,115
2024-01-02 05:03:00,133.95,47.09,7.958,2228.4,1.219,79.7,100
2024-01-02 05:04:00,153.15,36.51,8.108,2318.4,1.228,96.4,130
2024-01-02 05:05:00,149.04,47.86,8.917,2186.5,0.852,67.2,115
2024-01-02 05:06:00,157.04,36.1,8.065,2319.0,2.225,96.8,130
2024-01-02 05:07:00,134.07,61.62,8.686,2182.4,0.521,34.4,100
2024-01-02 05:08:00,126.07,33.38,8.355,2061.1,1.853,98.1,90
2024-01-02 05:09:00,144.41,46.63,7.979,2264.5,0.547,69.7,115
2024-01-02 05:10:00,153.27,46.99,8.337,2281.7,1.276,70.0,130
2024-01-02 05:11:00,156.19,59.46,7.913,2057.9,1.219,38.7,130
2024-01-02 05:12:00,134.19,59.26,8.562,2134.5,2.14,11.4,100
2024-01-02 05:13:00,145.19,45.63,8.699,2284.8,2.793,68.7,115
2024-01-02 05:14:00,137.55,46.75,8.22,2152.5,2.356,79.6,100
2024-01-02 05:15:00,157.28,36.22,8.737,2337.5,0.611,96.6,130
2024-01-02 05:16:00,133.62,47.62,8.264,2128.3,1.381,67.6,100
2024-01-02 05:17:00,136.22,46.4,8.566,2134.6,0.642,109.8,100
2024-01-02 05:18:00,152.18,35.68,9.38,2323.7,2.427,99.2,130
2024-01-02 05:19:00,146.13,36.59,9.19,2385.5,1.213,95.7,115
2024-01-02 05:20:00,155.37,58.78,8.127,2377.4,1.536,28.9,130
2024-01-02 05:21:00,145.95,59.87,8.317,2286.8,1.905,18.9,115
2024-01-02 05:22:00,124.26,60.23,7.778,2086.4,0.612,28.8,90
2024-01-02 05:23:00,150.21,35.51,8.519,2123.5,1.242,98.3,115
2024-01-02 05:24:00,132.75,36.18,8.356,2248.1,0.523,95.7,100
2024-01-02 05:25:00,147.43,45.8,7.89,2302.6,2.185,75.3,115
2024-01-02 05:26:00,152.42,34.7,8.675,2339.3,2.128,95.2,130
2024-01-02 05:27:00,146.26,36.05,8.094,2226.5,1.252,98.9,115
2024-01-02 05:28:00,146.44,34.14,7.992,2273.7,2.313,97.1,115
2024-01-02 05:29:00,155.14,36.15,8.36,2291.5,0.607,95.2,130
2024-01-02 05:30:00,153.76,47.36,8.014,2368.2,2.563,79.1,130
2024-01-02 05:31:00,145.35,60.59,8.187,2163.0,0.625,19.6,115
2024-01-02 05:32:00,155.67,46.62,8.899,2157.2,1.233,66.4,130
2024-01-02 05:33:00,159.47,60.41,7.954,2213.9,1.23,18.1,130
2024-01-02 05:34:00,142.82,46.06,8.47,2241.3,0.736,70.5,115
2024-01-02 05:35:00,153.61,35.17,7.967,2285.9,0.701,97.9,130
2024-01-02 05:36:00,125.71,,7.811,2058.2,0.746,17.3,90
2024-01-02 05:37:00,154.36,59.28,8.167,2206.3,2.183,33.4,130
2024-01-02 05:38:00,134.75,47.17,9.274,2174.2,0.993,61.1,100
2024-01-02 05:39:00,147.68,34.58,8.513,2147.1,1.224,95.9,115
2024-01-02 05:40:00,127.95,47.21,8.385,2189.7,1.207,68.0,100
2024-01-02 05:41:00,153.51,48.39,7.99,2196.8,0.771,64.6,130
2024-01-02 05:42:00,120.64,58.99,8.046,2002.9,0.726,17.1,90
2024-01-02 05:43:00,142.01,59.98,7.607,2152.1,1.336,16.6,115
2024-01-02 05:44:00,141.01,34.21,8.918,2195.9,0.509,98.3,100
2024-01-02 05:45:00,156.5,34.83,8.308,2273.0,1.224,95.9,130
2024-01-02 05:46:00,157.38,60.56,8.273,2344.0,0.543,39.7,130
2024-01-02 05:47:00,134.8,35.16,8.282,2241.2,0.704,96.6,100
2024-01-02 05:48:00,156.9,36.09,9.036,2452.4,1.418,95.6,130
2024-01-02 05:49:00,140.58,35.78,8.32,2248.5,0.726,95.6,115
2024-01-02 05:50:00,157.6,46.95,8.123,2221.8,2.425,62.1,130
2024-01-02 05:51:00,142.95,46.18,8.92,2330.1,2.105,66.7,115
2024-01-02 05:52:00,123.67,47.55,8.148,2190.9,0.706,73.9,90
2024-01-02 05:53:00,146.26,35.74,7.523,2225.2,0.558,96.0,115
2024-01-02 05:54:00,135.79,58.78,7.589,,0.669,35.0,100
2024-01-02 05:55:00,145.21,59.23,8.123,2256.7,0.768,27.5,115
2024-01-02 05:56:00,141.59,44.78,8.317,2097.3,1.455,71.0,115
2024-01-02 05:57:00,125.25,34.41,8.529,2019.5,2.168,98.8,90
2024-01-02 05:58:00,127.4,46.75,7.833,2029.6,0.588,62.6,90
2024-01-02 05:59:00,133.67,34.66,8.11,2120.9,0.999,95.7,100
2024-01-02 06:00:00,158.29,34.83,7.876,2235.3,0.878,96.0,130
2024-01-02 06:01:00,142.82,61.11,8.645,2152.8,0.559,14.5,115
2024-01-02 06:02:00,155.02,36.32,8.713,2417.7,1.377,98.4,130
2024-01-02 06:03:00,148.84,46.44,8.983,2091.1,1.223,77.6,115
2024-01-02 06:04:00,143.3,36.13,8.341,2172.1,0.712,98.1,115
2024-01-02 06:05:00,137.63,60.97,8.946,2199.7,0.694,32.4,100
2024-01-02 06:06:00,129.94,35.99,7.923,2025.4,2.161,97.2,90
2024-01-02 06:07:00,863.73,35.74,8.286,2262.0,0.61,97.8,115
2024-01-02 06:08:00,153.68,36.38,7.776,2277.9,2.405,97.2,130
2024-01-02 06:09:00,123.07,36.12,8.429,2105.0,0.559,98.8,90
2024-01-02 06:10:00,158.26,46.03,8.314,2227.0,2.393,75.6,130
2024-01-02 06:11:00,148.19,35.35,7.218,2081.3,1.276,96.3,115
2024-01-02 06:12:00,158.62,35.06,8.644,2277.9,0.866,99.2,130
2024-01-02 06:13:00,154.92,36.42,8.542,2166.9,2.106,98.6,130
2024-01-02 06:14:00,127.59,59.54,7.978,2064.7,1.26,37.9,90
2024-01-02 06:15:00,154.88,34.9,8.312,2219.1,0.539,95.5,130
2024-01-02 06:16:00,142.79,36.32,7.603,2140.0,0.942,97.4,115
2024-01-02 06:17:00,157.81,35.71,7.892,2427.8,1.312,97.8,130
2024-01-02 06:18:00,129.08,48.69,8.868,2091.9,1.358,68.5,90
2024-01-02 06:19:00,122.45,34.81,7.738,1947.1,1.255,97.1,90
2024-01-02 06:20:00,152.4,46.58,8.204,2306.1,1.227,66.4,130
2024-01-02 06:21:00,155.1,36.4,7.641,2298.6,1.382,96.2,130
2024-01-02 06:22:00,147.39,58.98,8.335,2064.5,1.267,11.1,115
2024-01-02 06:23:00,152.17,36.56,8.425,2337.8,1.729,99.6,130
2024-01-02 06:24:00,135.57,34.53,8.49,2226.2,0.629,97.3,100
2024-01-02 06:25:00,153.52,60.49,8.387,2276.2,2.13,10.4,130
2024-01-02 06:26:00,156.75,34.03,8.771,2286.6,0.505,96.6,130
2024-01-02 06:27:00,133.01,47.04,7.978,2105.4,0.553,78.9,100
2024-01-02 06:28:00,156.93,34.4,7.777,2340.8,1.277,97.8,130
2024-01-02 06:29:00,124.6,37.04,7.965,2050.0,0.546,95.8,90
2024-01-02 06:30:00,152.66,46.14,7.662,2293.2,0.591,62.7,130
2024-01-02 06:31:00,155.16,34.84,8.232,2245.2,0.922,97.8,130
2024-01-02 06:32:00,120.16,35.93,8.144,2233.3,1.21,98.5,90
2024-01-02 06:33:00,143.6,46.52,8.391,2209.2,2.423,60.6,115
2024-01-02 06:34:00,135.84,47.56,7.554,2206.0,1.311,60.4,100
2024-01-02 06:35:00,150.57,34.93,8.195,2331.2,1.674,95.1,130
2024-01-02 06:36:00,138.57,34.87,8.686,2025.2,0.72,97.7,115
2024-01-02 06:37:00,129.15,35.48,8.429,2120.3,0.536,99.2,100
2024-01-02 06:38:00,158.32,34.53,7.442,2217.8,1.141,98.6,130
2024-01-02 06:39:00,134.81,47.32,8.195,2228.1,0.534,62.0,100
2024-01-02 06:40:00,143.67,36.2,7.907,2128.7,0.582,95.7,115
2024-01-02 06:41:00,157.36,60.44,8.205,2349.6,1.271,15.1,130
2024-01-02 06:42:00,143.99,47.51,8.048,2309.7,0.548,65.5,115
2024-01-02 06:43:00,145.67,58.46,8.896,2252.4,1.399,15.7,115
2024-01-02 06:44:00,155.06,46.63,8.234,2310.3,2.859,72.4,130
2024-01-02 06:45:00,143.82,46.82,8.327,2198.3,2.334,69.5,115
2024-01-02 06:46:00,155.74,48.16,8.182,2300.1,1.417,61.0,130
2024-01-02 06:47:00,146.93,35.03,8.39,2122.8,0.694,98.2,115
2024-01-02 06:48:00,134.54,45.16,8.113,2164.2,1.362,76.5,100
2024-01-02 06:49:00,143.85,46.2,8.509,2314.1,1.096,62.0,115
2024-01-02 06:50:00,124.14,46.47,8.043,2000.2,1.357,79.7,90
2024-01-02 06:51:00,149.26,45.27,8.751,2311.5,1.418,66.9,130
2024-01-02 06:52:00,145.71,47.77,8.399,2221.7,1.469,68.5,115
2024-01-02 06:53:00,131.98,58.74,8.139,2175.0,2.25,23.5,100
2024-01-02 06:54:00,146.57,35.86,8.537,2187.1,1.637,95.1,115
2024-01-02 06:55:00,144.77,34.63,8.397,2109.3,1.205,96.3,115
2024-01-02 06:56:00,155.26,36.71,8.531,2220.4,0.601,96.3,130
2024-01-02 06:57:00,156.75,46.78,8.234,2124.5,2.292,75.6,130
2024-01-02 06:58:00,152.68,46.62,8.104,2372.1,0.504,78.6,130
2024-01-02 06:59:00,125.92,35.92,8.254,2101.8,2.653,97.9,90
2024-01-02 07:00:00,155.67,46.19,8.0,2308.8,0.85,74.4,130
2024-01-02 07:01:00,124.54,47.46,8.592,2014.2,0.549,61.0,90
2024-01-02 07:02:00,132.68,59.61,8.788,2137.0,2.181,33.6,100
2024-01-02 07:03:00,156.49,46.52,8.432,2307.7,0.726,62.1,130
2024-01-02 07:04:00,146.76,46.93,8.767,2188.3,2.183,77.1,115
2024-01-02 07:05:00,135.28,46.13,8.651,2111.3,0.889,73.0,100
2024-01-02 07:06:00,122.32,35.35,8.093,2174.8,2.157,95.5,90
2024-01-02 07:07:00,153.68,47.27,8.534,2209.9,1.541,74.5,130
2024-01-02 07:08:00,154.85,33.65,7.687,2389.4,1.325,98.4,130
2024-01-02 07:09:00,156.72,36.37,8.274,2180.8,0.621,98.9,130
2024-01-02 07:10:00,151.04,36.15,7.727,2438.6,0.537,97.4,130
2024-01-02 07:11:00,143.59,34.02,8.156,,2.919,95.2,115
2024-01-02 07:12:00,123.99,33.89,7.624,2107.2,0.585,96.3,90
2024-01-02 07:13:00,154.79,60.67,8.638,2257.3,0.546,12.7,130
2024-01-02 07:14:00,131.75,47.61,8.042,2136.6,1.207,72.3,100
2024-01-02 07:15:00,144.46,60.5,8.563,2219.2,0.636,31.9,115
2024-01-02 07:16:00,154.22,34.36,8.17,,0.507,95.0,130
2024-01-02 07:17:00,152.41,36.96,7.462,2153.1,0.622,97.6,130
2024-01-02 07:18:00,134.71,46.4,8.006,2147.5,0.966,73.3,100
2024-01-02 07:19:00,123.65,35.69,7.988,2084.8,2.238,96.2,90
2024-01-02 07:20:00,136.24,60.2,8.194,2097.1,0.509,24.8,100
2024-01-02 07:21:00,152.79,36.77,8.803,2301.1,2.161,98.7,130
2024-01-02 07:22:00,155.22,47.1,8.869,2256.9,0.51,68.9,130
2024-01-02 07:23:00,152.98,60.33,8.108,2354.4,0.927,13.8,130
2024-01-02 07:24:00,143.5,46.94,7.696,2259.1,1.255,70.5,115
2024-01-02 07:25:00,135.74,46.04,7.902,2167.4,0.513,76.3,100
2024-01-02 07:26:00,155.59,45.15,8.392,2363.0,1.868,78.1,130
2024-01-02 07:27:00,133.96,47.03,8.157,2249.8,2.234,73.9,100
2024-01-02 07:28:00,144.33,34.37,7.57,2150.7,0.604,97.5,115
2024-01-02 07:29:00,131.37,47.28,7.999,2327.8,1.724,64.0,100
2024-01-02 07:30:00,128.51,47.12,8.725,2101.4,0.651,76.6,90
2024-01-02 07:31:00,156.72,35.6,8.317,2269.9,0.566,99.5,130
2024-01-02 07:32:00,126.63,34.66,8.219,2254.0,0.814,99.6,90
2024-01-02 07:33:00,151.01,47.83,8.044,2276.8,2.163,79.4,130
2024-01-02 07:34:00,153.51,47.38,8.016,2213.1,0.617,67.4,130
2024-01-02 07:35:00,124.16,59.05,8.418,2029.2,2.425,36.7,90
2024-01-02 07:36:00,120.17,48.65,8.257,2025.4,1.736,65.1,90
2024-01-02 07:37:00,147.22,35.33,8.508,2316.8,0.686,99.3,115
2024-01-02 07:38:00,148.63,45.93,8.419,2221.0,0.641,70.2,115
2024-01-02 07:39:00,140.15,46.39,8.208,2158.0,2.116,60.1,100
2024-01-02 07:40:00,,34.29,8.354,2155.1,1.392,99.9,100
2024-01-02 07:41:00,155.29,61.09,7.963,2403.3,0.579,27.8,130
2024-01-02 07:42:00,138.31,47.86,8.181,2124.2,2.245,64.6,100
2024-01-02 07:43:00,144.37,47.59,8.736,2213.6,0.773,73.4,115
2024-01-02 07:44:00,143.58,35.94,8.204,2174.9,2.304,99.3,115
2024-01-02 07:45:00,140.33,48.0,8.113,2196.3,2.12,70.2,115
2024-01-02 07:46:00,147.83,35.31,8.284,2272.0,1.301,97.6,115
2024-01-02 07:47:00,124.95,47.34,7.734,2128.3,2.145,63.2,90
2024-01-02 07:48:00,143.18,59.35,8.288,2366.0,1.233,25.7,115
2024-01-02 07:49:00,125.71,35.38,8.878,2061.7,1.25,98.6,90
2024-01-02 07:50:00,155.38,35.86,7.877,2288.9,1.707,97.0,130
2024-01-02 07:51:00,135.42,33.04,8.307,2181.8,0.749,97.3,100
2024-01-02 07:52:00,134.46,35.0,8.191,2112.5,1.677,98.3,100
2024-01-02 07:53:00,139.06,35.63,8.18,2098.7,0.641,98.4,100
2024-01-02 07:54:00,144.67,46.94,8.173,2255.9,0.5,71.1,115
2024-01-02 07:55:00,149.05,46.64,8.486,2198.7,0.507,67.1,115
2024-01-02 07:56:00,126.41,35.97,7.761,2046.8,0.531,96.3,90
2024-01-02 07:57:00,135.88,46.43,8.475,2198.5,0.803,70.3,100
2024-01-02 07:58:00,154.72,34.52,8.228,2334.8,2.145,99.6,130
2024-01-02 07:59:00,137.43,36.45,7.495,2310.0,0.521,98.2,100
2024-01-02 08:00:00,145.28,47.83,8.352,2303.7,1.595,60.1,115
2024-01-02 08:01:00,152.67,46.52,8.246,2248.6,0.552,71.9,130
2024-01-02 08:02:00,122.59,35.45,7.851,2038.0,0.64,99.7,90
2024-01-02 08:03:00,146.06,47.68,8.264,2120.2,0.583,72.2,115
2024-01-02 08:04:00,132.73,35.54,7.673,2072.2,0.954,97.0,100
2024-01-02 08:05:00,154.84,47.42,7.926,2411.0,1.444,63.1,130
2024-01-02 08:06:00,157.64,35.88,8.215,2287.8,1.321,99.6,130
2024-01-02 08:07:00,145.76,59.74,7.526,2119.1,0.898,36.3,115
2024-01-02 08:08:00,153.19,35.91,7.739,2154.2,0.759,98.2,130
2024-01-02 08:09:00,138.52,46.23,7.799,2032.3,2.431,79.7,100
2024-01-02 08:10:00,156.37,35.82,8.232,2245.8,1.259,99.2,130
2024-01-02 08:11:00,147.54,59.94,8.377,2230.3,0.545,11.0,115
2024-01-02 08:12:00,149.33,35.21,7.843,2278.3,1.245,99.8,130
2024-01-02 08:13:00,155.83,34.5,7.82,2365.9,0.663,96.0,130
2024-01-02 08:14:00,137.11,47.11,8.255,2075.1,2.252,61.1,100
2024-01-02 08:15:00,159.25,60.03,8.244,2408.1,1.607,14.7,130
2024-01-02 08:16:00,141.34,59.33,7.92,2219.1,0.534,21.7,115
2024-01-02 08:17:00,128.02,34.22,8.931,2106.7,0.611,98.8,90
2024-01-02 08:18:00,139.11,34.18,8.274,2108.4,1.35,96.4,100
2024-01-02 08:19:00,129.96,46.8,8.132,2231.4,0.625,63.7,100
2024-01-02 08:20:00,156.2,47.25,8.046,2203.8,2.114,66.1,130
2024-01-02 08:21:00,156.54,48.48,8.604,2211.3,1.232,74.4,130
2024-01-02 08:22:00,124.18,35.46,8.418,1992.4,0.533,97.7,90
2024-01-02 08:23:00,133.77,45.7,7.505,2244.1,1.381,64.2,100
2024-01-02 08:24:00,146.67,35.33,7.922,2211.0,0.612,98.4,115
2024-01-02 08:25:00,133.46,61.0,8.021,2074.1,0.539,31.7,100
2024-01-02 08:26:00,144.46,34.95,8.195,2214.3,1.467,96.6,115
2024-01-02 08:27:00,157.03,47.89,8.451,2323.8,1.525,73.0,130
2024-01-02 08:28:00,139.39,47.14,7.772,2063.8,1.247,65.4,100
2024-01-02 08:29:00,136.34,36.02,8.168,2162.8,0.757,99.1,100
2024-01-02 08:30:00,145.33,36.99,8.88,2219.1,1.213,95.3,115
2024-01-02 08:31:00,123.71,34.03,8.212,2029.5,0.888,97.4,90
2024-01-02 08:32:00,152.47,60.72,7.922,2208.7,1.858,37.1,130
2024-01-02 08:33:00,157.77,59.92,7.666,2381.1,1.234,23.9,130
2024-01-02 08:34:00,124.62,34.74,8.005,,1.509,95.6,90
2024-01-02 08:35:00,137.88,35.42,7.769,1915.2,2.12,98.2,100
2024-01-02 08:36:00,144.18,48.35,8.042,2258.5,2.75,79.5,115
2024-01-02 08:37:00,153.38,61.07,8.417,2340.5,2.22,30.1,130
2024-01-02 08:38:00,156.05,58.4,8.215,2384.6,2.253,19.8,130
2024-01-02 08:39:00,134.81,34.88,8.008,2183.1,1.489,96.7,100
2024-01-02 08:40:00,151.99,47.75,7.484,2321.1,2.157,77.0,130
2024-01-02 08:41:00,139.54,46.98,8.533,2111.1,2.202,65.4,100
2024-01-02 08:42:00,123.43,46.99,8.059,2031.3,1.215,72.8,90
2024-01-02 08:43:00,137.32,45.75,8.243,2204.1,0.691,74.5,100
2024-01-02 08:44:00,157.1,59.4,7.835,2297.5,0.821,22.9,130
2024-01-02 08:45:00,131.85,45.91,8.036,2035.0,2.482,77.8,100
2024-01-02 08:46:00,152.49,58.68,7.968,2282.5,0.654,24.5,130
2024-01-02 08:47:00,154.25,34.49,7.666,2305.7,2.39,95.3,130
2024-01-02 08:48:00,152.84,46.26,7.837,2150.7,0.532,76.0,130
2024-01-02 08:49:00,159.32,46.39,8.194,2369.7,0.772,72.0,130
2024-01-02 08:50:00,124.5,34.83,8.319,2070.1,1.201,97.6,90
2024-01-02 08:51:00,157.22,36.32,7.926,2201.0,2.143,95.9,130
2024-01-02 08:52:00,156.28,46.27,7.719,2286.2,0.701,80.0,130
2024-01-02 08:53:00,125.66,48.14,8.057,2061.8,2.177,78.7,90
2024-01-02 08:54:00,155.1,46.61,8.512,2385.7,1.306,66.9,130
2024-01-02 08:55:00,138.09,35.85,7.824,2223.4,0.85,98.7,100
2024-01-02 08:56:00,152.94,35.88,8.205,2396.2,0.669,95.5,130
2024-01-02 08:57:00,159.32,34.78,7.936,2340.1,0.602,95.6,130
2024-01-02 08:58:00,121.78,46.74,8.651,2017.7,0.625,65.4,90
2024-01-02 08:59:00,156.95,35.1,7.997,2237.4,0.877,98.5,130
2024-01-02 09:00:00,141.49,47.3,8.465,2173.9,0.633,63.0,115
2024-01-02 09:01:00,154.21,59.9,8.606,2304.7,0.916,34.4,130
2024-01-02 09:02:00,155.23,46.4,8.817,2308.0,2.157,74.7,130
2024-01-02 09:03:00,153.78,35.6,7.659,2392.3,1.353,98.9,130
2024-01-02 09:04:00,154.55,60.27,7.641,2289.7,1.292,11.0,130
2024-01-02 09:05:00,151.53,36.98,8.666,2148.1,0.679,95.3,130
2024-01-02 09:06:00,132.53,47.05,8.601,2054.6,2.271,78.6,100
2024-01-02 09:07:00,146.25,47.01,7.953,2151.9,2.269,71.7,115
2024-01-02 09:08:00,155.07,60.34,6.905,2231.9,1.35,33.9,130
2024-01-02 09:09:00,143.27,46.24,8.232,2005.5,2.221,74.6,115
2024-01-02 09:10:00,128.31,34.12,7.593,2195.6,2.582,96.1,90
2024-01-02 09:11:00,121.95,46.75,7.869,1895.4,1.262,69.5,90
2024-01-02 09:12:00,134.1,36.36,8.272,2104.1,1.314,95.8,100
2024-01-02 09:13:00,123.74,36.49,8.326,2122.7,0.547,99.0,90
2024-01-02 09:14:00,156.54,34.0,8.833,2357.2,0.581,95.8,130
2024-01-02 09:15:00,155.12,47.53,8.051,2192.4,0.557,67.9,130
2024-01-02 09:16:00,144.73,45.25,7.809,2326.5,0.722,67.9,115
2024-01-02 09:17:00,140.39,60.37,8.567,2314.9,0.746,12.4,115
2024-01-02 09:18:00,147.16,35.82,8.351,2215.5,2.165,97.5,115
2024-01-02 09:19:00,144.46,34.12,8.055,2232.2,1.322,97.1,115
2024-01-02 09:20:00,125.29,47.8,8.213,1996.9,2.167,67.9,90
2024-01-02 09:21:00,133.13,36.9,8.049,2170.2,1.553,98.4,100
2024-01-02 09:22:00,142.74,46.95,8.477,2248.1,0.569,68.8,115
2024-01-02 09:23:00,138.75,35.61,8.875,2111.1,0.607,99.3,100
2024-01-02 09:24:00,150.57,61.18,7.91,2361.6,0.719,29.6,130
2024-01-02 09:25:00,152.36,34.6,8.368,2336.5,2.263,96.9,130
2024-01-02 09:26:00,158.7,59.12,7.588,2567.1,2.241,21.8,130
2024-01-02 09:27:00,146.6,34.83,7.771,2157.9,0.816,99.2,115
2024-01-02 09:28:00,154.19,35.53,8.425,2416.6,2.346,96.4,130
2024-01-02 09:29:00,138.12,35.53,8.172,2081.8,1.691,99.4,100
2024-01-02 09:30:00,156.12,59.56,7.756,2352.2,0.552,25.2,130
2024-01-02 09:31:00,145.58,46.76,8.204,2022.0,1.203,74.8,115
2024-01-02 09:32:00,155.56,46.57,8.552,2269.0,2.973,73.9,130
2024-01-02 09:33:00,156.16,46.61,7.621,2347.8,0.567,69.3,130
2024-01-02 09:34:00,126.26,59.39,8.899,2089.2,1.209,14.4,90
2024-01-02 09:35:00,150.49,34.89,8.429,2069.6,0.557,96.2,115
2024-01-02 09:36:00,124.51,45.4,8.437,2037.0,0.721,67.8,90
2024-01-02 09:37:00,124.59,46.82,8.199,2188.1,0.677,66.5,90
2024-01-02 09:38:00,151.91,45.44,8.899,2392.3,2.146,79.1,130
2024-01-02 09:39:00,154.87,47.6,8.585,2386.8,1.241,60.8,130
2024-01-02 09:40:00,129.66,35.05,8.053,2258.2,0.618,95.0,90
2024-01-02 09:41:00,127.46,46.9,8.503,1930.4,0.503,79.1,90
2024-01-02 09:42:00,143.64,35.2,7.907,2198.4,0.5,98.1,115
2024-01-02 09:43:00,135.08,46.8,8.088,2152.5,1.392,72.7,100
2024-01-02 09:44:00,131.76,36.51,8.787,2091.5,0.579,98.3,100
2024-01-02 09:45:00,152.58,34.42,8.355,2320.0,2.105,98.3,130
2024-01-02 09:46:00,145.37,45.7,8.465,2334.1,2.223,77.9,115
2024-01-02 09:47:00,133.76,35.6,8.668,2158.8,1.748,96.3,100
2024-01-02 09:48:00,132.39,59.6,8.419,1973.7,0.559,16.2,100
2024-01-02 09:49:00,156.22,35.79,7.876,2364.2,0.558,96.4,130
2024-01-02 09:50:00,154.79,47.57,8.865,2308.8,0.626,72.7,130
2024-01-02 09:51:00,151.08,34.61,8.406,2135.7,1.232,98.1,130
2024-01-02 09:52:00,149.81,35.98,8.435,2260.8,1.403,95.8,130
2024-01-02 09:53:00,123.57,34.68,8.222,,1.566,97.8,90
2024-01-02 09:54:00,151.03,35.56,8.644,2287.0,0.543,99.5,130
2024-01-02 09:55:00,150.33,46.01,8.966,2269.7,2.315,75.1,130
2024-01-02 09:56:00,157.82,60.11,8.05,2188.0,0.938,10.9,130
2024-01-02 09:57:00,144.76,46.98,8.626,2250.1,0.967,68.4,115
2024-01-02 09:58:00,144.34,59.12,8.214,2143.4,1.361,31.9,115
2024-01-02 09:59:00,154.53,34.41,7.401,2415.9,0.533,98.6,130
2024-01-02 10:00:00,152.16,47.6,7.638,2323.5,1.415,77.2,130
2024-01-02 10:01:00,156.03,35.14,8.37,2289.1,2.365,95.2,130
2024-01-02 10:02:00,144.67,36.31,8.604,2330.3,1.481,98.9,115
2024-01-02 10:03:00,153.11,35.07,8.444,2330.8,1.045,96.0,130
2024-01-02 10:04:00,123.48,61.04,8.508,2097.7,0.691,33.4,90
2024-01-02 10:05:00,141.93,34.74,9.236,2224.8,0.626,99.2,115
2024-01-02 10:06:00,153.98,36.68,8.411,2284.9,0.64,98.8,130
2024-01-02 10:07:00,134.4,47.14,8.094,2182.3,2.178,60.7,100
2024-01-02 10:08:00,153.92,35.82,8.149,2431.9,1.212,97.4,130
2024-01-02 10:09:00,135.14,34.7,8.854,1876.4,0.753,99.0,100
2024-01-02 10:10:00,154.8,60.58,7.692,2459.5,2.104,27.8,130
2024-01-02 10:11:00,145.58,47.61,8.695,2149.4,1.213,77.1,115
2024-01-02 10:12:00,137.36,46.74,8.206,2165.4,0.581,74.0,100
2024-01-02 10:13:00,126.48,58.29,7.867,1932.6,1.035,18.5,90
2024-01-02 10:14:00,157.39,46.11,7.62,2429.3,0.632,77.6,130
2024-01-02 10:15:00,152.88,59.11,8.792,2199.4,2.148,19.3,130
2024-01-02 10:16:00,143.73,60.36,7.857,2319.8,1.655,14.4,115
2024-01-02 10:17:00,126.63,59.63,8.225,2050.7,2.27,32.7,90
2024-01-02 10:18:00,126.68,35.14,7.81,2057.0,0.592,96.9,90
2024-01-02 10:19:00,153.3,46.55,8.986,2209.3,2.352,74.3,130
2024-01-02 10:20:00,156.53,36.68,8.239,2407.5,0.616,97.4,130
2024-01-02 10:21:00,142.64,47.04,7.661,2218.2,2.362,62.0,115
2024-01-02 10:22:00,156.2,47.16,8.028,2367.4,2.149,78.2,130
2024-01-02 10:23:00,154.93,46.5,8.757,2144.7,0.533,73.7,130
2024-01-02 10:24:00,151.54,46.98,7.809,2238.7,1.324,74.3,130
2024-01-02 10:25:00,143.91,59.22,8.055,2250.1,1.277,16.7,115
2024-01-02 10:26:00,130.46,35.77,8.675,1943.8,2.286,97.5,90
2024-01-02 10:27:00,125.51,46.08,8.337,2098.9,0.811,74.3,90
2024-01-02 10:28:00,160.75,36.1,7.712,2257.1,0.964,95.5,130
2024-01-02 10:29:00,141.39,34.91,8.289,2167.8,2.386,96.2,115
2024-01-02 10:30:00,126.88,60.76,8.139,2111.0,1.284,17.4,90
2024-01-02 10:31:00,148.66,61.53,8.221,2323.7,0.76,39.3,130
2024-01-02 10:32:00,135.0,35.5,8.579,2060.1,2.251,97.3,100
2024-01-02 10:33:00,146.58,48.05,8.296,2319.9,0.973,77.2,115
2024-01-02 10:34:00,157.09,60.6,8.163,2350.4,1.445,14.5,130
2024-01-02 10:35:00,143.0,34.35,8.143,2068.8,0.533,99.3,115
2024-01-02 10:36:00,157.6,60.09,8.631,2285.7,0.516,17.5,130
2024-01-02 10:37:00,133.67,35.9,7.912,2179.9,0.657,99.1,100
2024-01-02 10:38:00,154.59,35.98,7.333,2301.1,0.591,100.0,130
2024-01-02 10:39:00,153.92,47.14,8.11,2044.1,1.237,69.4,130
2024-01-02 10:40:00,152.16,60.13,8.351,2315.1,1.52,25.7,130
2024-01-02 10:41:00,128.92,60.0,8.033,2130.6,0.594,30.2,90
2024-01-02 10:42:00,145.12,47.11,7.99,2223.5,0.518,68.6,115
2024-01-02 10:43:00,147.72,59.02,8.054,2234.4,1.261,38.4,115
2024-01-02 10:44:00,147.61,35.31,8.19,2311.6,0.726,99.7,115
2024-01-02 10:45:00,142.58,58.84,7.681,2103.3,1.409,13.0,115
2024-01-02 10:46:00,158.04,46.6,8.465,2368.9,1.261,79.5,130
2024-01-02 10:47:00,136.26,35.03,7.135,2177.2,2.183,98.5,100
2024-01-02 10:48:00,152.4,34.98,8.416,2180.1,1.21,96.4,130
2024-01-02 10:49:00,156.12,34.66,8.325,2365.8,1.113,96.0,130
2024-01-02 10:50:00,132.44,47.22,8.399,2294.5,2.179,73.3,100
2024-01-02 10:51:00,159.02,35.25,7.429,2336.7,2.63,96.1,130
2024-01-02 10:52:00,157.03,46.66,8.317,2354.4,0.836,67.4,130
2024-01-02 10:53:00,144.82,45.87,7.983,2144.8,2.182,68.4,115
2024-01-02 10:54:00,148.16,59.76,8.841,2180.5,1.437,29.0,115
2024-01-02 10:55:00,131.05,36.42,8.345,2068.6,0.628,99.9,100
2024-01-02 10:56:00,143.13,47.93,7.729,2261.7,1.251,70.2,115
2024-01-02 10:57:00,144.37,47.3,7.524,2188.6,1.403,79.7,115
2024-01-02 10:58:00,140.59,46.76,7.954,2103.6,0.646,75.4,100
2024-01-02 10:59:00,152.32,47.45,8.525,2366.3,0.703,63.6,130
2024-01-02 11:00:00,150.73,34.97,8.661,2443.6,0.55,98.9,130
2024-01-02 11:01:00,141.39,35.26,8.273,2223.0,0.573,97.6,115
2024-01-02 11:02:00,157.27,34.91,8.232,2184.0,0.749,99.7,130
2024-01-02 11:03:00,123.51,60.73,8.067,2073.2,1.217,28.0,90
2024-01-02 11:04:00,134.6,47.62,8.191,2165.3,0.572,67.1,100
2024-01-02 11:05:00,156.91,46.97,8.686,2376.5,2.293,80.0,130
2024-01-02 11:06:00,154.6,61.39,8.061,2284.1,1.59,36.5,130
2024-01-02 11:07:00,155.51,47.33,8.464,2380.5,1.02,65.4,130
2024-01-02 11:08:00,156.34,35.78,7.989,2368.2,0.857,96.4,130
2024-01-02 11:09:00,153.92,60.2,8.605,2286.2,0.639,36.4,130
2024-01-02 11:10:00,144.58,45.99,8.431,2295.6,0.827,60.5,115
2024-01-02 11:11:00,125.6,46.28,8.589,2144.4,1.364,61.9,90
2024-01-02 11:12:00,137.17,59.96,8.953,2062.7,1.323,26.1,100
2024-01-02 11:13:00,153.02,46.96,7.167,2386.8,0.551,64.3,130
2024-01-02 11:14:00,147.45,35.97,8.502,2300.4,1.103,96.5,130
2024-01-02 11:15:00,146.7,34.97,8.388,2210.2,0.682,98.8,115
2024-01-02 11:16:00,137.32,35.56,8.379,2141.4,2.325,99.2,100
2024-01-02 11:17:00,135.5,47.07,8.296,2249.3,1.23,75.2,100
2024-01-02 11:18:00,125.67,60.1,8.296,2169.1,0.613,32.8,90
2024-01-02 11:19:00,143.59,47.01,8.335,2268.1,1.169,64.3,115
2024-01-02 11:20:00,136.25,45.88,8.562,2171.6,2.383,65.0,100
2024-01-02 11:21:00,157.13,33.69,8.531,2301.7,0.929,99.2,130
2024-01-02 11:22:00,145.14,59.25,8.19,2445.9,1.301,24.3,115
2024-01-02 11:23:00,161.23,46.58,8.125,2255.2,0.514,63.5,130
2024-01-02 11:24:00,141.09,59.06,8.208,2194.2,1.287,14.4,115
2024-01-02 11:25:00,145.41,46.96,8.035,2254.2,2.194,77.3,115
2024-01-02 11:26:00,152.06,36.37,8.912,2237.5,2.172,96.6,130
2024-01-02 11:27:00,157.2,47.58,7.692,2393.9,1.35,72.1,130
2024-01-02 11:28:00,151.05,47.37,8.5,2192.3,0.543,62.0,130
2024-01-02 11:29:00,151.67,47.79,8.498,2252.9,1.055,60.5,130
2024-01-02 11:30:00,153.42,46.26,7.988,2277.9,0.976,68.9,130
2024-01-02 11:31:00,155.66,35.13,8.318,2229.6,2.161,98.8,130
2024-01-02 11:32:00,153.51,35.99,8.705,2393.3,1.411,97.1,130
2024-01-02 11:33:00,153.54,35.12,8.068,2204.8,0.639,96.7,130
2024-01-02 11:34:00,124.55,35.16,8.725,1992.9,0.558,96.7,90
2024-01-02 11:35:00,154.39,48.49,8.647,2255.8,1.655,71.4,130
2024-01-02 11:36:00,158.72,35.58,7.916,2377.4,2.153,97.2,130
2024-01-02 11:37:00,146.71,48.41,7.757,2346.2,1.396,64.0,115
2024-01-02 11:38:00,124.19,45.54,8.266,2111.8,0.582,67.9,90
2024-01-02 11:39:00,140.24,35.0,7.704,2044.9,0.85,97.9,100
2024-01-02 11:40:00,156.23,60.33,7.038,2260.4,0.694,33.3,130
2024-01-02 11:41:00,142.58,35.57,8.004,2355.8,2.457,98.7,115
2024-01-02 11:42:00,135.64,45.36,9.07,2152.3,2.185,60.9,100
2024-01-02 11:43:00,136.34,35.32,8.021,2034.3,2.102,95.8,100
2024-01-02 11:44:00,133.28,37.48,8.352,2325.5,1.25,95.2,100
2024-01-02 11:45:00,122.37,35.7,8.48,2024.4,1.537,97.2,90
2024-01-02 11:46:00,125.22,35.98,8.184,2064.3,1.276,98.2,90
2024-01-02 11:47:00,144.1,34.98,8.067,2175.2,1.277,96.4,115
2024-01-02 11:48:00,148.7,60.19,8.691,2153.6,1.319,17.6,115
2024-01-02 11:49:00,146.85,46.99,8.216,2333.7,0.564,79.6,115
2024-01-02 11:50:00,133.4,60.9,8.163,2165.7,1.529,32.2,100
2024-01-02 11:51:00,156.06,36.37,8.519,2335.2,0.578,97.3,130
2024-01-02 11:52:00,128.17,47.33,7.788,1967.6,0.685,78.9,90
2024-01-02 11:53:00,151.52,35.56,7.695,2286.1,2.22,99.0,130
2024-01-02 11:54:00,142.44,58.66,7.55,2180.2,2.168,24.6,115
2024-01-02 11:55:00,124.97,58.63,8.427,2003.9,1.262,13.4,90
2024-01-02 11:56:00,155.09,35.57,8.135,2347.4,0.639,98.3,130
2024-01-02 11:57:00,144.87,60.7,8.531,2203.0,2.147,13.6,115
2024-01-02 11:58:00,154.22,61.07,8.22,2365.4,1.285,16.4,130
2024-01-02 11:59:00,154.18,59.29,7.652,2367.7,0.508,13.1,130
2024-01-02 12:00:00,155.96,34.29,8.058,2275.2,1.512,98.7,130
2024-01-02 12:01:00,157.83,36.25,8.559,2346.3,0.509,95.9,130
2024-01-02 12:02:00,153.8,46.35,8.095,2273.0,0.912,79.5,130
2024-01-02 12:03:00,131.1,45.74,8.675,2007.0,2.11,68.5,90
2024-01-02 12:04:00,129.9,46.61,8.019,1985.2,0.877,64.9,90
2024-01-02 12:05:00,158.32,35.09,8.488,2316.9,0.707,98.6,130
2024-01-02 12:06:00,136.56,36.56,7.487,2090.6,0.641,99.8,100
2024-01-02 12:07:00,160.02,47.69,8.109,2420.3,0.531,76.4,130
2024-01-02 12:08:00,154.27,59.41,8.045,2440.1,0.559,15.5,130
2024-01-02 12:09:00,152.92,61.12,7.641,2348.0,0.734,28.8,130
2024-01-02 12:10:00,123.69,35.6,8.645,2089.5,0.644,97.1,90
2024-01-02 12:11:00,122.49,36.35,7.944,2071.5,0.644,98.8,90
2024-01-02 12:12:00,155.3,48.06,7.903,2499.9,0.529,71.7,130
2024-01-02 12:13:00,155.75,59.79,8.721,2467.0,0.629,31.4,130
2024-01-02 12:14:00,155.5,60.46,8.265,2293.6,1.378,38.5,130
2024-01-02 12:15:00,144.97,35.17,8.512,2214.1,1.226,96.2,115
2024-01-02 12:16:00,145.33,47.74,7.519,2256.2,1.233,65.7,115
2024-01-02 12:17:00,159.34,35.57,7.881,2215.6,1.554,95.8,130
2024-01-02 12:18:00,136.55,36.27,9.035,2006.0,2.176,97.1,100
2024-01-02 12:19:00,157.31,48.22,8.542,2203.0,2.266,70.1,130
2024-01-02 12:20:00,125.48,47.44,7.771,2045.9,0.664,67.9,90
2024-01-02 12:21:00,130.96,59.93,8.29,2074.4,1.223,37.7,100
2024-01-02 12:22:00,140.47,35.44,7.802,2346.4,0.615,99.5,115
2024-01-02 12:23:00,140.21,33.13,8.758,2032.5,0.547,99.2,100
2024-01-02 12:24:00,133.67,34.93,7.292,2043.2,0.581,99.7,100
2024-01-02 12:25:00,153.46,47.75,8.31,2163.2,1.076,70.7,130
2024-01-02 12:26:00,155.61,60.78,8.304,2258.4,1.36,34.7,130
2024-01-02 12:27:00,126.38,34.91,7.755,2038.1,1.214,96.3,90
2024-01-02 12:28:00,156.69,35.63,8.091,2303.6,1.423,97.0,130
2024-01-02 12:29:00,159.44,46.85,8.35,2307.2,1.82,73.5,130
2024-01-02 12:30:00,148.75,36.05,7.489,2180.3,0.537,97.4,115
2024-01-02 12:31:00,132.97,37.27,7.688,2065.8,0.73,95.5,100
2024-01-02 12:32:00,137.42,36.07,8.138,2183.5,0.848,95.0,100
2024-01-02 12:33:00,124.04,34.96,7.867,1998.0,2.472,96.2,90
2024-01-02 12:34:00,144.66,35.44,8.015,2292.5,1.446,95.9,115
2024-01-02 12:35:00,152.27,36.62,8.192,2191.4,2.581,99.0,130
2024-01-02 12:36:00,140.77,58.87,7.836,2170.1,1.207,17.4,115
2024-01-02 12:37:00,134.92,46.51,8.189,2313.4,0.513,61.9,100
2024-01-02 12:38:00,152.61,36.07,8.319,2484.3,0.529,97.1,130
2024-01-02 12:39:00,157.32,48.04,8.512,2201.1,0.509,72.7,130
2024-01-02 12:40:00,154.3,47.49,7.702,2406.6,0.526,72.1,130
2024-01-02 12:41:00,145.77,46.51,7.949,2359.1,2.44,72.0,115
2024-01-02 12:42:00,128.42,47.43,8.435,2155.0,0.954,74.4,90
2024-01-02 12:43:00,131.29,35.83,7.607,2144.7,0.582,96.9,100
2024-01-02 12:44:00,123.19,35.78,8.242,1915.6,1.83,96.2,90
2024-01-02 12:45:00,155.45,46.92,8.211,2316.8,2.208,64.4,130
2024-01-02 12:46:00,125.78,60.04,7.165,2102.9,0.538,11.6,90
2024-01-02 12:47:00,137.76,46.27,8.002,2169.1,1.429,78.1,100
2024-01-02 12:48:00,157.17,37.48,8.332,2348.2,0.609,97.7,130
2024-01-02 12:49:00,125.24,35.63,8.115,2005.0,1.204,98.8,90
2024-01-02 12:50:00,155.76,47.44,8.01,2271.3,1.178,66.4,130
2024-01-02 12:51:00,125.83,35.33,8.262,1878.5,0.682,97.0,90
2024-01-02 12:52:00,121.33,36.18,8.596,2141.2,1.39,99.0,90
2024-01-02 12:53:00,134.61,,8.415,2078.2,1.311,99.1,100
2024-01-02 12:54:00,145.62,34.1,7.898,2210.1,1.559,98.9,115
2024-01-02 12:55:00,156.15,46.98,7.616,2330.3,2.19,61.8,130
2024-01-02 12:56:00,142.69,37.14,8.408,2185.2,0.509,96.9,115
2024-01-02 12:57:00,151.83,47.97,7.729,2224.2,1.25,72.9,130
2024-01-02 12:58:00,134.41,34.85,7.989,2170.5,1.287,95.5,100
2024-01-02 12:59:00,139.92,35.91,8.28,2007.3,1.145,95.8,100
2024-01-02 13:00:00,122.95,34.99,8.659,2131.3,1.639,97.7,90
2024-01-02 13:01:00,157.93,35.84,8.714,2362.8,1.204,97.7,130
2024-01-02 13:02:00,138.96,60.4,8.224,2106.0,2.072,34.0,100
2024-01-02 13:03:00,125.11,47.74,7.996,2030.5,2.159,68.6,90
2024-01-02 13:04:00,133.3,34.25,7.72,2071.0,1.499,97.8,100
2024-01-02 13:05:00,156.28,34.49,8.983,2279.4,2.125,95.3,130
2024-01-02 13:06:00,155.49,59.94,8.084,2293.9,1.25,11.6,130
2024-01-02 13:07:00,152.85,59.17,8.471,2284.5,0.641,32.9,130
2024-01-02 13:08:00,143.35,59.11,8.279,2345.9,0.743,19.7,115
2024-01-02 13:09:00,146.13,35.72,8.002,2090.1,0.585,97.1,115
2024-01-02 13:10:00,127.33,34.77,7.985,1997.4,1.613,95.0,90
2024-01-02 13:11:00,154.19,48.81,7.647,2368.5,1.763,78.9,130
2024-01-02 13:12:00,154.83,46.57,8.649,2474.4,0.526,75.5,130
2024-01-02 13:13:00,146.67,35.28,8.152,2160.9,0.754,95.1,115
2024-01-02 13:14:00,134.57,35.74,8.772,2231.0,0.528,97.9,100
2024-01-02 13:15:00,124.25,45.79,8.02,1978.0,0.583,60.1,90
2024-01-02 13:16:00,133.11,35.91,8.081,2118.9,1.542,96.0,100
2024-01-02 13:17:00,143.07,47.27,7.747,2230.8,1.282,76.1,115
2024-01-02 13:18:00,151.67,46.72,8.075,2174.8,2.576,71.4,115
2024-01-02 13:19:00,124.51,47.22,7.704,2036.5,0.606,67.5,90
2024-01-02 13:20:00,148.41,35.84,8.361,2120.9,1.274,98.2,115
2024-01-02 13:21:00,159.21,36.65,8.243,2363.9,2.104,98.4,130
2024-01-02 13:22:00,154.54,37.5,8.79,2238.2,2.217,96.6,130
2024-01-02 13:23:00,155.92,34.65,7.617,2256.9,1.47,95.1,130
2024-01-02 13:24:00,135.26,58.96,8.686,2087.4,0.683,24.3,100
2024-01-02 13:25:00,150.97,47.08,7.809,2251.7,0.545,73.6,130
2024-01-02 13:26:00,151.12,58.34,8.338,2321.6,1.339,23.8,130
2024-01-02 13:27:00,155.12,47.52,7.742,2315.0,1.216,76.8,130
2024-01-02 13:28:00,143.94,35.59,8.281,2431.5,2.347,96.8,115
2024-01-02 13:29:00,159.73,35.79,7.196,2290.4,0.646,99.8,130
2024-01-02 13:30:00,134.41,59.76,7.932,2142.0,2.126,17.4,100
2024-01-02 13:31:00,159.88,47.2,8.242,2417.0,0.791,77.5,130
2024-01-02 13:32:00,153.81,35.88,8.902,2328.0,2.427,97.6,130
2024-01-02 13:33:00,149.78,47.16,7.349,2222.1,2.365,64.4,115
2024-01-02 13:34:00,156.27,45.92,8.199,2299.3,1.28,71.3,130
2024-01-02 13:35:00,156.41,35.64,7.993,2325.5,1.457,98.6,130
2024-01-02 13:36:00,153.72,36.98,7.434,2388.0,0.672,95.9,130
2024-01-02 13:37:00,126.44,47.19,7.75,2177.6,0.657,64.7,90
2024-01-02 13:38:00,139.23,47.11,8.012,2232.5,0.709,77.7,100
2024-01-02 13:39:00,154.64,36.75,8.387,2347.4,0.699,99.3,130
2024-01-02 13:40:00,154.15,46.4,8.235,2326.9,1.521,72.6,130
2024-01-02 13:41:00,124.38,60.71,7.675,2233.1,1.354,11.9,90
2024-01-02 13:42:00,139.05,35.08,7.466,2112.0,2.359,98.5,100
2024-01-02 13:43:00,147.14,60.87,8.367,2285.9,0.617,14.2,115
2024-01-02 13:44:00,138.62,36.14,8.122,2243.9,1.324,98.3,100
2024-01-02 13:45:00,135.78,46.67,8.845,2233.5,1.206,63.9,100
2024-01-02 13:46:00,135.1,35.29,8.059,2089.0,0.535,95.1,100
2024-01-02 13:47:00,146.06,47.78,8.657,2455.2,0.552,76.5,115
2024-01-02 13:48:00,147.68,45.52,8.418,2363.6,1.428,64.2,115
2024-01-02 13:49:00,154.38,59.65,8.529,2394.8,1.488,23.4,130
2024-01-02 13:50:00,128.42,47.5,8.373,1989.5,1.231,61.8,90
2024-01-02 13:51:00,145.91,35.25,8.382,2308.4,0.638,98.4,115
2024-01-02 13:52:00,148.98,35.61,7.283,2125.1,2.148,97.6,130
2024-01-02 13:53:00,127.21,45.37,8.105,2051.4,0.571,78.6,90
2024-01-02 13:54:00,121.82,46.32,7.935,2078.5,1.386,64.0,90
2024-01-02 13:55:00,127.15,36.04,8.708,2034.1,0.683,98.5,90
2024-01-02 13:56:00,127.25,34.9,7.799,2196.7,1.611,97.1,90
2024-01-02 13:57:00,125.82,34.46,8.088,2078.3,2.136,97.6,90
2024-01-02 13:58:00,156.36,47.85,8.52,2233.1,1.338,64.1,130
2024-01-02 13:59:00,137.75,47.41,8.32,2210.3,0.683,76.7,100
2024-01-02 14:00:00,133.76,34.63,8.267,2181.9,1.033,96.6,100
2024-01-02 14:01:00,156.98,60.11,8.644,2169.7,2.245,31.6,130
2024-01-02 14:02:00,157.91,34.66,8.304,2417.0,0.583,95.4,130
2024-01-02 14:03:00,129.4,46.88,7.982,2078.1,0.569,70.4,90
2024-01-02 14:04:00,152.24,35.64,7.681,2388.8,1.249,97.1,130
2024-01-02 14:05:00,126.02,59.35,8.395,2102.8,1.156,11.7,90
2024-01-02 14:06:00,152.6,36.09,7.892,2283.1,0.685,98.8,130
2024-01-02 14:07:00,152.49,47.72,8.104,2343.9,2.172,72.4,130
2024-01-02 14:08:00,145.9,35.71,8.631,2221.9,0.773,95.7,115
2024-01-02 14:09:00,155.19,60.33,8.111,2333.3,0.568,24.2,130
2024-01-02 14:10:00,137.86,34.34,8.022,2198.1,1.34,96.8,100
2024-01-02 14:11:00,144.13,48.09,8.088,2241.8,2.105,68.2,115
2024-01-02 14:12:00,154.66,46.93,8.099,2347.2,0.875,69.3,130
2024-01-02 14:13:00,155.53,34.75,7.804,2280.2,1.827,97.6,130
2024-01-02 14:14:00,152.85,35.62,8.871,2264.3,1.602,97.2,130
2024-01-02 14:15:00,153.19,36.1,7.98,,0.538,98.9,130
2024-01-02 14:16:00,137.79,47.41,8.514,2266.0,0.849,63.7,100
2024-01-02 14:17:00,143.63,34.63,7.793,2188.6,0.585,99.9,115
2024-01-02 14:18:00,157.96,47.61,8.42,2335.2,1.751,74.5,130
2024-01-02 14:19:00,146.52,59.95,8.268,2117.3,2.171,21.0,115
2024-01-02 14:20:00,151.13,60.4,8.21,2454.4,0.519,22.9,130
2024-01-02 14:21:00,156.33,46.36,8.27,2401.7,2.483,67.5,130
2024-01-02 14:22:00,156.31,36.34,8.366,2263.3,1.225,97.3,130
2024-01-02 14:23:00,126.06,35.65,8.109,2041.8,0.656,95.2,90
2024-01-02 14:24:00,124.65,36.45,8.129,2166.7,1.294,97.6,90
2024-01-02 14:25:00,132.65,45.77,8.431,2164.1,0.783,69.6,100
2024-01-02 14:26:00,158.37,45.88,7.743,2360.6,2.376,65.4,130
2024-01-02 14:27:00,154.75,59.81,7.681,2231.1,1.499,11.7,130
2024-01-02 14:28:00,142.79,48.17,8.272,2276.2,1.213,68.3,115
2024-01-02 14:29:00,136.14,48.57,7.396,2138.1,1.591,72.4,100
2024-01-02 14:30:00,123.14,59.29,7.527,2093.9,1.326,38.8,90
2024-01-02 14:31:00,152.63,47.04,8.922,2278.2,2.149,67.9,130
2024-01-02 14:32:00,154.06,35.62,8.82,2293.1,1.271,96.1,130
2024-01-02 14:33:00,133.34,36.07,7.972,2158.3,2.566,99.2,100
2024-01-02 14:34:00,132.72,36.21,8.6,2103.2,1.201,97.2,100
2024-01-02 14:35:00,137.02,34.61,8.614,2331.5,0.824,98.5,100
2024-01-02 14:36:00,134.72,35.55,8.388,2065.6,2.615,97.8,100
2024-01-02 14:37:00,128.13,45.39,8.168,2110.0,1.258,72.6,90
2024-01-02 14:38:00,142.86,36.15,8.451,2254.2,1.545,97.2,115
2024-01-02 14:39:00,120.68,35.23,8.519,2130.9,2.135,98.4,90
2024-01-02 14:40:00,125.37,59.04,8.457,1870.0,0.503,27.3,90
2024-01-02 14:41:00,139.64,47.27,7.58,2015.0,0.686,60.0,100
2024-01-02 14:42:00,156.33,35.2,9.013,2266.1,0.708,96.8,130
2024-01-02 14:43:00,163.04,48.01,9.161,2383.6,1.233,66.1,130
2024-01-02 14:44:00,145.83,34.79,7.436,2208.9,2.244,97.6,115
2024-01-02 14:45:00,145.59,37.28,8.404,2205.6,2.197,99.3,115
2024-01-02 14:46:00,119.61,47.68,9.018,2071.3,0.516,76.2,90
2024-01-02 14:47:00,156.07,48.03,8.601,2242.7,1.342,64.0,130
2024-01-02 14:48:00,155.42,46.18,8.605,2347.6,2.276,74.1,130
2024-01-02 14:49:00,133.98,61.43,7.625,2165.4,1.249,16.6,100
2024-01-02 14:50:00,154.66,59.03,8.516,2350.2,0.769,17.8,130
2024-01-02 14:51:00,154.83,35.33,8.296,2431.3,1.215,97.6,130
2024-01-02 14:52:00,154.55,48.04,8.512,2291.6,2.26,72.0,130
2024-01-02 14:53:00,150.22,47.41,7.786,2238.8,2.172,69.4,115
2024-01-02 14:54:00,154.07,46.01,7.771,2231.2,1.315,71.0,130
2024-01-02 14:55:00,125.42,36.41,8.143,1969.8,2.548,96.4,90
2024-01-02 14:56:00,143.99,47.27,8.048,2229.4,0.722,79.3,115
2024-01-02 14:57:00,126.96,46.67,8.137,2078.2,0.532,68.2,90
2024-01-02 14:58:00,145.44,34.27,8.008,2285.2,2.535,97.0,115
2024-01-02 14:59:00,154.3,35.85,8.12,2356.0,0.593,95.7,130
2024-01-02 15:00:00,150.19,46.87,7.934,2330.3,0.583,62.6,130
2024-01-02 15:01:00,155.61,35.63,8.181,2444.8,0.639,96.2,130
2024-01-02 15:02:00,144.23,45.73,7.631,2205.0,1.246,67.8,115
2024-01-02 15:03:00,154.85,46.67,8.406,2294.8,1.691,68.3,130
2024-01-02 15:04:00,152.04,60.38,8.304,2332.7,0.626,21.5,130
2024-01-02 15:05:00,148.58,61.5,7.695,2135.3,2.2,21.2,115
2024-01-02 15:06:00,157.14,35.34,8.731,2365.0,2.137,96.9,130
2024-01-02 15:07:00,158.58,48.15,7.869,2315.7,0.825,78.0,130
2024-01-02 15:08:00,137.87,47.63,8.676,2157.2,1.111,70.0,100
2024-01-02 15:09:00,126.48,35.69,8.332,2113.4,1.607,95.4,90
2024-01-02 15:10:00,152.14,34.69,8.6,2340.1,1.235,96.1,130
2024-01-02 15:11:00,159.61,59.22,8.27,2342.9,0.779,38.8,130
2024-01-02 15:12:00,122.68,35.99,8.427,2038.8,0.546,95.1,90
2024-01-02 15:13:00,154.33,59.58,8.596,2435.6,0.508,37.9,130
2024-01-02 15:14:00,126.77,35.01,8.963,1953.0,0.633,96.6,90
2024-01-02 15:15:00,156.89,35.36,8.63,2255.2,0.722,96.2,130
2024-01-02 15:16:00,126.43,35.37,8.379,2025.8,1.227,97.8,90
2024-01-02 15:17:00,154.0,60.72,7.661,2252.3,1.386,25.6,130
2024-01-02 15:18:00,123.48,59.6,7.234,1930.3,1.571,38.2,90
2024-01-02 15:19:00,161.34,47.64,8.148,2441.5,0.547,65.5,130
2024-01-02 15:20:00,134.9,47.35,7.914,2201.4,1.312,79.8,100
2024-01-02 15:21:00,154.6,45.66,7.929,2259.5,0.638,64.6,130
2024-01-02 15:22:00,153.22,35.74,8.167,2365.8,0.856,99.9,130
2024-01-02 15:23:00,135.61,44.87,8.465,2137.2,1.495,69.4,100
2024-01-02 15:24:00,145.5,46.28,7.952,2206.7,1.493,70.4,115
2024-01-02 15:25:00,124.96,35.87,8.558,1993.2,0.727,96.2,90
2024-01-02 15:26:00,145.95,46.99,8.213,2231.4,1.392,67.0,115
2024-01-02 15:27:00,129.41,34.09,8.215,2019.4,2.242,97.6,90
2024-01-02 15:28:00,143.51,59.1,8.95,2152.2,1.292,26.1,115
2024-01-02 15:29:00,125.11,44.91,8.271,2146.4,1.344,69.8,90
2024-01-02 15:30:00,123.38,58.93,8.178,2004.2,2.484,24.1,90
2024-01-02 15:31:00,155.74,60.46,8.41,2422.4,1.369,35.5,130
2024-01-02 15:32:00,123.58,35.05,8.919,2012.8,2.048,95.9,90
2024-01-02 15:33:00,133.69,60.14,8.181,2029.8,0.531,10.6,100
2024-01-02 15:34:00,151.35,47.01,8.376,2352.0,0.616,69.2,130
2024-01-02 15:35:00,145.24,47.03,8.157,2194.3,1.245,68.1,115
2024-01-02 15:36:00,156.07,47.82,8.159,2183.5,1.291,65.2,130
2024-01-02 15:37:00,139.65,35.34,8.004,2170.4,0.812,98.4,100
2024-01-02 15:38:00,156.17,60.73,7.976,2205.5,2.448,10.3,130
2024-01-02 15:39:00,153.88,33.52,8.878,2150.9,0.506,97.2,130
2024-01-02 15:40:00,141.6,,7.978,2284.2,1.813,97.3,115
2024-01-02 15:41:00,141.95,45.97,7.584,2349.1,0.911,71.8,115
2024-01-02 15:42:00,121.76,34.64,8.25,2038.4,0.971,99.3,90
2024-01-02 15:43:00,129.7,59.44,8.607,2166.9,2.195,38.6,90
2024-01-02 15:44:00,145.72,47.87,8.697,2294.2,0.637,73.0,115
2024-01-02 15:45:00,153.54,46.29,7.722,2363.4,0.537,77.8,130
2024-01-02 15:46:00,132.6,34.98,8.645,2136.4,1.301,95.7,100
2024-01-02 15:47:00,142.86,34.73,9.024,2182.3,1.227,98.2,115
2024-01-02 15:48:00,143.48,47.2,7.926,2257.5,1.598,61.5,115
2024-01-02 15:49:00,158.29,36.09,8.13,2361.8,2.274,99.3,130
2024-01-02 15:50:00,144.93,48.36,7.707,2129.1,0.529,67.7,115
2024-01-02 15:51:00,151.38,48.92,8.941,2284.1,1.623,69.9,130
2024-01-02 15:52:00,140.78,47.52,7.603,2134.9,1.217,69.5,100
2024-01-02 15:53:00,142.15,35.79,8.04,2207.4,2.623,98.5,115
2024-01-02 15:54:00,123.52,34.53,8.514,2016.0,2.122,95.2,90
2024-01-02 15:55:00,148.28,48.53,7.926,2123.4,1.453,76.9,115
2024-01-02 15:56:00,156.04,60.17,7.804,2285.7,1.407,27.1,130
2024-01-02 15:57:00,123.83,59.77,8.179,2047.8,0.805,17.5,90
2024-01-02 15:58:00,141.92,47.31,9.156,2192.2,0.666,70.8,115
2024-01-02 15:59:00,152.58,46.49,8.098,2361.9,1.286,63.1,130
2024-01-02 16:00:00,142.73,33.63,8.117,2120.5,1.264,95.6,115
2024-01-02 16:01:00,155.02,47.46,7.754,2332.4,1.782,70.0,130
2024-01-02 16:02:00,135.48,48.07,8.354,2006.5,1.316,70.4,100
2024-01-02 16:03:00,144.63,60.45,8.553,2224.7,0.869,14.7,115
2024-01-02 16:04:00,134.9,35.49,7.957,1969.6,1.457,96.6,100
2024-01-02 16:05:00,152.37,35.51,8.414,2238.8,0.714,99.4,130
2024-01-02 16:06:00,155.73,60.14,7.961,2308.2,1.205,27.1,130
2024-01-02 16:07:00,128.2,35.61,7.443,1956.0,0.667,95.4,90
2024-01-02 16:08:00,134.59,46.95,8.383,2036.5,2.364,64.3,100
2024-01-02 16:09:00,154.54,60.02,9.03,2388.6,0.879,15.8,130
2024-01-02 16:10:00,155.21,48.24,7.722,2182.4,2.109,78.6,130
2024-01-02 16:11:00,157.8,47.38,8.272,2300.5,1.62,62.2,130
2024-01-02 16:12:00,132.76,60.08,8.724,2268.1,0.561,23.7,100
2024-01-02 16:13:00,138.63,36.03,8.159,2161.4,2.342,96.7,100
2024-01-02 16:14:00,136.05,36.03,7.629,2152.3,1.814,99.3,100
2024-01-02 16:15:00,145.07,36.26,8.218,2172.9,0.788,96.4,115
2024-01-02 16:16:00,138.03,46.39,8.796,2093.2,0.552,66.9,100
2024-01-02 16:17:00,142.04,46.62,7.997,2216.6,2.19,74.0,115
2024-01-02 16:18:00,156.31,34.85,8.293,2150.3,0.607,98.3,130
2024-01-02 16:19:00,146.08,47.61,7.779,2311.0,1.377,67.1,115
2024-01-02 16:20:00,122.66,60.57,8.16,2086.6,0.685,36.8,90
2024-01-02 16:21:00,136.15,45.98,8.355,2010.2,0.81,67.0,100
2024-01-02 16:22:00,145.71,35.81,8.25,2312.1,0.893,100.0,115
2024-01-02 16:23:00,144.55,48.1,8.027,2284.3,1.219,72.3,115
2024-01-02 16:24:00,127.16,59.81,8.377,2105.1,1.264,20.3,90
2024-01-02 16:25:00,143.57,35.75,8.468,2408.9,0.584,95.5,115
2024-01-02 16:26:00,155.68,47.58,8.494,2317.7,1.203,68.2,130
2024-01-02 16:27:00,124.67,45.94,8.083,2192.4,2.208,68.4,90
2024-01-02 16:28:00,123.46,60.12,7.952,2072.0,2.189,22.5,90
2024-01-02 16:29:00,156.26,48.02,8.985,2346.2,0.649,74.7,130
2024-01-02 16:30:00,144.48,35.03,8.255,2185.7,0.521,98.1,115
2024-01-02 16:31:00,141.32,47.67,8.097,2079.2,2.207,76.4,115
2024-01-02 16:32:00,150.5,47.02,7.609,2163.9,0.682,74.3,130
2024-01-02 16:33:00,126.97,34.96,7.827,2063.2,0.826,97.9,90
2024-01-02 16:34:00,141.95,35.42,7.943,2211.0,2.391,98.4,115
2024-01-02 16:35:00,125.7,35.08,8.376,1975.6,0.604,95.5,90
2024-01-02 16:36:00,155.14,46.29,8.058,2287.8,0.599,60.2,130
2024-01-02 16:37:00,144.08,46.8,8.206,2266.0,0.508,69.0,115
2024-01-02 16:38:00,159.89,35.55,7.627,2413.3,2.117,98.9,130
2024-01-02 16:39:00,135.45,35.37,8.762,2094.6,0.912,98.1,100
2024-01-02 16:40:00,146.89,,7.905,2261.4,2.428,28.1,115
2024-01-02 16:41:00,145.71,60.18,8.294,2369.1,1.204,30.8,115
2024-01-02 16:42:00,154.42,47.43,7.988,2370.0,1.629,74.6,130
2024-01-02 16:43:00,154.95,34.58,8.073,2248.4,0.69,97.7,130
2024-01-02 16:44:00,158.65,46.8,7.882,2318.1,0.824,67.7,130
2024-01-02 16:45:00,157.72,45.42,8.319,2324.8,1.34,61.3,130
2024-01-02 16:46:00,149.88,59.87,7.808,2281.0,0.533,10.2,115
2024-01-02 16:47:00,145.55,35.62,8.326,2233.1,2.188,96.2,115
2024-01-02 16:48:00,142.81,35.96,8.152,2268.7,0.62,97.5,115
2024-01-02 16:49:00,143.9,47.12,8.452,2311.6,1.48,65.4,115
2024-01-02 16:50:00,152.03,35.94,8.491,2225.9,0.835,95.3,130
2024-01-02 16:51:00,156.92,35.55,8.073,2204.4,1.471,96.2,130
2024-01-02 16:52:00,153.54,46.46,8.346,2358.7,0.629,63.9,130
2024-01-02 16:53:00,127.36,46.11,8.021,2137.7,0.718,67.2,100
2024-01-02 16:54:00,151.16,46.79,8.726,2299.0,2.17,72.1,115
2024-01-02 16:55:00,153.57,34.89,8.056,2397.0,2.081,98.7,130
2024-01-02 16:56:00,153.56,35.4,8.119,2162.0,1.237,98.7,130
2024-01-02 16:57:00,129.18,35.11,8.012,2003.0,1.457,98.5,90
2024-01-02 16:58:00,131.98,35.84,7.907,2140.0,1.234,97.7,100
2024-01-02 16:59:00,137.84,47.04,9.013,2068.1,0.566,72.7,100
2024-01-02 17:00:00,143.53,35.86,8.395,2192.2,0.776,99.9,115
2024-01-02 17:01:00,151.69,47.35,8.227,2207.7,2.361,66.8,130
2024-01-02 17:02:00,129.26,59.86,8.01,2034.9,0.527,20.1,90
2024-01-02 17:03:00,137.31,35.41,8.645,2072.7,1.427,96.5,100
2024-01-02 17:04:00,157.3,35.9,7.982,2337.6,0.546,97.4,130
2024-01-02 17:05:00,135.92,48.96,8.248,2222.2,1.222,79.5,100
2024-01-02 17:06:00,136.5,34.71,9.081,2182.7,0.685,96.8,100
2024-01-02 17:07:00,151.92,35.53,7.817,2517.8,1.201,97.3,130
2024-01-02 17:08:00,145.28,46.04,8.416,2305.1,1.247,67.4,115
2024-01-02 17:09:00,152.68,35.48,8.315,2382.1,0.552,98.1,130
2024-01-02 17:10:00,151.53,59.46,8.411,2303.4,0.557,23.2,130
2024-01-02 17:11:00,136.03,46.9,8.086,2125.5,2.263,77.3,100
2024-01-02 17:12:00,157.9,47.12,7.963,2411.8,0.546,79.2,130
2024-01-02 17:13:00,134.04,35.11,8.291,2129.8,2.206,98.3,100
2024-01-02 17:14:00,124.47,34.07,8.018,2072.8,2.138,96.8,90
2024-01-02 17:15:00,152.15,61.14,7.267,2296.2,2.32,35.3,130
2024-01-02 17:16:00,145.02,47.67,7.87,2273.2,2.268,71.6,115
2024-01-02 17:17:00,136.9,35.4,8.073,2221.3,0.698,98.4,100
2024-01-02 17:18:00,136.98,59.28,7.769,2235.1,2.785,20.9,100
2024-01-02 17:19:00,136.36,35.57,8.26,2125.7,2.202,99.5,100
2024-01-02 17:20:00,153.45,35.79,7.897,2324.6,2.149,96.7,130
2024-01-02 17:21:00,143.37,47.62,8.183,2256.5,1.84,73.2,115
2024-01-02 17:22:00,146.99,36.19,9.067,2347.1,2.112,98.3,115
2024-01-02 17:23:00,127.03,47.84,8.691,1927.1,1.533,75.9,90
2024-01-02 17:24:00,154.57,34.11,8.437,2310.9,1.235,99.4,130
2024-01-02 17:25:00,123.93,35.26,8.924,2018.6,0.719,99.1,90
2024-01-02 17:26:00,157.92,36.29,8.171,2267.4,0.628,98.6,130
2024-01-02 17:27:00,124.1,59.26,8.175,2002.0,2.465,21.7,90
2024-01-02 17:28:00,136.86,36.48,7.778,2193.1,1.463,99.4,100
2024-01-02 17:29:00,144.66,48.45,8.711,2033.9,0.538,71.8,115
2024-01-02 17:30:00,142.38,60.95,8.983,2218.9,2.319,39.8,115
2024-01-02 17:31:00,159.03,60.53,8.563,2164.3,0.549,26.5,130
2024-01-02 17:32:00,155.3,46.64,8.769,2254.6,0.537,76.3,130
2024-01-02 17:33:00,153.22,47.23,7.105,2292.9,0.518,73.5,130
2024-01-02 17:34:00,151.52,34.42,9.136,2277.5,0.524,99.0,130
2024-01-02 17:35:00,151.77,34.88,8.158,2364.5,0.743,96.0,130
2024-01-02 17:36:00,134.07,59.43,9.142,2250.0,1.469,16.4,100
2024-01-02 17:37:00,149.81,35.55,8.893,2386.7,0.725,97.9,115
2024-01-02 17:38:00,153.54,46.69,8.509,2309.4,1.447,69.4,130
2024-01-02 17:39:00,128.62,35.71,8.063,2162.9,2.405,99.9,90
2024-01-02 17:40:00,144.67,36.2,8.263,2347.1,1.64,99.1,115
2024-01-02 17:41:00,122.05,46.43,7.436,2031.9,0.562,67.5,90
2024-01-02 17:42:00,133.82,35.62,8.572,2248.6,0.686,99.5,100
2024-01-02 17:43:00,151.8,46.67,7.178,2135.9,2.149,64.6,130
2024-01-02 17:44:00,142.86,47.15,8.081,2253.8,2.249,69.3,115
2024-01-02 17:45:00,142.79,36.05,8.817,2358.4,0.547,99.1,115
2024-01-02 17:46:00,150.24,47.74,8.488,2317.9,0.513,72.6,130
2024-01-02 17:47:00,158.78,47.54,7.588,2294.8,1.218,71.2,130
2024-01-02 17:48:00,155.53,47.33,7.664,2294.4,1.948,70.1,130
2024-01-02 17:49:00,153.28,34.36,7.961,2427.5,0.501,96.6,130
2024-01-02 17:50:00,145.55,46.13,8.231,2102.7,1.434,69.9,115
2024-01-02 17:51:00,142.91,59.34,8.551,2198.7,1.637,23.2,115
2024-01-02 17:52:00,148.32,35.79,8.442,2377.4,2.2,98.3,130
2024-01-02 17:53:00,142.39,34.47,7.776,2175.4,0.746,98.4,100
2024-01-02 17:54:00,145.47,60.27,8.447,2324.9,2.186,36.4,115
2024-01-02 17:55:00,153.53,47.21,8.49,2364.6,0.651,75.8,130
2024-01-02 17:56:00,150.17,58.45,8.395,2272.2,1.749,10.2,130
2024-01-02 17:57:00,151.26,46.13,9.191,2356.5,1.209,79.5,130
2024-01-02 17:58:00,159.14,47.84,8.491,2204.4,0.562,69.3,130
2024-01-02 17:59:00,158.75,36.06,8.587,2148.6,1.222,96.8,130
2024-01-02 18:00:00,156.88,34.82,8.95,2261.1,0.637,99.7,130
2024-01-02 18:01:00,142.21,34.67,8.54,2236.4,0.794,96.4,115
2024-01-02 18:02:00,148.77,45.04,7.98,2165.1,1.251,73.2,115
2024-01-02 18:03:00,156.12,36.68,8.697,2324.0,1.234,98.1,130
2024-01-02 18:04:00,156.64,47.03,8.039,2314.7,0.509,78.3,130
2024-01-02 18:05:00,146.12,37.01,7.807,2081.2,2.13,95.7,115
2024-01-02 18:06:00,121.23,35.35,7.841,2026.8,1.193,95.2,90
2024-01-02 18:07:00,132.0,60.23,8.693,2225.3,0.577,37.7,100
2024-01-02 18:08:00,143.72,36.21,8.448,2268.9,0.562,95.7,115
2024-01-02 18:09:00,156.61,48.31,8.624,2254.3,1.466,74.0,130
2024-01-02 18:10:00,151.55,35.9,8.45,2359.5,0.526,96.0,130
2024-01-02 18:11:00,124.56,60.0,8.276,2210.4,0.586,36.0,90
2024-01-02 18:12:00,154.56,60.02,8.327,2276.0,0.531,35.6,130
2024-01-02 18:13:00,126.98,34.66,8.436,2129.3,1.232,98.5,90
2024-01-02 18:14:00,136.69,,7.959,2196.7,1.267,68.7,100
2024-01-02 18:15:00,132.47,35.54,7.684,2111.8,1.263,95.6,100
2024-01-02 18:16:00,158.62,48.11,8.006,2219.4,0.701,78.1,130
2024-01-02 18:17:00,142.09,35.16,8.418,2362.1,0.503,99.7,115
2024-01-02 18:18:00,147.73,36.35,7.941,2317.1,2.312,97.9,115
2024-01-02 18:19:00,153.62,46.93,9.052,2287.8,0.621,70.6,130
2024-01-02 18:20:00,155.41,47.99,8.377,2407.1,2.141,60.1,130
2024-01-02 18:21:00,125.56,47.54,8.248,2114.4,0.633,67.0,90
2024-01-02 18:22:00,145.49,60.49,7.957,2326.5,1.879,35.9,115
2024-01-02 18:23:00,146.69,47.78,8.566,2086.6,1.565,73.5,115
2024-01-02 18:24:00,155.98,36.17,7.715,2277.3,2.831,96.9,130
2024-01-02 18:25:00,136.96,36.35,8.326,2275.9,1.021,98.6,100
2024-01-02 18:26:00,136.16,37.21,8.026,2362.2,0.843,98.3,100
2024-01-02 18:27:00,141.84,36.79,8.248,2198.8,0.582,97.2,115
2024-01-02 18:28:00,145.67,35.87,8.395,2197.4,2.362,95.4,115
2024-01-02 18:29:00,143.59,35.15,7.742,2284.6,1.299,98.0,115
2024-01-02 18:30:00,142.23,47.29,7.532,2257.5,0.612,62.8,115
2024-01-02 18:31:00,154.28,33.96,7.827,2352.7,0.913,96.9,130
2024-01-02 18:32:00,125.46,36.16,8.552,1897.0,0.546,95.1,90
2024-01-02 18:33:00,145.62,46.15,8.349,2210.9,0.57,63.2,115
2024-01-02 18:34:00,157.64,60.9,8.039,2374.4,1.033,33.9,130
2024-01-02 18:35:00,148.27,48.58,8.987,2041.6,1.441,78.4,115
2024-01-02 18:36:00,135.84,45.84,8.714,2020.6,0.513,66.2,100
2024-01-02 18:37:00,156.29,35.46,8.617,2168.1,0.526,100.0,130
2024-01-02 18:38:00,155.24,46.15,7.91,2362.1,1.373,72.8,130
2024-01-02 18:39:00,136.92,45.62,8.613,2075.6,0.821,76.9,100
2024-01-02 18:40:00,156.22,35.41,8.336,2213.9,0.815,97.9,130
2024-01-02 18:41:00,134.86,60.51,7.911,2154.4,0.611,11.1,100
2024-01-02 18:42:00,160.38,47.6,8.158,2210.8,0.56,60.6,130
2024-01-02 18:43:00,133.63,60.12,7.785,2186.1,2.41,29.8,100
2024-01-02 18:44:00,158.64,34.17,7.915,2503.1,1.777,97.6,130
2024-01-02 18:45:00,151.61,35.6,7.742,2280.5,0.617,97.6,130
2024-01-02 18:46:00,127.03,45.81,8.583,1914.6,0.53,75.3,90
2024-01-02 18:47:00,148.59,34.36,8.172,2193.8,0.688,97.2,115
2024-01-02 18:48:00,150.23,46.2,7.823,2349.2,1.215,76.7,130
2024-01-02 18:49:00,155.35,36.34,8.407,2341.2,1.389,97.5,130
2024-01-02 18:50:00,146.79,35.94,8.201,2297.1,0.538,99.0,115
2024-01-02 18:51:00,145.63,35.76,8.62,2182.5,0.645,98.5,115
2024-01-02 18:52:00,125.95,59.31,8.253,2047.6,0.696,19.5,90
2024-01-02 18:53:00,125.34,35.19,7.625,1873.8,1.318,99.7,90
2024-01-02 18:54:00,142.26,34.4,8.001,2279.1,2.451,96.5,115
2024-01-02 18:55:00,150.92,48.09,7.737,2125.2,2.194,60.7,115
2024-01-02 18:56:00,143.74,37.26,8.425,2246.0,0.534,95.2,115
2024-01-02 18:57:00,136.09,47.45,8.634,2080.3,1.325,70.4,100
2024-01-02 18:58:00,153.38,36.09,7.582,2303.1,1.862,98.4,130
2024-01-02 18:59:00,149.31,59.87,8.15,2386.7,2.524,31.5,130
2024-01-02 19:00:00,152.69,34.2,8.661,2275.0,0.575,98.4,130
2024-01-02 19:01:00,151.38,46.32,7.576,2250.8,1.256,62.0,130
2024-01-02 19:02:00,157.73,59.63,8.026,2310.2,0.632,26.9,130
2024-01-02 19:03:00,143.48,46.69,8.2,2178.6,1.413,62.4,115
2024-01-02 19:04:00,133.71,59.51,8.627,2074.7,1.023,15.7,100
2024-01-02 19:05:00,142.34,47.04,8.418,2379.3,1.39,66.1,115
2024-01-02 19:06:00,155.24,46.32,8.5,2161.6,2.462,76.3,130
2024-01-02 19:07:00,153.21,37.23,8.441,2362.3,0.738,97.9,130
2024-01-02 19:08:00,147.48,45.91,8.051,2219.2,1.221,73.4,115
2024-01-02 19:09:00,155.76,47.71,8.857,2243.9,0.945,66.2,130
2024-01-02 19:10:00,143.57,35.29,7.932,2257.8,0.545,97.1,115
2024-01-02 19:11:00,127.13,60.37,7.089,2072.8,0.591,38.9,90
2024-01-02 19:12:00,155.02,35.91,7.48,2415.6,0.867,99.5,130
2024-01-02 19:13:00,155.05,35.63,8.153,2219.2,2.875,96.3,130
2024-01-02 19:14:00,141.34,34.59,8.067,2188.7,0.574,98.4,115
2024-01-02 19:15:00,124.82,35.23,7.985,2150.9,1.297,95.8,90
2024-01-02 19:16:00,135.8,35.64,8.26,2133.6,2.233,95.4,100
2024-01-02 19:17:00,128.33,47.09,8.68,2113.7,2.238,77.8,90
2024-01-02 19:18:00,153.12,59.18,8.382,2407.2,1.478,15.6,130
2024-01-02 19:19:00,130.7,48.03,8.459,2115.0,0.84,76.7,90
2024-01-02 19:20:00,156.39,33.51,7.768,2261.1,3.043,95.7,130
2024-01-02 19:21:00,151.2,59.8,7.992,2281.9,0.826,39.2,130
2024-01-02 19:22:00,122.89,34.76,8.48,2167.9,2.171,97.8,90
2024-01-02 19:23:00,128.55,35.65,8.243,2082.4,1.289,98.3,90
2024-01-02 19:24:00,158.11,36.31,8.391,2293.7,1.392,98.5,130
2024-01-02 19:25:00,155.05,45.87,8.445,2340.7,0.732,73.7,130
2024-01-02 19:26:00,155.37,61.88,8.266,2207.3,1.219,17.9,130
2024-01-02 19:27:00,152.09,35.66,8.833,2291.1,2.184,96.5,130
2024-01-02 19:28:00,158.3,35.81,7.987,2303.7,2.145,95.1,130
2024-01-02 19:29:00,122.53,58.85,7.872,2062.4,0.642,19.8,90
2024-01-02 19:30:00,137.11,59.96,7.494,2118.5,2.137,30.5,100
2024-01-02 19:31:00,138.38,36.28,8.499,2125.3,0.674,95.9,100
2024-01-02 19:32:00,135.12,35.67,7.972,2140.9,1.326,97.5,100
2024-01-02 19:33:00,147.42,35.61,8.706,2346.8,1.303,99.2,115
2024-01-02 19:34:00,139.62,35.46,8.299,1973.8,0.709,98.6,100
2024-01-02 19:35:00,145.67,34.4,8.064,2285.9,0.608,98.8,115
2024-01-02 19:36:00,154.56,45.89,7.778,2303.1,1.302,72.4,130
2024-01-02 19:37:00,144.83,47.94,8.539,2225.1,0.711,69.0,115
2024-01-02 19:38:00,143.14,47.71,8.178,2197.5,0.512,77.1,115
2024-01-02 19:39:00,133.09,47.82,8.307,2190.1,1.313,73.1,100
2024-01-02 19:40:00,126.11,34.84,8.442,2146.0,2.143,97.9,90
2024-01-02 19:41:00,144.59,35.37,8.306,2078.3,1.208,98.1,115
2024-01-02 19:42:00,135.82,36.49,7.86,2317.5,0.507,98.9,100
2024-01-02 19:43:00,151.28,46.02,8.409,2321.5,0.537,65.0,130
2024-01-02 19:44:00,134.77,36.4,8.528,2158.8,1.314,98.6,100
2024-01-02 19:45:00,157.58,35.03,8.344,2198.5,1.367,99.6,130
2024-01-02 19:46:00,152.2,34.82,8.453,2264.3,1.518,97.7,130
2024-01-02 19:47:00,155.04,35.47,8.49,2418.7,2.287,96.4,130
2024-01-02 19:48:00,140.36,46.11,8.042,2235.5,0.647,74.5,115
2024-01-02 19:49:00,151.74,45.48,8.027,2343.3,0.507,73.7,130
2024-01-02 19:50:00,127.02,60.06,9.091,2033.1,2.171,23.6,90
2024-01-02 19:51:00,154.23,47.43,8.73,2467.7,1.436,63.1,130
2024-01-02 19:52:00,129.56,47.97,8.181,2057.7,1.263,70.0,90
2024-01-02 19:53:00,136.08,35.99,8.473,2240.4,2.28,96.3,100
2024-01-02 19:54:00,156.33,37.07,7.825,2297.9,2.285,96.4,130
2024-01-02 19:55:00,152.31,36.59,7.96,2337.8,1.273,97.1,130
2024-01-02 19:56:00,134.04,36.09,7.701,2178.2,0.67,95.2,100
2024-01-02 19:57:00,143.17,47.37,8.314,2304.0,2.124,63.8,115
2024-01-02 19:58:00,132.34,36.48,8.319,2209.1,1.46,98.5,100
2024-01-02 19:59:00,156.66,58.23,8.634,2272.1,0.505,18.7,130
2024-01-02 20:00:00,147.16,46.62,8.115,2322.7,1.207,61.7,115
2024-01-02 20:01:00,126.0,45.51,8.627,1990.8,0.908,62.8,90
2024-01-02 20:02:00,152.93,47.53,8.461,2215.3,2.274,70.5,130
2024-01-02 20:03:00,145.83,59.41,9.184,2206.7,0.536,18.7,115
2024-01-02 20:04:00,150.22,62.42,8.867,2341.5,2.284,37.7,130
2024-01-02 20:05:00,138.31,46.59,8.797,2068.2,2.192,77.3,100
2024-01-02 20:06:00,131.75,35.59,8.534,,2.163,95.9,100
2024-01-02 20:07:00,152.2,46.68,7.842,2199.2,1.534,65.7,130
2024-01-02 20:08:00,155.29,46.61,8.317,2288.4,2.23,71.6,130
2024-01-02 20:09:00,155.51,46.0,9.099,2387.7,0.569,72.5,130
2024-01-02 20:10:00,144.82,34.48,8.403,2162.5,1.075,98.4,115
2024-01-02 20:11:00,142.22,45.26,7.871,2132.3,2.136,73.3,115
2024-01-02 20:12:00,127.83,47.44,8.334,2100.3,0.531,63.5,90
2024-01-02 20:13:00,140.79,46.66,7.804,2167.0,0.52,65.9,115
2024-01-02 20:14:00,151.29,61.55,7.858,2503.8,0.527,34.5,130
2024-01-02 20:15:00,124.73,59.0,8.365,2085.4,0.558,35.9,90
2024-01-02 20:16:00,141.84,48.18,8.496,2312.0,1.44,63.0,115
2024-01-02 20:17:00,148.06,61.26,7.881,2124.8,1.423,26.7,115
2024-01-02 20:18:00,152.05,61.02,7.976,2346.6,0.788,20.2,130
2024-01-02 20:19:00,158.89,47.19,7.629,2229.5,2.271,60.7,130
2024-01-02 20:20:00,127.59,35.23,8.148,2055.7,0.636,95.6,90
2024-01-02 20:21:00,148.09,36.52,7.422,2169.8,1.313,96.8,115
2024-01-02 20:22:00,159.72,46.37,8.08,2393.2,0.915,75.5,130
2024-01-02 20:23:00,145.2,47.22,8.232,2255.7,1.284,77.1,115
2024-01-02 20:24:00,122.47,35.47,7.498,2079.4,0.944,96.7,90
2024-01-02 20:25:00,154.74,46.29,7.797,2418.9,0.564,61.9,130
2024-01-02 20:26:00,143.58,60.22,8.176,2231.3,2.134,36.9,115
2024-01-02 20:27:00,123.23,36.09,8.121,2152.4,0.559,100.0,90
2024-01-02 20:28:00,155.38,59.26,8.14,2454.0,2.238,27.6,130
2024-01-02 20:29:00,134.22,47.37,8.315,2161.2,1.72,68.2,100
2024-01-02 20:30:00,143.12,45.22,7.531,2250.8,0.539,68.2,115
2024-01-02 20:31:00,134.39,34.66,8.483,2226.4,1.373,97.8,100
2024-01-02 20:32:00,156.37,46.63,8.073,2424.9,0.549,60.6,130
2024-01-02 20:33:00,157.39,35.79,7.962,2320.3,1.426,97.1,130
2024-01-02 20:34:00,130.99,36.2,7.454,2099.0,2.225,97.8,100
2024-01-02 20:35:00,154.24,60.07,8.093,2379.3,0.765,37.4,130
2024-01-02 20:36:00,144.65,47.45,8.405,2275.7,1.588,78.8,115
2024-01-02 20:37:00,152.04,46.87,8.257,2378.6,0.582,64.2,130
2024-01-02 20:38:00,154.7,47.32,8.268,2365.9,1.757,66.8,130
2024-01-02 20:39:00,125.37,47.28,8.064,2086.5,0.626,62.2,90
2024-01-02 20:40:00,146.3,35.09,8.176,2251.2,1.052,97.8,115
2024-01-02 20:41:00,125.19,35.22,7.757,2126.2,2.152,98.8,90
2024-01-02 20:42:00,152.8,35.98,8.198,2194.0,0.955,99.6,130
2024-01-02 20:43:00,150.03,48.45,8.004,2336.4,1.281,71.9,115
2024-01-02 20:44:00,157.07,36.47,7.75,2346.0,1.478,97.1,130
2024-01-02 20:45:00,136.38,34.6,8.502,2082.3,1.89,95.3,100
2024-01-02 20:46:00,137.51,34.6,7.57,2164.8,1.686,95.1,100
2024-01-02 20:47:00,155.61,59.57,8.41,2415.5,1.325,32.2,130
2024-01-02 20:48:00,128.22,35.58,8.435,2093.2,0.585,95.4,90
2024-01-02 20:49:00,155.14,60.04,7.989,2251.4,2.29,29.5,130
2024-01-02 20:50:00,145.0,47.99,8.612,2128.0,2.345,72.9,115
2024-01-02 20:51:00,126.59,61.04,7.981,2267.2,0.655,19.3,90
2024-01-02 20:52:00,128.94,35.5,7.956,1930.9,0.877,96.1,90
2024-01-02 20:53:00,128.78,35.32,7.72,2097.0,1.212,95.0,90
2024-01-02 20:54:00,156.48,60.41,8.197,2263.1,2.283,20.5,130
2024-01-02 20:55:00,156.29,47.85,7.817,2393.4,2.249,62.3,130
2024-01-02 20:56:00,156.74,47.44,7.883,2212.7,2.108,61.2,130
2024-01-02 20:57:00,147.46,46.65,8.174,2358.7,0.503,62.0,115
2024-01-02 20:58:00,138.25,59.51,8.191,2140.0,2.286,10.3,100
2024-01-02 20:59:00,154.41,46.11,8.702,2292.4,2.125,71.9,130
2024-01-02 21:00:00,138.3,35.65,8.572,2124.9,0.793,96.0,100
2024-01-02 21:01:00,155.86,60.5,8.42,2262.6,1.096,25.2,130
2024-01-02 21:02:00,156.63,60.59,8.141,2280.5,0.539,15.0,130
2024-01-02 21:03:00,138.45,47.92,8.038,2207.5,1.52,77.3,100
2024-01-02 21:04:00,146.87,36.68,8.189,2092.3,0.679,95.1,115
2024-01-02 21:05:00,137.29,34.4,7.977,2090.1,0.619,99.0,100
2024-01-02 21:06:00,154.03,35.82,7.92,2429.6,0.71,96.0,130
2024-01-02 21:07:00,138.75,47.35,8.168,2142.8,0.824,67.1,100
2024-01-02 21:08:00,156.74,35.44,7.849,2264.2,1.206,96.4,130
2024-01-02 21:09:00,155.32,59.34,7.873,2208.0,1.416,20.5,130
2024-01-02 21:10:00,137.75,36.66,8.582,2056.4,0.775,96.1,100
2024-01-02 21:11:00,131.47,35.03,7.648,2148.6,2.287,97.7,90
2024-01-02 21:12:00,,33.75,7.784,2244.2,2.267,96.1,130
2024-01-02 21:13:00,152.99,35.52,8.709,2374.4,2.113,96.9,130
2024-01-02 21:14:00,151.71,35.31,8.043,2151.6,1.234,97.6,115
2024-01-02 21:15:00,156.07,61.49,8.75,2299.9,0.595,13.5,130
2024-01-02 21:16:00,135.48,35.89,7.733,2144.5,0.71,96.4,100
2024-01-02 21:17:00,134.71,59.76,8.23,2089.7,0.516,18.8,100
2024-01-02 21:18:00,158.02,46.84,8.509,2316.2,2.257,67.7,130
2024-01-02 21:19:00,151.53,59.83,7.838,2060.7,0.503,26.1,115
2024-01-02 21:20:00,133.34,61.77,8.87,2142.9,1.491,34.7,100
2024-01-02 21:21:00,154.76,47.54,8.044,2345.6,1.42,66.0,130
2024-01-02 21:22:00,144.12,45.87,8.404,2163.2,2.247,61.9,115
2024-01-02 21:23:00,156.83,46.8,7.929,2327.0,1.369,72.1,130
2024-01-02 21:24:00,148.06,35.48,8.797,2242.3,1.74,98.0,115
2024-01-02 21:25:00,159.05,59.11,8.321,2325.5,0.974,10.9,130
2024-01-02 21:26:00,136.92,58.57,9.039,2042.4,1.515,38.7,100
2024-01-02 21:27:00,161.3,47.48,8.672,2317.6,0.582,66.8,130
2024-01-02 21:28:00,153.56,46.36,8.535,2172.2,2.123,77.6,130
2024-01-02 21:29:00,132.91,36.5,7.818,2099.6,1.278,98.9,100
2024-01-02 21:30:00,158.67,35.51,8.234,2309.7,0.779,98.3,130
2024-01-02 21:31:00,155.31,35.12,8.073,2326.7,2.289,96.3,130
2024-01-02 21:32:00,151.56,33.57,8.21,2213.3,0.745,99.4,130
2024-01-02 21:33:00,154.21,47.98,8.259,2287.3,2.122,75.2,130
2024-01-02 21:34:00,125.64,35.73,7.84,2133.6,2.135,99.6,90
2024-01-02 21:35:00,133.38,46.64,8.137,2071.6,2.318,74.2,100
2024-01-02 21:36:00,152.46,46.29,8.161,2137.7,0.593,62.9,130
2024-01-02 21:37:00,134.48,36.78,7.796,2192.4,0.592,95.8,100
2024-01-02 21:38:00,142.34,46.15,8.52,2154.6,2.2,69.4,115
2024-01-02 21:39:00,126.59,35.21,8.289,2018.9,2.418,95.2,90
2024-01-02 21:40:00,150.14,35.96,8.525,2320.4,0.74,96.4,130
2024-01-02 21:41:00,145.23,36.66,8.395,2236.2,0.522,99.1,115
2024-01-02 21:42:00,146.3,35.33,7.515,2311.7,0.584,97.3,115
2024-01-02 21:43:00,144.77,46.41,7.867,2210.7,2.324,78.7,115
2024-01-02 21:44:00,147.73,46.91,8.861,2235.5,1.247,64.5,115
2024-01-02 21:45:00,151.57,36.22,8.514,2174.6,0.987,97.7,130
2024-01-02 21:46:00,133.25,47.9,7.551,2200.3,1.257,74.7,100
2024-01-02 21:47:00,144.17,34.4,8.388,2174.7,0.514,98.8,115
2024-01-02 21:48:00,126.78,35.59,7.867,2328.5,2.27,95.6,90
2024-01-02 21:49:00,155.55,34.35,7.361,2292.9,0.604,95.4,130
2024-01-02 21:50:00,140.36,47.71,8.863,2184.0,0.541,75.0,100
2024-01-02 21:51:00,122.99,60.34,8.23,2121.0,1.411,22.2,90
2024-01-02 21:52:00,131.51,46.26,8.287,2142.9,0.535,76.4,100
2024-01-02 21:53:00,129.47,61.23,7.697,2104.9,0.587,33.6,90
2024-01-02 21:54:00,131.42,35.77,7.739,2330.4,0.817,98.3,100
2024-01-02 21:55:00,156.71,47.18,7.563,2249.7,0.731,61.4,130
2024-01-02 21:56:00,142.55,59.86,8.767,2050.5,2.287,30.9,115
2024-01-02 21:57:00,149.83,59.99,7.543,2205.8,1.034,37.4,130
2024-01-02 21:58:00,144.06,35.19,8.847,2309.8,2.127,97.9,115
2024-01-02 21:59:00,157.25,34.91,7.805,2271.7,1.435,99.9,130
2024-01-02 22:00:00,131.95,47.98,7.709,2336.6,0.525,78.8,100
2024-01-02 22:01:00,146.44,59.61,8.178,2288.2,0.529,33.8,115
2024-01-02 22:02:00,146.91,46.58,7.926,2177.8,1.341,61.2,115
2024-01-02 22:03:00,151.82,46.9,8.239,2247.7,0.505,75.5,130
2024-01-02 22:04:00,124.43,36.64,7.849,2034.3,0.639,99.1,90
2024-01-02 22:05:00,158.94,36.4,8.075,2144.8,0.502,98.9,130
2024-01-02 22:06:00,156.63,46.68,7.897,2332.2,1.384,61.8,130
2024-01-02 22:07:00,154.35,47.98,8.544,2365.5,1.275,64.6,130
2024-01-02 22:08:00,126.04,35.59,8.405,1992.6,0.517,97.0,90
2024-01-02 22:09:00,123.29,46.33,8.299,1945.9,1.504,69.4,90
2024-01-02 22:10:00,137.78,35.12,8.621,2077.2,1.299,96.8,100
2024-01-02 22:11:00,127.78,61.1,8.305,2149.8,0.617,16.7,90
2024-01-02 22:12:00,155.3,48.67,8.272,2374.3,2.194,64.8,130
2024-01-02 22:13:00,125.58,60.26,8.152,2087.2,1.217,36.2,90
2024-01-02 22:14:00,152.5,46.55,7.914,2441.3,2.223,76.1,130
2024-01-02 22:15:00,151.62,35.4,7.914,2174.9,0.719,99.6,130
2024-01-02 22:16:00,154.06,46.39,8.259,2293.3,2.567,62.1,130
2024-01-02 22:17:00,144.78,59.51,8.607,2274.8,1.489,15.7,115
2024-01-02 22:18:00,137.66,59.43,8.428,2213.2,1.217,25.6,100
2024-01-02 22:19:00,157.31,46.94,8.426,2374.3,1.236,73.7,130
2024-01-02 22:20:00,125.46,60.1,7.758,2127.9,0.509,31.7,90
2024-01-02 22:21:00,147.98,59.88,8.409,2335.6,2.125,24.5,115
2024-01-02 22:22:00,152.64,35.32,8.04,2370.9,1.331,99.8,130
2024-01-02 22:23:00,147.69,47.61,8.27,2137.6,0.55,67.0,115
2024-01-02 22:24:00,133.02,46.82,8.421,2113.6,0.709,73.8,100
2024-01-02 22:25:00,138.1,35.37,7.738,2014.4,0.507,98.1,100
2024-01-02 22:26:00,144.97,59.86,8.263,2309.7,1.589,35.1,115
2024-01-02 22:27:00,140.0,36.73,8.295,2325.6,1.426,96.5,115
2024-01-02 22:28:00,156.83,46.61,8.599,2212.4,1.195,77.7,130
2024-01-02 22:29:00,147.02,35.98,7.993,2199.6,1.111,99.8,115
2024-01-02 22:30:00,123.86,34.9,8.176,1929.6,1.436,95.0,90
2024-01-02 22:31:00,154.07,35.78,8.268,2300.3,1.234,96.4,130
2024-01-02 22:32:00,124.6,35.94,7.993,2003.8,0.55,98.8,90
2024-01-02 22:33:00,140.19,47.87,7.986,2136.6,0.565,64.7,115
2024-01-02 22:34:00,149.09,35.19,7.971,2308.0,0.611,95.8,130
2024-01-02 22:35:00,128.25,46.11,8.149,2220.5,2.269,64.3,90
2024-01-02 22:36:00,142.94,46.37,8.899,2293.6,1.43,77.0,115
2024-01-02 22:37:00,159.64,47.77,8.163,2289.9,2.116,78.3,130
2024-01-02 22:38:00,158.43,48.67,8.395,2306.1,0.689,60.6,130
2024-01-02 22:39:00,158.92,60.67,8.213,2460.3,2.112,11.7,130
2024-01-02 22:40:00,133.37,45.99,8.077,2250.7,1.551,60.3,100
2024-01-02 22:41:00,140.98,47.64,8.19,2205.1,0.508,72.4,115
2024-01-02 22:42:00,122.28,34.74,8.508,2110.1,0.599,97.9,90
2024-01-02 22:43:00,153.88,35.22,8.179,2230.1,1.309,95.0,130
2024-01-02 22:44:00,149.07,47.15,8.136,2312.0,2.269,78.3,130
2024-01-02 22:45:00,153.81,47.28,8.106,2371.1,0.52,70.0,130
2024-01-02 22:46:00,144.5,47.05,7.803,2311.6,1.041,79.1,115
2024-01-02 22:47:00,121.76,46.52,8.616,2018.8,1.297,77.3,90
2024-01-02 22:48:00,132.4,60.85,8.021,2230.1,2.201,31.4,100
2024-01-02 22:49:00,154.45,46.58,8.788,2321.9,1.256,67.1,130
2024-01-02 22:50:00,125.89,48.0,8.298,2046.9,0.803,66.8,90
2024-01-02 22:51:00,132.77,34.41,8.762,2302.7,0.502,98.7,100
2024-01-02 22:52:00,155.73,47.17,8.12,2281.2,0.522,75.9,130
2024-01-02 22:53:00,135.34,46.02,7.907,2061.4,2.227,66.0,100
2024-01-02 22:54:00,155.12,34.83,8.617,2256.2,1.89,98.7,130
2024-01-02 22:55:00,153.37,59.59,7.976,2368.1,1.207,22.8,130
2024-01-02 22:56:00,151.67,48.22,8.714,2231.1,0.513,70.4,130
2024-01-02 22:57:00,149.24,36.55,8.431,2296.3,2.351,96.0,115
2024-01-02 22:58:00,146.58,47.7,8.786,2161.7,1.466,77.4,115
2024-01-02 22:59:00,157.51,47.03,7.809,2304.0,2.554,76.0,130
2024-01-02 23:00:00,154.79,35.65,8.583,2486.8,1.372,98.1,130
2024-01-02 23:01:00,134.59,36.51,7.903,2079.4,2.203,97.8,100
2024-01-02 23:02:00,126.23,36.06,7.241,1908.4,2.22,97.2,90
2024-01-02 23:03:00,130.41,47.01,8.558,2259.4,0.613,64.4,100
2024-01-02 23:04:00,152.21,36.69,8.197,2198.0,2.826,95.1,130
2024-01-02 23:05:00,153.01,47.65,8.585,2245.0,0.596,74.6,130
2024-01-02 23:06:00,153.86,47.19,8.237,2368.3,1.22,62.0,130
2024-01-02 23:07:00,152.8,59.63,8.209,2365.1,2.168,15.5,130
2024-01-02 23:08:00,145.83,46.56,8.799,2040.1,1.144,70.9,115
2024-01-02 23:09:00,145.2,46.73,8.247,2202.6,1.312,72.4,115
2024-01-02 23:10:00,138.48,47.37,8.01,2218.2,1.276,78.6,100
2024-01-02 23:11:00,141.18,36.17,8.165,2312.3,1.274,97.0,100
2024-01-02 23:12:00,151.84,34.34,8.263,2210.9,2.102,99.3,130
2024-01-02 23:13:00,155.37,33.94,7.062,2395.5,1.401,100.0,130
2024-01-02 23:14:00,135.36,46.24,8.396,2097.0,2.358,75.3,100
2024-01-02 23:15:00,154.96,35.17,8.744,2393.3,0.587,95.3,130
2024-01-02 23:16:00,152.29,60.96,8.18,2226.8,0.912,20.6,130
2024-01-02 23:17:00,152.71,35.28,8.032,2291.6,0.772,97.7,130
2024-01-02 23:18:00,155.6,60.2,8.355,2341.0,1.384,11.5,130
2024-01-02 23:19:00,152.64,35.83,8.897,2386.3,0.743,97.0,130
2024-01-02 23:20:00,135.4,46.18,8.388,2195.6,1.493,69.1,100
2024-01-02 23:21:00,124.39,36.67,8.286,2035.7,0.65,99.8,90
2024-01-02 23:22:00,155.35,34.97,8.044,2269.8,1.301,98.5,130
2024-01-02 23:23:00,152.62,61.25,7.772,2452.3,0.527,17.3,130
2024-01-02 23:24:00,135.39,46.9,8.209,2172.2,1.304,65.1,100
2024-01-02 23:25:00,152.8,35.23,8.217,2272.0,1.36,96.3,130
2024-01-02 23:26:00,155.4,46.11,7.427,2353.0,2.691,64.2,130
2024-01-02 23:27:00,158.35,35.66,7.909,2359.8,1.234,98.7,130
2024-01-02 23:28:00,155.65,37.3,8.664,2201.7,1.483,96.7,130
2024-01-02 23:29:00,135.8,47.33,8.097,2188.9,2.155,76.8,100
2024-01-02 23:30:00,137.04,47.22,7.218,2029.5,1.829,68.3,100
2024-01-02 23:31:00,151.49,46.47,8.84,2258.4,0.681,66.4,130
2024-01-02 23:32:00,159.3,35.97,7.843,2231.1,2.213,99.4,130
2024-01-02 23:33:00,152.36,47.13,8.012,2299.7,1.285,67.3,130
2024-01-02 23:34:00,157.2,46.95,8.625,2275.0,0.545,79.1,130
2024-01-02 23:35:00,126.87,47.4,7.903,2054.0,1.451,74.8,90
2024-01-02 23:36:00,132.74,34.05,7.412,1998.4,2.302,98.9,100
2024-01-02 23:37:00,147.52,35.42,8.287,2223.9,2.542,96.2,115
2024-01-02 23:38:00,136.24,34.54,8.519,2061.9,2.282,96.3,100
2024-01-02 23:39:00,139.72,47.02,8.012,2332.7,0.537,71.9,100
2024-01-02 23:40:00,135.48,34.92,8.151,2118.0,0.73,97.6,100
2024-01-02 23:41:00,154.73,34.98,7.728,2289.4,0.922,98.5,130
2024-01-02 23:42:00,153.71,34.43,7.802,2365.6,1.431,95.4,130
2024-01-02 23:43:00,130.64,36.39,8.071,2255.8,2.331,97.5,100
2024-01-02 23:44:00,154.2,46.46,8.459,2215.8,0.568,71.6,130
2024-01-02 23:45:00,124.31,59.5,8.239,2115.8,1.367,25.8,90
2024-01-02 23:46:00,135.66,36.72,8.608,2227.3,1.345,95.6,100
2024-01-02 23:47:00,121.44,47.45,8.861,2084.8,1.343,61.6,90
2024-01-02 23:48:00,154.4,33.87,8.555,2323.2,0.516,97.9,130
2024-01-02 23:49:00,126.44,36.61,7.564,2029.0,0.543,95.7,90
2024-01-02 23:50:00,156.69,61.32,8.086,2284.2,0.649,20.7,130
2024-01-02 23:51:00,120.35,36.74,8.551,2061.4,0.82,97.2,90
2024-01-02 23:52:00,156.77,47.53,8.152,2275.9,2.14,75.0,130
2024-01-02 23:53:00,144.38,46.12,7.552,2301.0,2.136,78.6,115
2024-01-02 23:54:00,134.54,35.46,7.979,2080.3,0.785,97.0,100
2024-01-02 23:55:00,139.09,34.34,7.291,2298.4,2.335,96.8,115
2024-01-02 23:56:00,148.73,59.31,8.089,2336.2,0.633,11.7,115
2024-01-02 23:57:00,125.44,46.11,7.926,2099.6,1.21,78.5,90
2024-01-02 23:58:00,141.17,35.0,8.056,2086.8,0.628,98.7,115
2024-01-02 23:59:00,145.94,35.63,8.673,2279.0,1.56,98.9,115
2024-01-03 00:00:00,155.86,35.14,7.667,2258.5,0.502,95.7,130
2024-01-03 00:01:00,138.06,59.61,7.913,2107.8,0.522,12.5,100
2024-01-03 00:02:00,144.23,46.77,7.743,2259.0,0.831,61.4,115
2024-01-03 00:03:00,145.03,48.2,8.629,2318.4,0.649,70.6,115
2024-01-03 00:04:00,153.39,37.23,8.652,2177.1,1.417,95.3,130
2024-01-03 00:05:00,146.49,46.64,8.344,2234.6,0.773,60.5,115
2024-01-03 00:06:00,153.04,47.27,8.323,2469.3,1.271,65.8,130
2024-01-03 00:07:00,152.77,34.83,7.72,2222.1,1.271,97.0,130
2024-01-03 00:08:00,144.83,60.61,8.28,2214.0,1.261,10.6,115
2024-01-03 00:09:00,151.94,35.12,7.751,2260.7,1.237,96.7,130
2024-01-03 00:10:00,159.01,34.93,8.216,2366.3,0.573,97.8,130
2024-01-03 00:11:00,139.82,37.1,8.063,2050.0,1.811,98.7,100
2024-01-03 00:12:00,153.87,45.92,7.962,2184.4,2.118,68.1,130
2024-01-03 00:13:00,151.53,58.04,8.211,2376.6,1.255,29.4,130
2024-01-03 00:14:00,155.84,36.09,8.471,2329.1,1.277,96.9,130
2024-01-03 00:15:00,143.79,35.21,8.91,,1.233,98.8,115
2024-01-03 00:16:00,137.94,34.98,8.42,2144.5,0.516,98.9,100
2024-01-03 00:17:00,133.03,62.19,9.111,2047.5,1.235,35.3,100
2024-01-03 00:18:00,156.36,36.08,8.28,2383.8,2.25,97.7,130
2024-01-03 00:19:00,155.28,35.45,8.914,2332.3,0.682,96.0,130
2024-01-03 00:20:00,153.31,34.93,8.374,2252.8,2.148,96.3,130
2024-01-03 00:21:00,145.6,35.86,8.296,2183.6,0.64,95.7,115
2024-01-03 00:22:00,127.2,34.11,8.133,2033.3,0.501,97.2,90
2024-01-03 00:23:00,155.22,35.09,8.32,2224.0,2.284,98.6,130
2024-01-03 00:24:00,155.24,59.97,8.373,2417.2,2.1,29.8,130
2024-01-03 00:25:00,152.82,47.17,7.633,2403.1,2.306,78.6,130
2024-01-03 00:26:00,147.86,59.89,8.48,2197.9,2.232,26.6,115
2024-01-03 00:27:00,137.61,46.45,7.606,2124.8,0.523,75.1,100
2024-01-03 00:28:00,143.97,47.74,8.48,2140.2,1.219,65.7,115
2024-01-03 00:29:00,124.69,58.68,8.44,2057.2,0.501,21.3,90
2024-01-03 00:30:00,148.54,46.78,8.768,2269.1,0.66,60.3,115
2024-01-03 00:31:00,152.17,59.59,7.855,2404.5,0.829,27.2,130
2024-01-03 00:32:00,156.51,36.31,7.805,2238.3,1.588,95.5,130
2024-01-03 00:33:00,133.6,35.13,8.643,2015.2,1.368,98.2,100
2024-01-03 00:34:00,149.45,60.35,7.77,2149.4,2.536,38.1,115
2024-01-03 00:35:00,145.16,35.77,7.731,2274.5,1.596,97.3,115
2024-01-03 00:36:00,138.15,45.53,8.283,2146.5,0.74,68.2,100
2024-01-03 00:37:00,143.1,46.95,8.181,2309.4,1.29,74.4,115
2024-01-03 00:38:00,121.88,58.61,8.262,2073.3,0.851,23.8,90
2024-01-03 00:39:00,144.41,47.28,8.415,2359.3,0.599,79.1,115
2024-01-03 00:40:00,135.66,34.92,8.417,2023.1,2.203,95.7,100
2024-01-03 00:41:00,153.72,36.45,8.169,2110.8,1.427,95.6,130
2024-01-03 00:42:00,136.9,59.86,8.219,2258.3,2.626,16.4,100
2024-01-03 00:43:00,124.48,59.38,8.173,2006.3,1.339,16.2,90
2024-01-03 00:44:00,149.8,47.96,8.214,2321.0,1.239,73.7,130
2024-01-03 00:45:00,136.38,46.3,7.645,2160.8,1.231,68.1,100
2024-01-03 00:46:00,132.79,47.72,8.503,2176.1,0.572,71.4,100
2024-01-03 00:47:00,154.1,47.37,8.62,2272.1,0.622,64.0,130
2024-01-03 00:48:00,148.88,35.21,8.455,2153.9,0.571,97.0,115
2024-01-03 00:49:00,159.43,34.43,8.424,2227.5,0.749,96.5,130
2024-01-03 00:50:00,123.56,47.99,7.804,2118.3,0.656,70.8,90
2024-01-03 00:51:00,136.44,35.9,7.634,2211.7,2.204,99.6,100
2024-01-03 00:52:00,153.62,46.38,8.532,2290.0,1.248,77.1,130
2024-01-03 00:53:00,154.28,47.2,8.211,2262.3,1.386,63.0,130
2024-01-03 00:54:00,143.49,47.8,8.268,2275.5,0.724,67.9,115
2024-01-03 00:55:00,150.69,35.59,8.286,2191.5,0.807,99.4,130
2024-01-03 00:56:00,155.24,35.69,8.303,2466.0,1.439,99.8,130
2024-01-03 00:57:00,145.72,36.33,8.459,2266.2,1.253,96.1,115
2024-01-03 00:58:00,153.32,48.23,8.162,2297.2,0.503,78.3,130
2024-01-03 00:59:00,157.72,35.4,7.438,2376.4,1.339,99.5,130
2024-01-03 01:00:00,133.91,58.93,8.475,2200.5,1.715,10.3,100
2024-01-03 01:01:00,123.41,34.46,8.431,2088.8,1.257,96.7,90
2024-01-03 01:02:00,136.32,46.45,7.682,1998.8,0.782,72.6,100
2024-01-03 01:03:00,131.14,46.25,7.734,2182.9,1.277,71.4,100
2024-01-03 01:04:00,157.27,34.15,8.553,2426.5,1.299,99.4,130
2024-01-03 01:05:00,153.99,36.98,8.648,2265.6,1.79,98.1,130
2024-01-03 01:06:00,157.47,60.42,7.135,2386.7,0.624,28.5,130
2024-01-03 01:07:00,138.22,35.08,8.376,2217.9,0.758,95.4,100
2024-01-03 01:08:00,126.6,46.97,8.112,2093.5,0.66,67.0,90
2024-01-03 01:09:00,132.97,34.07,8.23,2163.6,2.389,97.1,100
2024-01-03 01:10:00,121.87,36.43,8.253,2114.8,0.576,97.9,90
2024-01-03 01:11:00,141.41,33.94,7.895,2263.3,2.519,97.5,115
2024-01-03 01:12:00,157.76,47.41,8.461,2461.3,0.659,62.1,130
2024-01-03 01:13:00,144.66,45.53,7.925,2307.3,0.574,79.4,115
2024-01-03 01:14:00,153.5,59.67,8.499,2366.6,1.208,20.8,130
2024-01-03 01:15:00,154.67,36.49,8.588,2394.6,0.503,97.6,130
2024-01-03 01:16:00,137.7,45.69,7.851,2206.6,2.187,61.0,100
2024-01-03 01:17:00,146.95,46.88,7.861,2063.5,2.149,68.9,115
2024-01-03 01:18:00,146.1,47.5,8.245,2220.7,1.211,79.1,115
2024-01-03 01:19:00,146.59,60.37,8.801,2180.4,1.361,14.0,115
2024-01-03 01:20:00,155.45,35.56,7.963,2336.2,2.098,97.4,130
2024-01-03 01:21:00,145.76,60.4,8.039,2185.5,2.21,27.1,115
2024-01-03 01:22:00,145.55,35.01,8.328,2277.3,0.661,97.2,115
2024-01-03 01:23:00,155.0,48.55,8.463,2276.3,1.25,74.9,130
2024-01-03 01:24:00,136.88,58.71,8.411,2285.8,1.246,30.4,100
2024-01-03 01:25:00,145.9,47.93,8.213,2362.0,2.18,65.6,115
2024-01-03 01:26:00,142.8,60.15,8.078,2114.3,2.46,37.1,115
2024-01-03 01:27:00,126.32,47.49,8.333,2095.8,2.747,60.4,90
2024-01-03 01:28:00,125.62,36.14,6.92,2033.0,1.469,95.8,90
2024-01-03 01:29:00,126.53,60.44,8.948,2090.2,0.504,23.3,90
2024-01-03 01:30:00,154.74,34.85,8.126,2356.9,1.315,98.6,130
2024-01-03 01:31:00,157.03,59.77,8.273,2207.7,1.309,29.8,130
2024-01-03 01:32:00,154.85,45.84,9.04,2232.1,1.747,61.9,130
2024-01-03 01:33:00,156.81,35.26,7.903,2242.1,0.774,95.9,130
2024-01-03 01:34:00,123.86,47.26,9.133,2025.9,1.451,69.5,90
2024-01-03 01:35:00,144.03,60.49,8.496,2188.2,0.666,22.0,115
2024-01-03 01:36:00,156.51,47.31,8.379,2373.7,2.308,67.1,130
2024-01-03 01:37:00,154.17,45.6,8.458,2327.8,0.74,77.2,130
2024-01-03 01:38:00,160.51,35.05,7.863,2240.3,1.361,98.7,130
2024-01-03 01:39:00,146.42,46.47,7.54,2204.4,0.873,78.5,115
2024-01-03 01:40:00,135.06,34.45,7.728,1960.4,0.508,98.0,100
2024-01-03 01:41:00,127.05,34.83,8.635,2231.6,2.667,97.1,90
2024-01-03 01:42:00,123.8,47.0,7.826,2071.4,0.797,79.1,90
2024-01-03 01:43:00,157.31,36.63,7.538,2389.4,0.651,99.4,130
2024-01-03 01:44:00,157.24,46.24,8.168,2373.5,0.894,65.0,130
2024-01-03 01:45:00,158.13,34.6,8.43,2307.1,1.552,95.1,130
2024-01-03 01:46:00,153.9,59.52,8.215,2119.4,1.309,31.6,130
2024-01-03 01:47:00,121.94,35.77,8.443,2025.4,0.866,96.0,90
2024-01-03 01:48:00,143.47,47.98,8.662,2258.3,1.242,72.0,115
2024-01-03 01:49:00,134.3,46.93,8.429,2154.8,0.627,71.1,100
2024-01-03 01:50:00,149.17,34.34,8.138,2313.2,2.153,99.7,115
2024-01-03 01:51:00,160.49,34.51,7.982,2309.8,2.127,95.8,130
2024-01-03 01:52:00,155.86,60.15,8.508,2457.4,2.55,14.7,130
2024-01-03 01:53:00,145.02,60.8,8.31,2145.2,2.191,31.8,115
2024-01-03 01:54:00,134.13,36.95,7.856,2191.4,0.731,95.2,100
2024-01-03 01:55:00,157.06,34.55,8.721,2227.7,0.594,97.4,130
2024-01-03 01:56:00,140.47,35.61,8.305,2223.1,1.357,96.8,100
2024-01-03 01:57:00,139.46,34.68,8.461,2089.8,0.586,98.0,100
2024-01-03 01:58:00,147.84,34.78,8.043,2089.5,0.772,98.2,115
2024-01-03 01:59:00,137.81,34.71,8.652,2031.1,0.809,99.7,100
2024-01-03 02:00:00,147.08,46.73,7.566,2192.2,0.613,61.2,115
2024-01-03 02:01:00,134.88,59.29,8.87,2274.7,1.593,30.7,100
2024-01-03 02:02:00,133.16,37.48,7.424,2209.3,0.588,96.0,100
2024-01-03 02:03:00,124.95,35.13,7.649,2105.8,0.787,96.2,90
2024-01-03 02:04:00,156.06,60.79,8.301,2304.8,1.41,19.6,130
2024-01-03 02:05:00,141.37,46.47,7.988,2139.9,0.622,73.1,115
2024-01-03 02:06:00,154.62,37.29,8.069,2235.4,2.539,99.6,130
2024-01-03 02:07:00,152.94,47.27,7.988,2265.9,0.67,61.0,130
2024-01-03 02:08:00,137.53,47.67,7.887,2098.6,1.567,67.0,100
2024-01-03 02:09:00,123.63,46.53,8.327,2017.5,0.764,62.4,90
2024-01-03 02:10:00,155.82,47.78,8.181,2233.9,0.652,68.6,130
2024-01-03 02:11:00,153.25,47.27,8.554,2310.5,0.579,67.4,130
2024-01-03 02:12:00,158.99,46.7,8.232,2249.9,1.804,71.9,130
2024-01-03 02:13:00,140.75,59.14,8.033,2320.5,2.112,19.3,115
2024-01-03 02:14:00,156.19,35.31,8.51,2399.7,1.65,95.7,130
2024-01-03 02:15:00,151.81,46.74,7.467,2358.1,0.641,63.3,130
2024-01-03 02:16:00,133.73,36.2,7.167,2188.8,0.776,98.2,100
2024-01-03 02:17:00,155.52,35.31,7.565,2185.8,0.581,98.8,130
2024-01-03 02:18:00,145.64,45.46,8.063,2413.3,0.597,71.3,115
2024-01-03 02:19:00,135.57,36.02,8.357,2127.5,0.542,97.9,100
2024-01-03 02:20:00,155.38,48.03,7.132,2373.5,2.717,67.0,130
2024-01-03 02:21:00,143.4,34.17,8.195,2296.6,1.209,99.7,115
2024-01-03 02:22:00,134.59,48.44,8.058,2066.7,1.298,63.0,100
2024-01-03 02:23:00,135.08,36.62,8.255,2099.8,1.282,96.0,100
2024-01-03 02:24:00,145.49,35.0,7.437,2261.8,2.435,95.6,115
2024-01-03 02:25:00,154.84,46.11,9.246,2186.3,0.639,79.2,130
2024-01-03 02:26:00,136.82,60.84,8.213,2142.8,1.237,14.9,100
2024-01-03 02:27:00,135.23,34.4,7.713,1958.4,2.242,98.0,100
2024-01-03 02:28:00,155.5,34.97,8.252,2310.8,0.554,99.7,130
2024-01-03 02:29:00,154.04,45.95,8.798,2420.0,0.503,68.9,130
2024-01-03 02:30:00,152.37,35.5,7.685,2309.8,2.257,96.5,130
2024-01-03 02:31:00,155.39,48.17,7.602,2192.9,1.289,77.1,130
2024-01-03 02:32:00,148.02,35.8,8.153,2185.8,0.555,96.9,115
2024-01-03 02:33:00,156.11,47.81,8.187,2359.2,1.238,74.0,130
2024-01-03 02:34:00,152.96,35.22,8.484,2323.3,0.621,98.7,130
2024-01-03 02:35:00,137.04,47.08,8.79,2186.2,0.907,66.6,100
2024-01-03 02:36:00,154.16,46.02,8.512,2296.2,0.784,64.4,130
2024-01-03 02:37:00,136.79,59.92,7.645,2088.7,0.501,30.2,100
2024-01-03 02:38:00,134.08,59.4,7.772,2160.0,1.463,16.1,100
2024-01-03 02:39:00,155.88,46.87,7.881,2315.4,1.215,75.4,130
2024-01-03 02:40:00,133.7,46.82,8.511,2232.2,2.259,72.6,100
2024-01-03 02:41:00,133.77,35.25,8.443,2112.4,0.803,98.4,100
2024-01-03 02:42:00,151.08,61.69,8.705,2313.9,2.221,39.3,130
2024-01-03 02:43:00,156.28,48.41,8.423,2298.4,0.595,70.6,130
2024-01-03 02:44:00,145.93,48.13,7.949,2411.9,1.061,61.5,115
2024-01-03 02:45:00,126.07,61.44,8.121,2009.8,2.106,39.4,90
2024-01-03 02:46:00,145.69,61.14,7.615,2199.2,0.522,36.1,115
2024-01-03 02:47:00,153.09,46.98,8.451,2233.4,0.909,60.6,130
2024-01-03 02:48:00,137.41,46.9,7.95,2254.3,0.935,70.7,100
2024-01-03 02:49:00,147.48,47.19,8.69,2340.2,0.593,67.2,115
2024-01-03 02:50:00,143.03,46.83,8.44,2212.6,1.355,78.2,115
2024-01-03 02:51:00,136.33,34.67,8.975,2244.8,2.136,95.6,100
2024-01-03 02:52:00,147.19,60.24,8.368,2256.2,1.631,16.5,115
2024-01-03 02:53:00,133.82,,8.36,2206.2,2.227,64.8,100
2024-01-03 02:54:00,134.26,35.61,8.127,2070.4,1.366,96.9,100
2024-01-03 02:55:00,146.34,46.2,8.046,2242.9,2.125,75.3,115
2024-01-03 02:56:00,151.22,35.44,8.097,2459.8,0.691,97.8,130
2024-01-03 02:57:00,132.28,47.15,8.6,2268.2,2.338,66.5,100
2024-01-03 02:58:00,122.53,35.22,7.661,2134.4,0.57,97.5,90
2024-01-03 02:59:00,150.51,34.19,8.225,2386.1,2.553,96.4,130
2024-01-03 03:00:00,147.71,46.05,7.533,2424.6,0.546,73.0,115
2024-01-03 03:01:00,150.03,35.87,8.349,2372.9,1.655,96.8,130
2024-01-03 03:02:00,135.86,59.55,8.017,2097.1,1.443,24.3,100
2024-01-03 03:03:00,137.03,60.45,8.401,2247.0,2.455,29.9,100
2024-01-03 03:04:00,154.27,35.51,7.903,2304.1,1.44,96.6,130
2024-01-03 03:05:00,123.33,35.34,8.097,2109.1,0.612,99.6,90
2024-01-03 03:06:00,155.58,60.28,8.453,2319.5,1.281,15.4,130
2024-01-03 03:07:00,135.0,46.46,8.25,2093.3,0.765,65.8,100
2024-01-03 03:08:00,147.51,60.32,8.817,2254.7,0.571,36.4,115
2024-01-03 03:09:00,148.43,46.66,8.007,2387.3,0.513,65.3,130
2024-01-03 03:10:00,152.7,37.53,7.973,2369.1,0.557,98.1,130
2024-01-03 03:11:00,156.4,46.09,8.695,2348.4,1.481,72.9,130
2024-01-03 03:12:00,135.13,46.71,8.053,2133.9,2.415,72.2,100
2024-01-03 03:13:00,146.88,46.75,8.035,2097.3,2.165,70.1,115
2024-01-03 03:14:00,155.66,58.92,8.353,2306.2,0.579,39.6,130
2024-01-03 03:15:00,154.66,47.58,8.134,2354.3,0.659,79.5,130
2024-01-03 03:16:00,154.24,35.16,8.075,2137.3,0.561,97.1,130
2024-01-03 03:17:00,140.81,33.6,7.923,2144.6,0.686,98.2,100
2024-01-03 03:18:00,138.84,36.06,8.745,2142.4,0.566,95.9,100
2024-01-03 03:19:00,156.24,59.49,8.14,2236.8,0.526,32.4,130
2024-01-03 03:20:00,145.2,35.42,7.975,2290.8,1.234,97.4,115
2024-01-03 03:21:00,156.35,36.04,8.081,2385.5,1.258,95.8,130
2024-01-03 03:22:00,127.07,35.21,8.342,2215.1,1.237,95.8,90
2024-01-03 03:23:00,126.05,46.7,8.785,2067.7,1.233,65.4,90
2024-01-03 03:24:00,133.12,48.97,8.132,2253.3,1.415,80.0,100
2024-01-03 03:25:00,129.46,45.28,7.855,2004.5,2.14,70.0,90
2024-01-03 03:26:00,135.62,58.97,8.968,2120.3,0.61,27.6,100
2024-01-03 03:27:00,140.03,46.13,8.254,2204.4,0.563,63.7,100
2024-01-03 03:28:00,145.47,48.43,8.158,2177.5,0.731,63.1,115
2024-01-03 03:29:00,154.39,46.48,8.229,2297.0,0.904,64.1,130
2024-01-03 03:30:00,158.46,35.69,7.702,2377.2,0.602,95.8,130
2024-01-03 03:31:00,155.75,46.62,8.182,2309.5,0.612,70.7,130
2024-01-03 03:32:00,145.33,60.48,8.504,2156.4,0.602,12.0,115
2024-01-03 03:33:00,152.0,35.49,8.688,2262.8,0.619,97.5,130
2024-01-03 03:34:00,156.65,35.7,8.057,2288.1,1.207,98.9,130
2024-01-03 03:35:00,143.77,36.53,8.275,2277.0,0.68,99.0,115
2024-01-03 03:36:00,153.88,35.85,8.695,2284.0,1.807,97.2,130
2024-01-03 03:37:00,143.77,46.41,8.215,2034.1,0.808,62.0,115
2024-01-03 03:38:00,126.1,35.75,8.488,2132.9,0.895,99.6,90
2024-01-03 03:39:00,131.16,61.93,8.37,2201.6,2.152,26.4,100
2024-01-03 03:40:00,134.47,47.45,7.934,2064.8,1.387,76.3,100
2024-01-03 03:41:00,147.45,47.12,7.834,2139.3,0.947,71.7,115
2024-01-03 03:42:00,141.89,45.9,8.624,2338.1,1.214,71.1,115
2024-01-03 03:43:00,155.43,60.58,7.13,2290.8,1.62,23.2,130
2024-01-03 03:44:00,123.42,36.2,7.933,2130.3,0.513,95.7,90
2024-01-03 03:45:00,153.99,35.75,7.642,2254.5,1.316,96.3,130
2024-01-03 03:46:00,159.14,35.59,8.624,2362.4,2.118,95.5,130
2024-01-03 03:47:00,130.87,62.27,8.746,2076.2,0.592,29.9,100
2024-01-03 03:48:00,156.91,36.18,7.91,2343.8,0.511,95.7,130
2024-01-03 03:49:00,153.81,36.49,9.306,2338.6,0.512,98.1,130
2024-01-03 03:50:00,153.68,47.05,8.751,2144.8,1.602,63.5,130
2024-01-03 03:51:00,152.22,35.39,8.279,2319.9,2.113,98.9,130
2024-01-03 03:52:00,156.88,47.51,8.8,2252.5,2.415,78.6,130
2024-01-03 03:53:00,154.52,46.89,7.943,2397.4,1.675,63.6,130
2024-01-03 03:54:00,134.21,35.46,8.089,2168.8,2.647,95.9,100
2024-01-03 03:55:00,135.27,47.37,8.385,2130.2,1.599,73.4,100
2024-01-03 03:56:00,154.57,46.59,7.923,2431.5,1.821,69.4,130
2024-01-03 03:57:00,120.0,35.68,7.686,1917.7,2.111,98.3,90
2024-01-03 03:58:00,153.77,35.56,7.825,2464.2,1.637,95.9,130
2024-01-03 03:59:00,157.24,60.77,8.121,2460.0,1.204,14.6,130
2024-01-03 04:00:00,151.23,59.51,8.388,2278.8,1.236,26.0,130
2024-01-03 04:01:00,142.28,58.4,8.065,2301.1,2.117,19.1,115
2024-01-03 04:02:00,143.93,35.25,7.544,2268.8,2.373,96.8,115
2024-01-03 04:03:00,143.19,47.32,8.388,2031.2,2.118,62.2,115
2024-01-03 04:04:00,134.93,60.77,8.709,2141.1,2.169,12.1,100
2024-01-03 04:05:00,142.27,34.95,7.936,2128.8,1.403,99.8,115
2024-01-03 04:06:00,144.03,47.43,8.865,2121.5,0.638,70.1,115
2024-01-03 04:07:00,124.88,47.91,8.548,2047.1,0.529,77.1,90
2024-01-03 04:08:00,156.62,47.6,7.778,2289.9,1.347,73.7,130
2024-01-03 04:09:00,158.11,34.87,7.941,2407.3,0.583,96.4,130
2024-01-03 04:10:00,134.35,59.45,8.075,2089.8,0.676,37.1,100
2024-01-03 04:11:00,149.72,47.35,8.126,2198.4,0.655,72.8,115
2024-01-03 04:12:00,154.54,36.8,7.225,2419.4,3.011,98.2,130
2024-01-03 04:13:00,157.07,47.01,7.899,2295.3,0.898,65.1,130
2024-01-03 04:14:00,149.83,46.87,7.979,2188.9,2.101,65.5,115
2024-01-03 04:15:00,145.35,45.9,8.956,2298.5,2.139,65.1,115
2024-01-03 04:16:00,151.57,59.71,8.291,2352.5,0.989,36.1,130
2024-01-03 04:17:00,125.23,59.43,7.881,2078.0,0.655,21.3,90
2024-01-03 04:18:00,133.47,47.02,8.025,2223.9,1.485,74.7,100
2024-01-03 04:19:00,144.31,45.79,8.37,2130.2,1.34,76.3,115
2024-01-03 04:20:00,139.96,59.74,8.049,2103.4,0.808,30.7,100
2024-01-03 04:21:00,121.94,34.69,7.966,2229.9,0.528,99.1,90
2024-01-03 04:22:00,155.75,36.25,7.979,2067.2,0.768,95.0,130
2024-01-03 04:23:00,152.81,34.81,8.392,2256.2,0.907,96.7,130
2024-01-03 04:24:00,144.23,35.04,7.647,2135.3,0.562,96.6,115
2024-01-03 04:25:00,136.86,47.23,7.765,2155.7,0.592,78.6,100
2024-01-03 04:26:00,155.8,35.14,7.829,2358.4,1.379,96.7,130
2024-01-03 04:27:00,124.44,48.89,7.758,2158.6,2.505,74.3,90
2024-01-03 04:28:00,143.38,36.24,7.871,2197.2,1.677,95.0,115
2024-01-03 04:29:00,155.79,35.51,8.559,2236.2,2.253,99.0,130
2024-01-03 04:30:00,159.27,35.79,8.615,2193.9,1.415,95.6,130
2024-01-03 04:31:00,152.75,33.62,8.309,2313.8,1.613,99.4,130
2024-01-03 04:32:00,139.78,47.99,8.286,2320.2,0.553,61.8,100
2024-01-03 04:33:00,128.0,47.41,7.932,2023.0,0.849,74.0,90
2024-01-03 04:34:00,148.42,46.94,7.368,2224.3,2.161,71.4,115
2024-01-03 04:35:00,125.77,35.95,8.258,2080.9,2.274,99.0,90
2024-01-03 04:36:00,137.93,60.55,8.319,2116.2,1.046,36.0,100
2024-01-03 04:37:00,142.48,35.17,7.931,2343.9,0.643,98.3,115
2024-01-03 04:38:00,133.33,-2.68,7.77,2246.7,1.22,99.4,100
2024-01-03 04:39:00,146.91,47.84,7.691,2295.5,0.952,79.6,115
2024-01-03 04:40:00,145.74,35.86,8.267,2306.8,0.676,97.8,115
2024-01-03 04:41:00,154.63,35.3,8.233,2255.2,2.115,99.8,130
2024-01-03 04:42:00,128.74,35.74,8.678,2058.2,1.202,96.9,100
2024-01-03 04:43:00,153.91,36.61,7.878,2255.8,1.261,98.8,130
2024-01-03 04:44:00,132.06,47.63,8.085,2172.4,2.126,75.1,100
2024-01-03 04:45:00,136.23,34.57,8.207,2124.0,1.398,97.4,100
2024-01-03 04:46:00,154.52,35.97,7.98,2355.5,1.382,96.7,130
2024-01-03 04:47:00,153.43,60.36,8.536,2318.7,0.868,13.4,130
2024-01-03 04:48:00,151.61,47.93,8.695,2122.9,0.644,71.4,115
2024-01-03 04:49:00,147.6,35.53,7.758,2329.3,1.258,97.2,115
2024-01-03 04:50:00,157.64,46.7,8.017,2269.1,0.51,66.3,130
2024-01-03 04:51:00,150.51,34.41,8.73,2292.9,0.502,98.2,115
2024-01-03 04:52:00,157.01,34.94,8.329,2242.2,1.02,95.6,130
2024-01-03 04:53:00,153.07,60.97,8.247,2239.5,0.531,18.7,130
2024-01-03 04:54:00,152.78,47.16,8.336,2235.7,0.638,73.3,130
2024-01-03 04:55:00,157.41,35.42,8.462,2195.5,1.517,96.0,130
2024-01-03 04:56:00,129.85,48.04,8.356,2037.4,1.028,70.4,100
2024-01-03 04:57:00,124.81,60.87,8.285,2100.4,0.545,27.0,90
2024-01-03 04:58:00,139.57,59.41,8.204,2155.8,1.253,16.0,115
2024-01-03 04:59:00,145.25,47.96,8.739,2257.7,2.14,79.9,115
2024-01-03 05:00:00,157.14,34.17,8.093,2318.1,0.535,96.5,130
2024-01-03 05:01:00,145.7,47.37,8.2,2300.4,1.321,67.4,115
2024-01-03 05:02:00,157.35,35.77,8.821,2228.5,1.402,98.1,130
2024-01-03 05:03:00,149.91,47.92,8.33,2314.9,1.445,73.4,115
2024-01-03 05:04:00,124.64,47.3,8.173,1997.5,0.579,64.5,90
2024-01-03 05:05:00,162.02,35.3,8.452,2090.6,2.296,98.0,130
2024-01-03 05:06:00,135.53,35.37,8.291,2165.2,1.2,98.3,100
2024-01-03 05:07:00,157.37,62.15,7.904,2240.0,2.538,14.4,130
2024-01-03 05:08:00,153.47,47.07,8.298,2430.0,0.908,67.3,130
2024-01-03 05:09:00,159.05,60.48,7.876,2334.1,1.357,21.6,130
2024-01-03 05:10:00,157.6,45.38,8.931,2303.2,1.256,61.7,130
2024-01-03 05:11:00,158.68,34.84,8.296,2326.1,1.217,97.9,130
2024-01-03 05:12:00,155.14,60.42,7.825,2270.2,0.833,29.4,130
2024-01-03 05:13:00,141.86,45.71,8.043,2364.7,1.203,67.9,115
2024-01-03 05:14:00,156.15,47.44,8.504,2266.2,0.627,73.4,130
2024-01-03 05:15:00,130.76,34.92,7.764,2187.1,1.222,97.1,100
2024-01-03 05:16:00,124.16,34.67,9.288,2004.5,0.528,99.2,90
2024-01-03 05:17:00,145.48,59.42,7.618,2230.1,0.5,29.9,115
2024-01-03 05:18:00,160.94,36.72,8.57,2211.0,1.433,95.7,130
2024-01-03 05:19:00,155.8,47.27,8.005,2328.3,0.558,78.5,130
2024-01-03 05:20:00,125.35,46.27,7.876,2075.2,2.173,61.9,90
2024-01-03 05:21:00,144.84,36.12,8.415,2273.9,2.11,96.3,115
2024-01-03 05:22:00,141.64,36.16,8.018,2267.5,1.202,96.3,115
2024-01-03 05:23:00,155.21,35.19,8.837,2312.3,2.415,97.1,130
2024-01-03 05:24:00,145.26,36.27,7.639,2393.2,2.317,95.7,115
2024-01-03 05:25:00,152.58,47.81,8.425,2308.5,0.596,70.8,130
2024-01-03 05:26:00,122.03,36.18,8.09,2073.1,2.114,98.5,90
2024-01-03 05:27:00,123.8,46.46,8.319,2063.2,0.799,72.4,90
2024-01-03 05:28:00,155.16,46.06,8.406,2326.2,1.022,68.9,130
2024-01-03 05:29:00,143.86,45.65,7.507,2207.1,1.35,67.1,115
2024-01-03 05:30:00,152.37,34.98,8.294,2280.5,1.23,99.3,130
2024-01-03 05:31:00,145.72,46.71,8.636,2290.2,0.711,67.2,115
2024-01-03 05:32:00,126.35,46.77,8.387,2066.1,0.515,70.2,90
2024-01-03 05:33:00,145.3,35.46,8.052,2314.3,1.236,96.7,115
2024-01-03 05:34:00,153.59,61.39,7.634,2158.5,0.627,11.0,130
2024-01-03 05:35:00,156.49,46.73,8.403,2431.8,1.257,66.4,130
2024-01-03 05:36:00,134.52,46.96,8.95,2221.6,1.732,64.4,100
2024-01-03 05:37:00,142.03,58.55,8.465,2225.9,0.831,19.1,115
2024-01-03 05:38:00,147.59,61.78,8.663,2223.8,0.565,36.5,115
2024-01-03 05:39:00,155.88,58.95,8.573,2361.3,1.864,12.9,130
2024-01-03 05:40:00,154.7,34.93,8.043,2227.9,0.595,98.7,130
2024-01-03 05:41:00,121.07,47.56,8.236,2073.1,0.668,68.9,90
2024-01-03 05:42:00,143.14,35.7,8.547,2242.4,0.666,96.5,115
2024-01-03 05:43:00,150.05,36.81,7.568,2066.5,0.71,96.1,115
2024-01-03 05:44:00,141.23,47.58,8.461,2257.8,0.556,72.1,115
2024-01-03 05:45:00,134.37,35.43,8.704,2041.8,1.71,98.2,100
2024-01-03 05:46:00,154.96,47.84,8.179,2396.6,1.262,63.4,130
2024-01-03 05:47:00,155.8,36.43,8.526,2417.0,1.419,95.7,130
2024-01-03 05:48:00,141.26,46.47,7.978,2350.8,2.39,72.9,115
2024-01-03 05:49:00,135.44,47.77,8.215,2124.2,0.927,76.4,100
2024-01-03 05:50:00,130.78,35.32,8.091,2123.1,0.622,96.9,100
2024-01-03 05:51:00,125.24,35.42,8.384,1911.9,1.449,100.0,90
2024-01-03 05:52:00,153.37,35.61,8.158,2364.4,1.218,96.0,130
2024-01-03 05:53:00,152.84,46.7,7.53,2189.3,1.501,79.6,130
2024-01-03 05:54:00,127.09,35.15,7.913,1954.1,1.482,96.3,90
2024-01-03 05:55:00,144.41,47.79,8.977,2205.7,1.306,71.4,115
2024-01-03 05:56:00,146.18,45.78,8.427,2141.5,0.575,70.6,115
2024-01-03 05:57:00,136.27,46.15,7.361,2073.1,1.296,65.1,100
2024-01-03 05:58:00,148.17,36.04,8.683,2233.8,1.219,99.0,115
2024-01-03 05:59:00,151.98,46.94,7.739,2380.5,2.303,64.7,130
2024-01-03 06:00:00,137.3,47.79,8.557,2193.2,1.688,74.6,100
2024-01-03 06:01:00,135.04,35.79,8.717,2165.2,1.419,97.3,100
2024-01-03 06:02:00,144.05,45.93,8.241,2321.8,1.374,70.0,115
2024-01-03 06:03:00,142.13,60.05,7.801,2240.2,3.036,18.8,115
2024-01-03 06:04:00,156.52,60.43,7.914,2267.9,2.256,34.1,130
2024-01-03 06:05:00,152.69,35.69,8.452,2248.4,1.285,98.2,130
2024-01-03 06:06:00,156.29,46.63,7.746,2354.2,1.444,76.4,130
2024-01-03 06:07:00,159.82,46.78,7.967,2221.9,0.647,68.3,130
2024-01-03 06:08:00,127.45,35.05,8.405,2097.9,1.916,99.3,90
2024-01-03 06:09:00,138.48,34.44,7.94,2115.7,1.656,99.1,100
2024-01-03 06:10:00,133.2,45.83,8.768,2083.0,1.787,68.8,100
2024-01-03 06:11:00,146.91,35.81,7.785,2161.6,0.5,97.4,115
2024-01-03 06:12:00,152.14,34.8,6.885,2387.2,1.281,96.9,130
2024-01-03 06:13:00,124.42,35.96,7.889,2001.4,0.697,99.9,90
2024-01-03 06:14:00,159.35,59.52,8.324,2287.7,1.274,14.9,130
2024-01-03 06:15:00,153.48,34.45,8.545,2272.5,0.714,96.4,130
2024-01-03 06:16:00,147.78,46.67,8.037,2314.7,1.451,64.4,115
2024-01-03 06:17:00,127.54,48.68,8.089,2193.1,0.695,78.1,90
2024-01-03 06:18:00,127.69,46.92,8.188,2142.7,0.623,79.4,90
2024-01-03 06:19:00,151.83,60.52,8.897,2279.9,1.439,13.5,130
2024-01-03 06:20:00,126.31,60.14,8.352,2097.4,0.803,10.2,90
2024-01-03 06:21:00,154.61,34.38,8.003,2237.2,1.438,96.8,130
2024-01-03 06:22:00,157.72,61.16,9.021,2326.8,2.434,12.5,130
2024-01-03 06:23:00,130.86,46.8,8.204,2009.4,2.688,69.7,100
2024-01-03 06:24:00,125.92,45.95,7.37,2088.8,0.522,67.7,90
2024-01-03 06:25:00,145.57,59.59,7.645,2225.6,2.574,38.1,115
2024-01-03 06:26:00,140.02,35.34,8.423,2265.3,0.564,98.3,115
2024-01-03 06:27:00,132.79,47.6,7.489,2149.0,2.266,61.5,100
2024-01-03 06:28:00,130.42,46.46,8.399,2216.8,1.771,79.6,100
2024-01-03 06:29:00,123.18,49.1,7.888,2008.9,0.694,76.4,90
2024-01-03 06:30:00,146.37,46.25,8.671,2290.5,0.518,67.6,115
2024-01-03 06:31:00,125.49,60.49,8.267,2107.8,0.638,14.7,90
2024-01-03 06:32:00,125.42,33.92,7.545,2157.2,1.65,99.4,90
2024-01-03 06:33:00,152.4,35.4,8.566,2402.5,0.606,97.1,130
2024-01-03 06:34:00,137.8,47.29,8.745,2073.8,1.577,60.1,100
2024-01-03 06:35:00,144.95,34.6,7.689,2271.4,1.516,95.2,115
2024-01-03 06:36:00,155.08,36.7,7.879,2216.7,2.574,98.7,130
2024-01-03 06:37:00,147.35,35.85,8.401,2322.8,2.161,99.8,115
2024-01-03 06:38:00,152.52,46.75,8.473,2241.8,0.637,71.7,130
2024-01-03 06:39:00,145.57,47.34,9.141,2199.6,1.282,69.2,115
2024-01-03 06:40:00,126.06,46.53,8.556,2087.4,2.253,60.3,90
2024-01-03 06:41:00,153.64,36.5,9.16,2369.1,2.104,97.9,130
2024-01-03 06:42:00,146.63,36.31,8.208,2259.7,0.555,99.4,115
2024-01-03 06:43:00,126.19,47.3,8.353,2131.3,1.23,64.4,90
2024-01-03 06:44:00,144.75,47.49,7.973,2231.0,0.685,61.4,115
2024-01-03 06:45:00,154.67,34.32,7.991,2329.5,0.538,95.8,130
2024-01-03 06:46:00,146.31,36.67,8.259,2088.7,0.642,96.1,115
2024-01-03 06:47:00,146.97,35.42,7.967,2312.1,0.739,95.6,115
2024-01-03 06:48:00,145.16,36.32,7.174,2206.7,1.385,98.2,115
2024-01-03 06:49:00,137.8,47.6,7.933,2115.6,0.639,64.2,100
2024-01-03 06:50:00,146.65,36.31,8.631,2384.9,1.424,98.6,115
2024-01-03 06:51:00,130.53,34.66,8.229,1933.3,0.537,95.7,100
2024-01-03 06:52:00,141.49,59.26,8.231,2237.6,2.215,28.5,115
2024-01-03 06:53:00,157.96,48.8,7.895,2130.8,2.377,66.6,130
2024-01-03 06:54:00,134.38,34.28,8.333,2177.2,1.373,96.9,100
2024-01-03 06:55:00,135.41,59.12,8.863,2094.1,2.573,21.8,100
2024-01-03 06:56:00,147.85,35.53,8.76,1995.3,0.617,97.4,115
2024-01-03 06:57:00,154.98,35.54,8.346,2397.1,1.228,99.5,130
2024-01-03 06:58:00,155.09,35.07,7.859,2206.8,0.51,97.3,130
2024-01-03 06:59:00,152.83,60.49,8.907,2385.9,0.63,38.5,130
2024-01-03 07:00:00,155.92,47.72,8.624,2232.0,0.615,78.4,130
2024-01-03 07:01:00,136.47,35.49,7.608,2112.9,1.259,97.0,100
2024-01-03 07:02:00,153.56,46.79,7.497,2127.3,0.679,68.3,130
2024-01-03 07:03:00,132.69,35.48,7.63,2184.0,1.258,96.5,100
2024-01-03 07:04:00,161.57,35.1,8.003,2264.1,0.549,96.0,130
2024-01-03 07:05:00,154.77,58.64,8.561,2280.7,2.295,38.9,130
2024-01-03 07:06:00,143.29,47.24,8.551,2222.4,1.78,78.4,115
2024-01-03 07:07:00,156.77,47.61,8.336,2178.2,0.545,69.0,130
2024-01-03 07:08:00,124.87,46.88,8.144,2125.3,0.54,77.6,90
2024-01-03 07:09:00,152.29,33.69,9.149,2264.9,2.247,98.1,130
2024-01-03 07:10:00,146.21,35.04,8.214,2413.6,0.525,97.1,115
2024-01-03 07:11:00,132.87,36.22,8.165,2111.6,1.27,98.4,100
2024-01-03 07:12:00,148.94,34.35,7.997,2198.8,2.137,95.4,115
2024-01-03 07:13:00,156.24,47.56,9.085,2201.5,0.868,60.7,130
2024-01-03 07:14:00,144.31,35.14,8.488,2100.9,0.745,97.8,115
2024-01-03 07:15:00,135.27,35.48,7.786,2220.2,0.505,98.7,100
2024-01-03 07:16:00,127.26,34.95,7.739,2154.9,0.562,98.3,90
2024-01-03 07:17:00,125.46,34.59,7.528,2024.8,0.669,97.0,90
2024-01-03 07:18:00,160.31,48.15,8.161,2319.7,0.748,66.6,130
2024-01-03 07:19:00,127.84,36.15,7.601,2169.3,0.721,95.6,90
2024-01-03 07:20:00,156.22,47.52,7.733,2333.2,0.541,67.8,130
2024-01-03 07:21:00,152.66,47.73,8.627,2348.8,2.226,77.0,130
2024-01-03 07:22:00,134.63,47.4,8.556,2157.0,1.244,66.6,100
2024-01-03 07:23:00,156.2,36.26,8.797,2257.8,1.714,97.7,130
2024-01-03 07:24:00,152.94,34.97,7.612,2340.8,0.663,95.9,130
2024-01-03 07:25:00,158.23,36.6,7.799,2459.2,0.599,95.8,130
2024-01-03 07:26:00,142.56,36.53,7.949,2188.4,2.6,98.7,115
2024-01-03 07:27:00,133.41,47.3,8.856,2219.4,1.669,62.6,100
2024-01-03 07:28:00,143.59,35.27,8.225,2244.5,0.64,99.7,115
2024-01-03 07:29:00,156.86,46.02,8.929,2262.8,0.732,72.7,130
2024-01-03 07:30:00,142.99,47.18,8.451,2301.6,1.277,70.7,115
2024-01-03 07:31:00,120.5,61.35,8.155,2132.3,2.174,15.4,90
2024-01-03 07:32:00,137.72,34.57,8.43,2196.4,0.66,96.3,100
2024-01-03 07:33:00,153.89,36.31,7.508,2449.9,1.575,98.2,130
2024-01-03 07:34:00,122.33,46.62,7.378,2216.8,1.382,64.9,90
2024-01-03 07:35:00,133.11,59.69,8.304,2154.3,2.223,31.7,100
2024-01-03 07:36:00,159.29,34.56,8.206,2301.5,2.318,95.6,130
2024-01-03 07:37:00,153.36,59.4,8.973,2195.8,0.835,36.1,130
2024-01-03 07:38:00,154.69,36.02,7.648,2432.7,1.51,98.7,130
2024-01-03 07:39:00,133.88,36.12,8.349,2144.2,1.293,96.6,100
2024-01-03 07:40:00,151.92,47.19,8.478,2261.3,1.749,77.3,130
2024-01-03 07:41:00,143.14,46.6,8.337,2155.3,2.103,74.0,115
2024-01-03 07:42:00,151.75,34.62,8.64,2234.8,2.22,98.5,130
2024-01-03 07:43:00,127.39,35.55,7.947,2210.7,0.976,98.0,90
2024-01-03 07:44:00,155.25,46.71,8.533,2381.9,0.738,68.2,130
2024-01-03 07:45:00,131.21,35.67,8.425,1951.0,1.443,96.6,90
2024-01-03 07:46:00,123.23,59.74,8.666,1954.2,0.534,21.2,90
2024-01-03 07:47:00,152.85,46.76,7.996,2319.7,0.674,65.9,130
2024-01-03 07:48:00,148.83,35.63,7.726,2148.7,1.182,95.0,115
2024-01-03 07:49:00,157.64,35.78,7.949,2289.8,2.148,97.5,130
2024-01-03 07:50:00,125.96,60.98,7.775,2194.2,0.579,12.5,90
2024-01-03 07:51:00,142.22,35.23,7.974,2315.6,1.298,95.7,115
2024-01-03 07:52:00,159.36,47.44,8.066,2173.1,0.589,68.1,130
2024-01-03 07:53:00,154.82,48.44,7.835,2229.1,0.697,65.5,130
2024-01-03 07:54:00,153.92,60.46,8.203,2329.7,0.553,15.1,130
2024-01-03 07:55:00,127.86,36.43,7.728,2160.4,0.641,98.5,90
2024-01-03 07:56:00,134.94,59.5,8.171,2084.3,2.202,31.7,100
2024-01-03 07:57:00,122.09,46.42,8.002,2099.5,2.307,72.0,90
2024-01-03 07:58:00,155.1,46.87,8.152,2273.6,1.255,60.3,130
2024-01-03 07:59:00,153.05,35.46,8.357,2450.2,0.661,99.1,130
2024-01-03 08:00:00,117.48,36.36,8.033,2119.8,1.47,98.1,90
2024-01-03 08:01:00,152.8,34.92,7.889,2294.5,0.736,95.3,130
2024-01-03 08:02:00,123.68,46.93,7.938,1950.4,0.859,65.4,90
2024-01-03 08:03:00,152.11,36.36,8.609,2225.1,1.825,96.5,130
2024-01-03 08:04:00,156.44,35.67,8.711,2108.0,1.585,95.9,130
2024-01-03 08:05:00,133.06,35.49,7.994,2171.8,1.057,96.4,100
2024-01-03 08:06:00,126.2,35.69,8.138,2123.3,0.504,99.2,90
2024-01-03 08:07:00,121.92,59.1,7.518,2127.3,2.298,29.7,90
2024-01-03 08:08:00,,34.58,8.127,2260.9,0.562,97.2,130
2024-01-03 08:09:00,151.81,58.73,7.619,2412.4,2.431,26.8,130
2024-01-03 08:10:00,139.15,47.17,8.005,2356.7,2.442,64.5,115
2024-01-03 08:11:00,148.09,47.74,8.631,2176.8,1.21,73.7,115
2024-01-03 08:12:00,132.86,47.61,7.599,2244.5,0.681,61.2,100
2024-01-03 08:13:00,159.39,47.91,7.839,2321.2,1.581,70.6,130
2024-01-03 08:14:00,126.41,36.66,7.841,2027.9,0.677,96.6,90
2024-01-03 08:15:00,146.98,47.12,7.532,2328.5,0.611,67.7,115
2024-01-03 08:16:00,137.61,35.45,8.545,2053.5,1.216,95.5,100
2024-01-03 08:17:00,145.28,48.18,8.311,2111.2,0.762,66.9,115
2024-01-03 08:18:00,145.31,59.44,8.924,2198.3,0.516,11.0,115
2024-01-03 08:19:00,128.2,34.56,7.802,2051.7,1.382,95.6,90
2024-01-03 08:20:00,145.28,46.73,7.491,2098.5,1.699,69.8,115
2024-01-03 08:21:00,123.18,46.64,8.577,2109.3,0.609,66.8,90
2024-01-03 08:22:00,126.46,35.54,8.056,2007.6,0.794,97.4,90
2024-01-03 08:23:00,129.72,46.32,8.013,2045.3,0.822,61.3,100
2024-01-03 08:24:00,148.3,60.3,8.791,2282.0,0.502,38.5,115
2024-01-03 08:25:00,158.35,46.54,8.268,2275.6,1.693,74.4,130
2024-01-03 08:26:00,158.0,36.48,8.562,2394.6,1.242,95.4,130
2024-01-03 08:27:00,157.9,34.54,7.951,2346.7,1.266,99.5,130
2024-01-03 08:28:00,154.79,35.39,7.91,2294.2,0.909,96.4,130
2024-01-03 08:29:00,154.73,35.23,8.054,2397.8,0.732,99.5,130
2024-01-03 08:30:00,151.93,47.18,8.468,2343.6,0.593,71.3,130
2024-01-03 08:31:00,159.37,47.74,8.22,2308.4,0.518,78.3,130
2024-01-03 08:32:00,143.79,35.71,8.387,2270.9,0.598,98.0,115
2024-01-03 08:33:00,155.85,59.9,7.159,2353.5,1.178,34.5,130
2024-01-03 08:34:00,155.64,47.55,7.447,2222.4,0.522,79.7,130
2024-01-03 08:35:00,131.65,47.67,7.339,2338.7,1.574,71.3,100
2024-01-03 08:36:00,140.64,47.22,8.048,2235.4,1.279,78.3,115
2024-01-03 08:37:00,145.01,35.81,7.641,2237.0,1.413,95.0,115
2024-01-03 08:38:00,143.87,60.52,8.876,2089.4,0.7,23.5,115
2024-01-03 08:39:00,134.78,45.68,8.191,2160.3,2.179,69.2,100
2024-01-03 08:40:00,147.66,59.72,8.287,2243.7,2.111,22.9,115
2024-01-03 08:41:00,145.56,35.8,7.764,2138.0,0.532,98.4,115
2024-01-03 08:42:00,126.9,59.77,7.752,1986.8,1.367,37.4,90
2024-01-03 08:43:00,136.11,46.77,8.82,2078.1,2.695,60.3,100
2024-01-03 08:44:00,144.21,35.8,8.913,2206.4,1.72,98.9,115
2024-01-03 08:45:00,142.5,35.82,8.366,2247.1,0.524,95.4,115
2024-01-03 08:46:00,155.66,47.37,7.387,2292.2,0.916,79.1,130
2024-01-03 08:47:00,145.21,46.37,8.03,2254.2,1.253,72.7,115
2024-01-03 08:48:00,127.29,45.87,8.325,2124.0,0.981,75.3,90
2024-01-03 08:49:00,144.62,47.64,8.109,2273.4,2.384,68.7,115
2024-01-03 08:50:00,124.26,46.41,7.352,2099.1,1.85,65.3,90
2024-01-03 08:51:00,144.43,46.35,8.94,2252.9,0.617,75.3,115
2024-01-03 08:52:00,122.7,46.28,7.866,2093.1,1.463,69.4,90
2024-01-03 08:53:00,148.62,47.92,7.664,2218.3,1.466,80.0,115
2024-01-03 08:54:00,157.85,35.67,8.188,2257.2,0.637,99.1,130
2024-01-03 08:55:00,141.97,35.77,8.674,2222.5,1.234,98.4,115
2024-01-03 08:56:00,157.01,36.05,8.405,2362.3,2.156,97.5,130
2024-01-03 08:57:00,150.39,59.97,7.674,2361.8,2.057,14.0,130
2024-01-03 08:58:00,137.46,60.81,7.608,2190.6,0.834,19.7,100
2024-01-03 08:59:00,153.26,34.54,7.323,2272.0,0.691,97.7,130
2024-01-03 09:00:00,135.9,46.13,8.083,2132.7,1.216,75.1,100
2024-01-03 09:01:00,150.18,59.09,8.011,2293.0,1.26,36.8,130
2024-01-03 09:02:00,152.0,35.84,8.406,2261.4,0.868,99.8,130
2024-01-03 09:03:00,126.17,35.91,7.926,2141.5,1.461,99.3,90
2024-01-03 09:04:00,153.25,35.12,8.589,2162.8,1.158,97.2,130
2024-01-03 09:05:00,142.9,46.81,8.462,2391.8,0.601,78.4,115
2024-01-03 09:06:00,148.49,61.01,7.908,2395.9,1.65,33.4,115
2024-01-03 09:07:00,150.53,34.94,8.356,2234.0,0.896,95.5,115
2024-01-03 09:08:00,127.34,47.24,8.732,2102.4,2.777,76.8,90
2024-01-03 09:09:00,132.27,34.95,7.816,2217.9,0.564,98.4,100
2024-01-03 09:10:00,149.41,36.38,8.115,2169.4,1.336,98.8,115
2024-01-03 09:11:00,121.1,36.0,8.107,2115.4,0.517,99.2,90
2024-01-03 09:12:00,154.24,45.88,8.057,2415.5,0.679,77.0,130
2024-01-03 09:13:00,145.14,46.79,8.521,2085.8,1.464,73.5,115
2024-01-03 09:14:00,129.81,33.84,8.552,1954.7,0.554,96.8,90
2024-01-03 09:15:00,147.28,36.22,8.363,2290.0,1.237,99.1,115
2024-01-03 09:16:00,133.84,37.14,8.344,2128.4,1.404,96.9,100
2024-01-03 09:17:00,132.64,58.26,7.975,2119.1,1.3,10.7,100
2024-01-03 09:18:00,137.51,58.86,8.332,2123.8,1.311,25.8,100
2024-01-03 09:19:00,123.67,35.63,7.686,1979.8,1.327,96.7,90
2024-01-03 09:20:00,155.54,35.49,9.191,2277.2,1.343,97.3,130
2024-01-03 09:21:00,151.58,35.17,8.74,2204.4,1.244,97.7,130
2024-01-03 09:22:00,146.42,45.61,8.583,2334.7,2.272,60.8,115
2024-01-03 09:23:00,136.22,35.76,8.363,2160.7,0.514,99.2,100
2024-01-03 09:24:00,151.9,36.21,8.364,2318.5,1.224,96.1,130
2024-01-03 09:25:00,157.58,37.78,7.524,2363.3,0.749,99.7,130
2024-01-03 09:26:00,156.39,48.05,7.697,2533.2,0.763,70.3,130
2024-01-03 09:27:00,126.85,58.96,7.746,1985.8,0.562,17.2,90
2024-01-03 09:28:00,134.05,35.49,8.223,2002.6,2.141,96.7,100
2024-01-03 09:29:00,145.45,47.47,8.087,2227.5,1.211,70.7,115
2024-01-03 09:30:00,155.16,46.45,8.525,2163.9,1.309,64.8,130
2024-01-03 09:31:00,154.63,36.12,7.814,2282.9,0.642,98.2,130
2024-01-03 09:32:00,155.43,47.56,8.611,2380.0,0.959,62.6,130
2024-01-03 09:33:00,158.14,36.49,7.872,2432.2,2.1,98.0,130
2024-01-03 09:34:00,127.69,47.64,8.033,1944.7,0.604,78.6,90
2024-01-03 09:35:00,122.05,35.73,8.558,1994.5,0.609,96.8,90
2024-01-03 09:36:00,157.46,34.99,8.402,2339.1,0.935,97.4,130
2024-01-03 09:37:00,157.98,58.97,7.699,2370.3,1.244,18.5,130
2024-01-03 09:38:00,154.62,60.18,8.626,2374.9,0.514,31.0,130
2024-01-03 09:39:00,146.27,46.68,8.236,2348.0,0.596,63.4,115
2024-01-03 09:40:00,156.24,59.75,7.343,2368.3,1.39,37.8,130
2024-01-03 09:41:00,152.88,36.4,7.863,2300.4,0.891,95.6,130
2024-01-03 09:42:00,154.05,36.6,8.036,2395.0,1.263,96.7,130
2024-01-03 09:43:00,136.88,46.01,7.732,2155.6,0.558,60.3,100
2024-01-03 09:44:00,133.76,46.83,8.737,2172.0,0.579,76.3,100
2024-01-03 09:45:00,147.44,46.65,8.05,2190.5,1.225,72.7,115
2024-01-03 09:46:00,158.26,35.75,8.384,2322.5,2.856,99.9,130
2024-01-03 09:47:00,127.86,58.19,8.283,1939.6,1.356,34.1,90
2024-01-03 09:48:00,129.95,34.33,8.482,2152.8,1.264,98.2,90
2024-01-03 09:49:00,154.77,35.41,8.869,2229.3,0.59,95.5,130
2024-01-03 09:50:00,155.44,36.13,8.47,2239.0,0.902,95.8,130
2024-01-03 09:51:00,145.8,47.06,8.897,2043.9,0.724,73.0,115
2024-01-03 09:52:00,154.85,36.04,8.481,2244.2,2.261,95.3,130
2024-01-03 09:53:00,146.36,60.16,8.253,2153.3,2.358,27.3,115
2024-01-03 09:54:00,140.72,48.02,8.329,2247.4,2.382,74.1,115
2024-01-03 09:55:00,145.51,36.69,7.15,2126.4,0.543,98.3,115
2024-01-03 09:56:00,151.56,34.89,8.018,2274.5,1.235,97.2,130
2024-01-03 09:57:00,142.59,60.71,8.143,2175.6,1.88,19.4,115
2024-01-03 09:58:00,126.83,47.41,8.375,1929.2,1.241,79.2,90
2024-01-03 09:59:00,154.5,49.0,8.19,2329.0,1.325,78.8,130
2024-01-03 10:00:00,136.74,46.36,8.334,2132.5,2.012,64.1,100
2024-01-03 10:01:00,154.45,46.91,7.671,,0.608,71.5,130
2024-01-03 10:02:00,157.77,59.17,7.567,2376.4,0.645,24.4,130
2024-01-03 10:03:00,144.4,46.22,7.727,2230.6,0.82,67.0,115
2024-01-03 10:04:00,150.11,35.81,8.828,2283.4,0.583,99.6,130
2024-01-03 10:05:00,155.56,35.66,7.693,2383.8,0.613,95.9,130
2024-01-03 10:06:00,149.58,35.93,7.885,2283.9,0.581,99.2,130
2024-01-03 10:07:00,141.37,60.42,8.242,2189.6,0.568,34.9,115
2024-01-03 10:08:00,132.79,35.31,7.563,2203.6,1.328,98.0,100
2024-01-03 10:09:00,152.48,35.31,7.851,2247.6,2.374,95.4,130
2024-01-03 10:10:00,133.64,34.72,8.471,2243.4,2.504,96.2,100
2024-01-03 10:11:00,152.39,34.94,8.025,2322.8,0.627,95.8,130
2024-01-03 10:12:00,141.49,35.45,8.873,2355.5,0.577,95.8,115
2024-01-03 10:13:00,148.85,47.16,7.521,2225.2,0.985,77.4,115
2024-01-03 10:14:00,133.3,47.57,8.062,2225.9,2.182,64.3,100
2024-01-03 10:15:00,119.42,35.99,8.025,1938.9,1.498,96.0,90
2024-01-03 10:16:00,124.1,36.75,8.196,2172.6,0.776,95.9,90
2024-01-03 10:17:00,152.19,34.72,7.709,2365.1,2.11,98.4,130
2024-01-03 10:18:00,122.79,46.81,7.968,2018.4,0.539,67.0,90
2024-01-03 10:19:00,156.78,59.29,8.516,2379.2,2.27,22.4,130
2024-01-03 10:20:00,123.88,48.02,8.092,1968.6,0.904,69.2,90
2024-01-03 10:21:00,152.12,35.1,7.772,2270.2,0.68,97.3,130
2024-01-03 10:22:00,156.12,36.42,9.032,2241.9,1.472,96.1,130
2024-01-03 10:23:00,157.87,48.16,8.22,2383.6,2.365,65.8,130
2024-01-03 10:24:00,156.34,47.33,8.445,2409.9,2.236,75.5,130
2024-01-03 10:25:00,128.87,47.23,8.506,2114.1,1.365,71.1,100
2024-01-03 10:26:00,122.21,35.53,8.172,1968.3,0.515,99.0,90
2024-01-03 10:27:00,145.12,35.25,7.884,2151.9,1.025,96.6,115
2024-01-03 10:28:00,134.39,35.15,8.28,2157.4,2.324,96.8,100
2024-01-03 10:29:00,134.18,46.88,7.92,2152.3,1.234,79.1,100
2024-01-03 10:30:00,152.54,36.96,8.349,2282.8,1.256,98.4,130
2024-01-03 10:31:00,151.49,46.17,8.134,2243.6,0.501,79.5,130
2024-01-03 10:32:00,160.02,35.66,8.612,2440.3,1.261,97.8,130
2024-01-03 10:33:00,155.07,47.57,7.743,2260.4,0.576,69.1,130
2024-01-03 10:34:00,156.61,46.77,8.487,2243.4,1.43,77.5,130
2024-01-03 10:35:00,155.02,35.83,8.446,2401.8,2.23,96.8,130
2024-01-03 10:36:00,155.12,34.3,8.104,2287.4,1.57,98.7,130
2024-01-03 10:37:00,154.84,61.06,8.492,2351.0,0.518,20.5,130
2024-01-03 10:38:00,122.2,36.4,8.368,2000.0,0.746,98.0,90
2024-01-03 10:39:00,151.21,46.92,8.467,2350.5,0.916,60.8,130
2024-01-03 10:40:00,145.97,46.3,8.441,2288.8,2.209,79.6,115
2024-01-03 10:41:00,145.47,60.63,8.22,2140.7,0.568,38.7,115
2024-01-03 10:42:00,147.35,46.08,7.962,2187.3,2.218,78.6,115
2024-01-03 10:43:00,156.84,46.2,7.957,2237.6,1.511,72.9,130
2024-01-03 10:44:00,152.98,59.96,8.114,2267.8,1.703,37.8,130
2024-01-03 10:45:00,157.83,48.21,8.537,2438.1,2.114,67.2,130
2024-01-03 10:46:00,156.91,36.01,8.453,2330.6,1.35,99.3,130
2024-01-03 10:47:00,156.73,59.48,8.602,2465.8,2.304,23.6,130
2024-01-03 10:48:00,150.62,34.15,8.643,2348.6,0.504,97.1,115
2024-01-03 10:49:00,140.11,47.03,8.113,2240.5,1.24,65.3,100
2024-01-03 10:50:00,146.72,35.7,8.985,2346.4,1.213,96.9,115
2024-01-03 10:51:00,146.41,46.94,8.158,2322.8,0.569,60.6,115
2024-01-03 10:52:00,157.7,61.45,8.002,2446.4,1.246,29.6,130
2024-01-03 10:53:00,133.54,59.89,8.333,2193.6,1.333,27.3,100
2024-01-03 10:54:00,153.58,58.17,8.393,2364.9,2.313,36.6,130
2024-01-03 10:55:00,136.68,46.67,7.903,2202.6,0.869,76.6,100
2024-01-03 10:56:00,132.86,35.86,8.137,2114.8,1.273,97.7,100
2024-01-03 10:57:00,146.48,35.81,8.021,2297.7,0.51,98.3,115
2024-01-03 10:58:00,155.39,35.36,8.257,2410.6,1.201,98.8,130
2024-01-03 10:59:00,142.86,35.23,8.518,2182.0,0.872,96.4,115
2024-01-03 11:00:00,155.06,58.4,8.094,2241.4,1.621,24.5,130
2024-01-03 11:01:00,158.26,47.07,8.429,2265.9,0.521,72.9,130
2024-01-03 11:02:00,155.21,46.73,7.644,2418.5,0.502,72.8,130
2024-01-03 11:03:00,155.22,47.2,8.556,2291.0,0.822,67.3,130
2024-01-03 11:04:00,145.82,47.39,8.019,2141.7,0.705,62.3,115
2024-01-03 11:05:00,136.15,47.99,8.011,2066.9,1.362,68.7,100
2024-01-03 11:06:00,154.17,46.24,8.36,2237.7,2.252,77.5,130
2024-01-03 11:07:00,125.88,45.96,8.381,2013.0,0.797,75.9,90
2024-01-03 11:08:00,122.38,35.04,8.155,1958.1,0.569,97.5,90
2024-01-03 11:09:00,123.0,34.91,7.844,2118.4,0.599,96.9,90
2024-01-03 11:10:00,133.32,46.34,8.008,2134.9,1.216,68.8,100
2024-01-03 11:11:00,156.17,36.66,8.238,2352.8,0.667,97.0,130
2024-01-03 11:12:00,155.4,35.62,8.396,2126.2,1.148,97.1,130
2024-01-03 11:13:00,144.66,48.58,7.871,2315.8,0.567,69.9,115
2024-01-03 11:14:00,146.73,47.0,7.944,2223.4,1.03,68.7,115
2024-01-03 11:15:00,135.95,46.06,8.305,2190.0,0.761,64.7,100
2024-01-03 11:16:00,124.28,34.85,8.167,2191.7,0.553,96.9,90
2024-01-03 11:17:00,142.41,36.32,8.259,2259.4,1.417,98.1,115
2024-01-03 11:18:00,152.95,59.09,7.154,2478.9,1.291,24.3,130
2024-01-03 11:19:00,151.33,47.45,8.082,2159.6,0.526,65.2,130
2024-01-03 11:20:00,155.35,46.71,8.541,2284.6,1.219,67.6,130
2024-01-03 11:21:00,142.84,46.26,7.954,2085.7,0.503,70.7,115
2024-01-03 11:22:00,143.76,48.11,8.395,2255.2,2.42,76.1,115
2024-01-03 11:23:00,134.68,35.03,7.717,2156.1,0.932,99.3,100
2024-01-03 11:24:00,147.61,34.84,7.575,2142.6,1.332,95.9,115
2024-01-03 11:25:00,127.32,35.44,8.367,2243.9,1.347,98.5,90
2024-01-03 11:26:00,144.86,35.09,8.178,2201.2,0.735,98.8,115
2024-01-03 11:27:00,138.16,37.27,8.066,1973.5,2.341,95.2,100
2024-01-03 11:28:00,149.97,47.85,8.539,2364.4,0.578,69.6,130
2024-01-03 11:29:00,129.69,35.03,8.075,2125.7,1.235,96.2,90
2024-01-03 11:30:00,136.73,59.62,7.947,2111.6,0.613,17.3,100
2024-01-03 11:31:00,155.26,33.88,7.904,2373.1,0.739,98.3,130
2024-01-03 11:32:00,152.77,60.11,7.819,2234.0,1.526,11.2,130
2024-01-03 11:33:00,123.9,34.9,8.387,2036.6,0.519,98.9,90
2024-01-03 11:34:00,156.52,47.07,8.075,2341.5,0.677,78.9,130
2024-01-03 11:35:00,146.58,58.43,8.657,2303.9,0.511,31.5,115
2024-01-03 11:36:00,156.67,59.98,7.019,2292.1,1.548,33.7,130
2024-01-03 11:37:00,133.18,61.36,8.569,2111.4,0.72,20.3,100
2024-01-03 11:38:00,132.68,35.54,8.344,2146.7,0.739,97.1,100
2024-01-03 11:39:00,155.49,34.88,8.164,2146.3,1.487,99.5,130
2024-01-03 11:40:00,,46.98,7.683,2207.6,0.637,64.8,115
2024-01-03 11:41:00,125.01,59.95,7.536,1911.6,0.571,14.9,90
2024-01-03 11:42:00,138.7,61.75,8.5,2082.7,0.808,16.8,100
2024-01-03 11:43:00,125.08,59.73,8.297,1956.2,0.8,11.1,90
2024-01-03 11:44:00,145.0,59.04,8.289,2272.3,0.529,37.0,115
2024-01-03 11:45:00,156.68,35.52,8.159,2251.5,2.566,97.8,130
2024-01-03 11:46:00,148.05,47.16,8.54,2329.0,0.55,72.3,115
2024-01-03 11:47:00,131.63,47.45,7.966,2002.2,0.573,61.0,100
2024-01-03 11:48:00,152.2,60.6,8.065,2290.5,0.549,16.2,130
2024-01-03 11:49:00,154.22,48.56,8.129,2316.8,1.174,65.6,130
2024-01-03 11:50:00,162.9,46.52,8.115,2349.2,1.271,71.5,130
2024-01-03 11:51:00,144.35,34.95,8.735,2402.3,1.211,97.6,115
2024-01-03 11:52:00,134.7,45.52,7.698,1992.7,0.703,62.1,100
2024-01-03 11:53:00,156.55,60.53,7.418,2249.4,0.539,12.1,130
2024-01-03 11:54:00,137.44,46.29,7.618,2309.8,2.261,71.5,100
2024-01-03 11:55:00,125.42,47.71,8.473,1996.3,0.928,67.3,90
2024-01-03 11:56:00,157.91,46.61,8.16,2345.3,0.665,72.9,130
2024-01-03 11:57:00,132.02,36.88,7.561,2074.8,1.228,97.4,100
2024-01-03 11:58:00,123.08,34.35,8.24,1958.5,0.568,98.5,90
2024-01-03 11:59:00,127.91,47.82,8.07,2004.8,1.251,78.4,90
2024-01-03 12:00:00,155.03,47.72,8.424,2468.2,1.227,71.0,130
2024-01-03 12:01:00,151.84,47.42,8.518,2216.7,0.579,63.1,130
2024-01-03 12:02:00,151.69,46.11,9.207,2286.1,1.416,70.9,130
2024-01-03 12:03:00,132.97,35.92,7.727,2129.6,2.196,98.6,100
2024-01-03 12:04:00,135.01,35.6,7.455,2223.3,1.317,99.8,100
2024-01-03 12:05:00,136.17,58.54,8.436,2240.3,2.177,18.6,100
2024-01-03 12:06:00,154.18,48.25,8.595,2318.6,1.54,60.6,130
2024-01-03 12:07:00,155.96,46.72,7.69,2054.8,0.676,69.3,130
2024-01-03 12:08:00,143.91,36.68,7.69,2158.9,2.459,96.3,115
2024-01-03 12:09:00,148.06,35.45,8.338,2134.2,0.616,99.1,115
2024-01-03 12:10:00,141.38,47.79,8.886,2242.7,2.137,73.6,100
2024-01-03 12:11:00,144.02,59.31,7.849,2156.3,0.875,35.5,115
2024-01-03 12:12:00,156.2,35.67,8.235,2444.7,2.388,98.4,130
2024-01-03 12:13:00,156.0,60.12,7.44,2342.7,0.58,34.7,130
2024-01-03 12:14:00,155.35,46.74,8.121,2400.8,0.686,68.8,130
2024-01-03 12:15:00,156.63,59.3,8.155,2490.5,2.12,10.6,130
2024-01-03 12:16:00,156.2,33.05,8.787,2234.5,0.505,99.5,130
2024-01-03 12:17:00,153.82,46.32,7.917,2180.4,0.838,63.4,130
2024-01-03 12:18:00,158.29,47.56,8.475,2325.0,1.069,65.6,130
2024-01-03 12:19:00,155.5,34.38,7.891,2386.3,1.284,99.2,130
2024-01-03 12:20:00,134.04,46.05,8.236,2096.8,2.282,70.0,100
2024-01-03 12:21:00,161.11,45.85,9.031,2312.9,0.753,61.6,130
2024-01-03 12:22:00,134.71,47.17,8.917,2247.4,0.774,74.8,100
2024-01-03 12:23:00,135.64,59.29,8.984,2239.4,0.631,14.5,100
2024-01-03 12:24:00,145.44,36.48,8.359,2183.5,1.39,97.0,115
2024-01-03 12:25:00,124.68,60.59,8.116,2091.7,0.714,15.9,90
2024-01-03 12:26:00,156.12,47.16,8.314,2235.1,0.522,79.4,130
2024-01-03 12:27:00,132.89,47.24,8.386,2034.0,0.707,60.8,100
2024-01-03 12:28:00,126.49,34.89,8.356,2178.7,1.343,98.7,90
2024-01-03 12:29:00,120.6,34.89,7.915,1899.3,2.195,96.3,90
2024-01-03 12:30:00,151.75,47.57,7.899,2325.3,1.261,79.7,130
2024-01-03 12:31:00,159.56,60.73,7.961,2280.4,0.703,18.9,130
2024-01-03 12:32:00,151.86,36.06,8.628,2353.9,1.236,95.9,130
2024-01-03 12:33:00,140.1,46.62,8.672,2175.2,1.533,64.1,115
2024-01-03 12:34:00,131.92,35.19,9.473,2241.3,0.538,95.6,100
2024-01-03 12:35:00,159.35,34.75,8.37,2292.2,0.795,99.2,130
2024-01-03 12:36:00,140.52,36.11,7.885,2346.1,0.84,98.9,115
2024-01-03 12:37:00,132.61,45.43,8.008,2167.5,1.762,65.8,100
2024-01-03 12:38:00,141.35,45.24,8.137,2146.0,1.324,67.5,115
2024-01-03 12:39:00,124.31,33.9,8.802,2113.4,1.213,99.3,90
2024-01-03 12:40:00,133.91,45.29,8.493,2183.4,0.726,68.5,100
2024-01-03 12:41:00,153.8,48.09,7.661,2301.4,0.566,70.5,130
2024-01-03 12:42:00,149.64,36.13,8.177,2170.1,2.119,98.6,115
2024-01-03 12:43:00,152.0,34.54,7.611,2378.9,0.887,95.7,130
2024-01-03 12:44:00,144.74,46.92,8.437,2152.8,2.13,74.8,115
2024-01-03 12:45:00,125.85,61.17,7.917,2001.2,1.341,31.4,90
2024-01-03 12:46:00,122.55,47.4,7.956,2112.2,0.811,60.4,90
2024-01-03 12:47:00,146.22,37.19,7.449,2213.1,0.544,96.9,115
2024-01-03 12:48:00,154.0,35.41,8.503,2152.8,2.554,95.6,130
2024-01-03 12:49:00,155.94,46.48,8.683,2233.0,0.581,77.2,130
2024-01-03 12:50:00,144.73,59.14,7.923,2262.5,2.201,18.9,115
2024-01-03 12:51:00,149.87,35.52,8.135,2288.4,0.528,98.9,130
2024-01-03 12:52:00,148.27,47.75,8.008,2221.9,1.407,73.0,115
2024-01-03 12:53:00,160.18,47.08,8.113,2331.0,2.237,79.8,130
2024-01-03 12:54:00,154.56,35.21,7.872,2346.5,2.831,96.6,130
2024-01-03 12:55:00,152.76,61.01,7.76,2319.3,0.74,17.6,130
2024-01-03 12:56:00,128.77,35.92,8.747,1803.8,1.485,99.2,90
2024-01-03 12:57:00,139.73,59.91,7.144,2145.6,0.544,28.5,100
2024-01-03 12:58:00,154.58,46.39,8.402,2268.7,0.749,71.1,130
2024-01-03 12:59:00,154.45,35.3,8.313,2312.5,0.663,98.7,130
2024-01-03 13:00:00,144.8,47.38,8.862,2315.4,0.603,72.0,115
2024-01-03 13:01:00,150.81,34.88,8.105,2224.2,0.805,96.3,130
2024-01-03 13:02:00,144.27,46.01,8.051,2235.6,1.268,66.1,115
2024-01-03 13:03:00,139.29,46.62,7.877,2188.2,2.12,60.4,100
2024-01-03 13:04:00,144.58,46.96,8.342,2205.2,1.511,64.3,115
2024-01-03 13:05:00,142.4,48.09,7.917,2125.3,1.004,64.1,115
2024-01-03 13:06:00,146.24,46.07,7.748,2133.7,2.176,74.3,115
2024-01-03 13:07:00,123.33,60.18,7.905,2067.2,0.59,34.1,90
2024-01-03 13:08:00,124.83,46.78,7.821,2020.4,0.817,79.6,90
2024-01-03 13:09:00,141.83,46.82,7.798,2075.8,1.814,63.7,115
2024-01-03 13:10:00,152.41,36.73,8.234,2246.2,1.059,97.5,130
2024-01-03 13:11:00,146.84,35.56,8.122,2126.0,1.211,95.1,115
2024-01-03 13:12:00,155.29,34.77,8.42,2369.9,0.91,95.5,130
2024-01-03 13:13:00,143.06,60.71,8.259,2111.3,0.677,20.8,115
2024-01-03 13:14:00,145.3,47.65,7.719,2343.6,0.609,72.1,115
2024-01-03 13:15:00,153.48,34.7,7.351,2482.8,2.474,98.5,130
2024-01-03 13:16:00,153.04,46.05,7.778,2250.8,1.522,77.9,130
2024-01-03 13:17:00,147.91,60.33,8.506,2180.9,1.342,15.2,115
2024-01-03 13:18:00,126.96,35.47,8.496,2145.5,1.306,96.9,90
2024-01-03 13:19:00,144.95,35.12,8.594,2316.7,0.628,98.9,115
2024-01-03 13:20:00,135.36,47.85,8.535,2110.6,1.277,67.7,100
2024-01-03 13:21:00,154.98,59.53,8.635,2274.8,0.728,21.7,130
2024-01-03 13:22:00,146.22,35.84,8.363,2195.5,0.945,97.2,115
2024-01-03 13:23:00,143.0,36.44,8.921,2161.9,1.258,95.7,115
2024-01-03 13:24:00,137.16,35.23,8.317,2222.9,0.849,95.9,100
2024-01-03 13:25:00,155.88,34.04,9.0,2322.4,0.589,97.0,130
2024-01-03 13:26:00,144.34,35.18,7.949,2172.0,2.128,95.5,115
2024-01-03 13:27:00,153.78,47.15,7.939,2315.2,1.208,79.3,130
2024-01-03 13:28:00,,60.8,8.123,2279.7,1.331,21.3,130
2024-01-03 13:29:00,124.62,35.08,8.185,2270.3,0.668,98.2,90
2024-01-03 13:30:00,153.25,36.88,8.072,2290.1,0.501,95.6,130
2024-01-03 13:31:00,154.04,34.46,8.416,2369.2,1.411,99.3,130
2024-01-03 13:32:00,146.92,60.13,8.159,2264.8,1.346,13.2,115
2024-01-03 13:33:00,120.97,46.81,7.957,2057.9,2.392,67.3,90
2024-01-03 13:34:00,144.11,36.58,8.042,2265.2,2.122,97.5,115
2024-01-03 13:35:00,137.68,34.32,8.687,2166.8,2.344,99.0,100
2024-01-03 13:36:00,124.58,35.84,8.327,2268.9,0.549,98.8,90
2024-01-03 13:37:00,155.68,35.3,7.529,2302.2,2.146,96.8,130
2024-01-03 13:38:00,157.72,36.72,8.804,2101.5,1.204,96.6,130
2024-01-03 13:39:00,157.23,34.84,8.373,2485.1,1.201,98.3,130
2024-01-03 13:40:00,133.9,35.83,8.456,2109.2,0.541,96.8,100
2024-01-03 13:41:00,154.67,34.83,8.572,2316.9,1.239,98.4,130
2024-01-03 13:42:00,157.26,35.65,8.592,2266.5,2.1,95.6,130
2024-01-03 13:43:00,137.35,59.7,7.832,2102.1,1.453,39.3,100
2024-01-03 13:44:00,144.78,46.69,7.772,2140.5,1.34,67.6,115
2024-01-03 13:45:00,144.87,33.91,9.159,2069.8,0.601,99.5,115
2024-01-03 13:46:00,145.67,47.33,7.921,2172.6,0.522,74.3,115
2024-01-03 13:47:00,158.42,46.13,8.351,2351.1,0.581,68.4,130
2024-01-03 13:48:00,147.67,46.11,8.853,,0.627,67.0,115
2024-01-03 13:49:00,146.73,45.76,8.023,2270.4,2.448,74.0,115
2024-01-03 13:50:00,122.3,46.16,8.056,2255.6,0.643,79.0,90
2024-01-03 13:51:00,154.31,47.4,8.571,2332.9,1.204,75.9,130
2024-01-03 13:52:00,124.44,35.86,8.285,1958.8,0.547,97.7,90
2024-01-03 13:53:00,148.55,47.53,8.398,2262.2,0.588,79.3,115
2024-01-03 13:54:00,154.4,46.18,8.168,2386.6,0.622,72.2,130
2024-01-03 13:55:00,138.13,60.17,7.989,2254.3,2.324,35.6,100
2024-01-03 13:56:00,153.57,35.01,8.067,2325.0,0.679,98.0,130
2024-01-03 13:57:00,123.77,47.76,8.678,2118.4,0.642,74.5,90
2024-01-03 13:58:00,126.2,35.84,8.082,2138.0,2.464,95.6,90
2024-01-03 13:59:00,158.92,34.97,8.371,2358.2,2.144,95.6,130
2024-01-03 14:00:00,154.47,36.33,7.812,2335.5,1.216,95.2,130
2024-01-03 14:01:00,148.59,47.41,9.016,,0.864,62.5,130
2024-01-03 14:02:00,151.09,34.39,8.328,2386.4,0.624,98.5,130
2024-01-03 14:03:00,155.74,45.66,8.336,2267.1,2.261,60.8,130
2024-01-03 14:04:00,151.31,34.42,8.571,2518.2,2.463,98.4,130
2024-01-03 14:05:00,142.84,36.82,8.008,2178.8,1.783,96.5,115
2024-01-03 14:06:00,155.03,46.19,8.677,2374.2,0.661,69.2,130
2024-01-03 14:07:00,128.88,48.5,7.593,2047.8,0.835,76.6,100
2024-01-03 14:08:00,134.05,46.15,7.954,2111.9,0.657,73.1,100
2024-01-03 14:09:00,142.09,34.56,7.88,2182.9,1.207,99.0,115
2024-01-03 14:10:00,121.25,47.7,7.448,1960.6,1.124,64.3,90
2024-01-03 14:11:00,152.99,36.24,7.989,2264.0,2.44,97.7,130
2024-01-03 14:12:00,152.33,47.44,8.179,2338.8,0.78,70.8,130
2024-01-03 14:13:00,146.17,36.04,7.764,2210.2,1.317,95.6,115
2024-01-03 14:14:00,147.99,34.86,7.706,2325.4,1.071,99.8,115
2024-01-03 14:15:00,144.09,36.17,8.216,2155.5,1.335,95.4,115
2024-01-03 14:16:00,,35.69,8.168,2125.8,0.755,97.4,90
2024-01-03 14:17:00,123.96,46.71,8.094,2022.6,1.221,62.3,90
2024-01-03 14:18:00,142.23,60.08,7.694,2320.3,1.249,10.6,115
2024-01-03 14:19:00,131.78,36.35,8.042,2212.7,0.61,97.9,100
2024-01-03 14:20:00,150.89,47.31,7.933,2391.0,2.274,72.1,130
2024-01-03 14:21:00,151.68,45.27,8.234,2297.1,1.528,72.0,130
2024-01-03 14:22:00,139.08,60.71,7.976,2256.3,2.155,15.7,100
2024-01-03 14:23:00,143.27,47.65,8.184,2097.2,2.398,73.6,115
2024-01-03 14:24:00,137.65,59.7,7.676,2265.7,2.541,38.3,115
2024-01-03 14:25:00,153.53,35.59,7.641,2321.1,0.841,96.4,130
2024-01-03 14:26:00,141.02,47.09,8.423,2296.7,0.695,77.5,115
2024-01-03 14:27:00,155.15,45.42,8.506,2303.9,2.432,66.4,130
2024-01-03 14:28:00,144.88,59.68,8.043,2151.3,0.92,33.7,115
2024-01-03 14:29:00,155.14,35.21,8.211,2222.7,0.662,97.4,130
2024-01-03 14:30:00,154.9,46.87,8.02,2309.1,1.532,74.2,130
2024-01-03 14:31:00,154.07,35.08,8.639,2289.2,0.609,99.5,130
2024-01-03 14:32:00,151.36,36.03,8.119,2378.6,1.348,98.4,130
2024-01-03 14:33:00,124.81,46.35,8.0,2146.3,2.111,64.9,90
2024-01-03 14:34:00,157.55,36.23,8.587,2313.8,1.63,97.7,130
2024-01-03 14:35:00,159.53,35.99,7.89,2312.1,0.53,96.6,130
2024-01-03 14:36:00,144.41,36.59,8.263,2315.2,0.565,98.6,115
2024-01-03 14:37:00,144.68,36.89,7.781,2210.4,0.576,98.1,115
2024-01-03 14:38:00,156.25,48.39,8.466,2293.7,0.525,61.3,130
2024-01-03 14:39:00,158.73,34.55,8.526,2204.2,1.01,96.2,130
2024-01-03 14:40:00,123.78,60.28,7.685,2140.3,1.202,10.5,90
2024-01-03 14:41:00,136.73,59.43,7.622,2142.8,1.601,22.4,100
2024-01-03 14:42:00,152.94,38.12,8.315,2400.9,1.285,96.6,130
2024-01-03 14:43:00,145.82,47.49,8.976,2133.4,2.111,68.2,115
2024-01-03 14:44:00,157.43,36.63,8.554,2270.7,1.24,97.3,130
2024-01-03 14:45:00,151.77,35.85,8.115,2385.7,0.796,95.6,130
2024-01-03 14:46:00,143.69,33.39,7.858,2256.1,1.267,98.1,115
2024-01-03 14:47:00,127.39,34.87,7.714,1975.3,1.646,96.3,90
2024-01-03 14:48:00,156.54,46.45,8.487,2383.8,0.861,67.9,130
2024-01-03 14:49:00,137.59,59.69,8.569,2045.6,1.254,17.7,100
2024-01-03 14:50:00,157.12,47.29,7.948,2376.2,0.736,67.0,130
2024-01-03 14:51:00,154.15,60.4,8.101,2231.6,0.617,36.3,130
2024-01-03 14:52:00,160.5,57.9,8.219,2406.9,2.148,30.7,130
2024-01-03 14:53:00,155.34,46.81,8.925,2319.0,2.278,66.5,130
2024-01-03 14:54:00,117.36,35.11,8.226,2097.5,1.563,98.4,90
2024-01-03 14:55:00,144.29,48.1,7.808,2223.5,1.723,78.0,115
2024-01-03 14:56:00,153.83,47.47,7.737,2317.0,2.112,65.9,130
2024-01-03 14:57:00,126.99,35.35,7.836,2076.6,2.209,99.3,90
2024-01-03 14:58:00,123.87,47.18,8.706,2126.5,0.685,78.5,90
2024-01-03 14:59:00,137.75,58.65,8.405,2145.0,1.282,30.3,100
2024-01-03 15:00:00,126.4,36.03,8.062,2187.0,0.576,96.0,90
2024-01-03 15:01:00,152.5,35.18,7.03,2251.1,0.796,99.1,130
2024-01-03 15:02:00,134.65,34.85,7.859,2218.9,0.805,96.1,100
2024-01-03 15:03:00,133.06,61.05,8.338,2195.1,1.461,24.2,100
2024-01-03 15:04:00,125.46,35.72,8.341,2168.7,2.558,97.1,90
2024-01-03 15:05:00,133.05,34.97,8.337,2159.7,2.237,95.3,100
2024-01-03 15:06:00,155.19,46.52,7.661,2336.4,0.81,74.9,130
2024-01-03 15:07:00,134.32,35.79,8.271,2175.4,1.202,97.8,100
2024-01-03 15:08:00,154.62,35.73,7.81,2212.7,1.375,96.6,130
2024-01-03 15:09:00,160.13,35.52,8.201,2341.5,1.003,97.3,130
2024-01-03 15:10:00,154.1,34.54,7.893,2571.6,2.468,99.4,130
2024-01-03 15:11:00,120.16,34.66,8.628,2198.7,0.677,96.0,90
2024-01-03 15:12:00,157.54,34.9,8.335,2247.6,1.357,95.5,130
2024-01-03 15:13:00,147.52,46.84,8.143,2086.0,0.533,79.3,115
2024-01-03 15:14:00,150.05,35.47,8.752,2314.2,0.511,98.1,130
2024-01-03 15:15:00,123.25,46.87,8.051,2156.7,1.259,68.4,90
2024-01-03 15:16:00,156.09,46.91,7.634,2306.9,0.533,72.0,130
2024-01-03 15:17:00,136.31,37.0,8.622,2301.1,0.665,97.8,100
2024-01-03 15:18:00,124.99,36.18,8.301,2007.6,0.581,95.2,90
2024-01-03 15:19:00,145.04,36.45,8.073,2248.0,1.298,99.2,115
2024-01-03 15:20:00,152.65,47.37,7.943,2301.3,2.105,76.9,130
2024-01-03 15:21:00,129.0,47.06,8.404,2208.5,2.259,67.9,100
2024-01-03 15:22:00,130.12,47.33,8.525,2134.0,2.314,68.4,90
2024-01-03 15:23:00,132.58,35.68,7.893,2245.1,2.181,98.7,100
2024-01-03 15:24:00,155.44,36.15,8.426,2300.1,2.128,96.0,130
2024-01-03 15:25:00,124.6,34.72,8.3,2170.6,1.443,96.2,90
2024-01-03 15:26:00,157.24,36.08,7.868,2337.6,1.228,96.6,130
2024-01-03 15:27:00,145.29,35.63,8.202,2338.8,0.839,99.1,115
2024-01-03 15:28:00,135.38,34.05,7.981,2270.0,2.258,98.7,100
2024-01-03 15:29:00,148.41,60.07,8.696,2311.5,0.554,23.5,130
2024-01-03 15:30:00,132.92,45.96,7.94,2096.1,0.958,78.3,100
2024-01-03 15:31:00,146.86,35.07,8.804,2246.3,2.131,99.5,115
2024-01-03 15:32:00,126.64,35.37,8.253,2149.3,0.684,98.1,90
2024-01-03 15:33:00,152.62,45.79,7.502,2189.6,2.292,70.0,130
2024-01-03 15:34:00,141.05,35.46,7.331,2190.4,1.208,95.7,115
2024-01-03 15:35:00,135.32,60.05,8.117,2204.6,0.688,18.2,100
2024-01-03 15:36:00,147.73,47.6,8.733,2103.0,1.437,73.0,130
2024-01-03 15:37:00,152.13,35.14,8.692,2227.3,2.582,98.6,130
2024-01-03 15:38:00,129.4,35.72,8.267,2021.0,0.747,96.9,90
2024-01-03 15:39:00,158.61,35.42,7.905,2303.3,1.332,99.8,130
2024-01-03 15:40:00,126.22,46.67,8.033,2044.3,2.484,77.3,90
2024-01-03 15:41:00,155.77,58.66,8.283,2285.8,0.587,13.3,130
2024-01-03 15:42:00,150.12,,8.635,2203.5,0.887,95.9,130
2024-01-03 15:43:00,133.15,36.1,8.428,2291.6,0.872,97.4,100
2024-01-03 15:44:00,134.26,59.25,8.587,2101.4,0.685,32.4,100
2024-01-03 15:45:00,143.2,35.33,8.457,2077.8,0.585,99.5,115
2024-01-03 15:46:00,144.12,46.94,8.576,2320.8,1.379,78.7,115
2024-01-03 15:47:00,138.25,36.38,7.296,2088.0,0.973,98.8,100
2024-01-03 15:48:00,153.65,35.52,7.843,2213.0,2.302,98.8,130
2024-01-03 15:49:00,144.15,60.23,7.758,2284.2,0.867,25.6,115
2024-01-03 15:50:00,156.85,59.99,7.72,2268.5,0.585,17.5,130
2024-01-03 15:51:00,141.45,35.11,8.202,2243.5,1.269,95.4,115
2024-01-03 15:52:00,152.9,34.59,7.621,2259.3,2.159,95.4,130
2024-01-03 15:53:00,153.16,35.27,7.822,2273.0,1.335,97.2,130
2024-01-03 15:54:00,145.14,35.81,8.161,2150.6,0.613,97.4,115
2024-01-03 15:55:00,154.14,35.6,7.559,2212.9,2.485,95.2,130
2024-01-03 15:56:00,154.22,36.68,8.006,2587.7,0.524,99.8,130
2024-01-03 15:57:00,133.34,47.76,8.456,2083.8,0.662,66.8,100
2024-01-03 15:58:00,142.32,47.99,7.71,2113.0,0.603,60.8,115
2024-01-03 15:59:00,126.52,45.37,8.519,2160.4,1.755,69.9,90
2024-01-03 16:00:00,134.16,61.26,7.878,2171.3,0.811,10.7,100
2024-01-03 16:01:00,156.55,35.71,8.309,2311.4,1.314,96.5,130
2024-01-03 16:02:00,142.22,47.33,7.758,2191.0,1.405,69.5,115
2024-01-03 16:03:00,153.34,36.22,8.381,2277.5,2.374,96.5,130
2024-01-03 16:04:00,134.45,35.52,8.079,2126.2,0.515,99.8,100
2024-01-03 16:05:00,124.68,34.64,8.386,2160.9,0.724,95.2,90
2024-01-03 16:06:00,146.89,48.16,7.982,2210.1,0.53,72.6,115
2024-01-03 16:07:00,133.92,59.39,8.422,2241.5,0.542,37.2,100
2024-01-03 16:08:00,156.87,59.21,8.539,2305.7,1.324,34.3,130
2024-01-03 16:09:00,145.94,46.81,8.248,2213.6,1.977,64.0,115
2024-01-03 16:10:00,124.73,59.69,8.008,1988.3,1.808,39.6,90
2024-01-03 16:11:00,152.62,35.5,8.107,2481.6,2.565,97.6,130
2024-01-03 16:12:00,156.89,35.42,7.694,2311.2,2.107,95.2,130
2024-01-03 16:13:00,142.68,36.58,8.281,2229.9,0.883,99.0,115
2024-01-03 16:14:00,134.95,35.87,8.449,2298.7,2.399,97.6,100
2024-01-03 16:15:00,154.87,46.31,8.827,2343.3,0.638,75.4,130
2024-01-03 16:16:00,124.48,34.92,8.723,2112.2,1.279,96.0,90
2024-01-03 16:17:00,154.03,35.19,7.809,2314.8,1.482,98.3,130
2024-01-03 16:18:00,152.94,46.69,8.285,2248.1,2.123,69.9,130
2024-01-03 16:19:00,130.96,35.09,8.147,2247.3,0.71,99.3,100
2024-01-03 16:20:00,158.51,46.12,8.687,2196.7,1.423,76.9,130
2024-01-03 16:21:00,133.77,35.73,7.916,2071.9,2.261,96.5,100
2024-01-03 16:22:00,154.68,35.14,8.551,2247.8,1.62,99.4,130
2024-01-03 16:23:00,154.66,59.24,7.805,2330.1,1.28,34.1,130
2024-01-03 16:24:00,157.74,35.89,8.158,2308.7,0.63,99.2,130
2024-01-03 16:25:00,129.83,36.18,7.846,1921.0,0.784,96.5,90
2024-01-03 16:26:00,145.4,35.3,7.414,2415.4,2.352,98.3,115
2024-01-03 16:27:00,134.61,48.43,7.838,2210.8,1.365,68.6,100
2024-01-03 16:28:00,152.19,37.27,8.097,2270.7,1.264,97.7,130
2024-01-03 16:29:00,141.39,60.4,8.77,2264.7,0.57,19.6,115
2024-01-03 16:30:00,140.57,46.62,7.765,2265.8,0.77,70.3,115
2024-01-03 16:31:00,123.01,60.22,7.958,2043.6,0.501,27.3,90
2024-01-03 16:32:00,129.77,34.52,7.624,2181.5,0.712,98.9,100
2024-01-03 16:33:00,137.7,34.8,8.662,2182.4,0.557,99.7,100
2024-01-03 16:34:00,156.06,34.15,8.016,2397.3,0.724,96.1,130
2024-01-03 16:35:00,144.37,35.0,8.065,2235.5,1.241,97.7,115
2024-01-03 16:36:00,147.77,59.01,8.061,2255.7,1.294,37.7,115
2024-01-03 16:37:00,122.32,47.5,7.42,2053.3,0.78,63.7,90
2024-01-03 16:38:00,152.95,59.4,7.613,2275.3,1.481,25.3,130
2024-01-03 16:39:00,150.17,47.22,7.819,2248.4,2.147,78.4,130
2024-01-03 16:40:00,146.94,47.6,8.446,2165.7,0.594,66.3,115
2024-01-03 16:41:00,152.97,47.94,7.2,2272.8,2.24,75.9,130
2024-01-03 16:42:00,155.04,46.72,8.417,2291.1,2.277,66.6,130
2024-01-03 16:43:00,127.51,60.25,8.337,2150.5,0.771,36.5,90
2024-01-03 16:44:00,148.43,60.27,7.474,2199.7,0.505,23.1,115
2024-01-03 16:45:00,124.93,61.02,8.073,2043.4,0.525,23.7,90
2024-01-03 16:46:00,135.96,36.13,8.666,2126.6,1.234,99.8,100
2024-01-03 16:47:00,152.74,36.54,7.772,2306.2,0.542,95.3,130
2024-01-03 16:48:00,149.21,34.17,7.979,2365.9,0.506,99.6,115
2024-01-03 16:49:00,154.58,46.47,9.304,2279.7,1.706,62.2,130
2024-01-03 16:50:00,125.2,47.83,8.33,2114.9,0.535,72.6,90
2024-01-03 16:51:00,143.98,35.96,8.097,2258.0,2.115,99.9,115
2024-01-03 16:52:00,158.0,46.9,8.009,2315.0,0.628,61.6,130
2024-01-03 16:53:00,155.5,46.62,8.349,2233.4,2.667,64.4,130
2024-01-03 16:54:00,146.9,47.63,8.474,2271.9,1.167,66.4,115
2024-01-03 16:55:00,155.88,58.42,7.338,2155.9,0.726,27.5,130
2024-01-03 16:56:00,154.45,47.63,7.306,2228.4,0.539,72.0,130
2024-01-03 16:57:00,137.32,47.07,7.801,2106.7,2.101,62.1,100
2024-01-03 16:58:00,135.86,35.11,8.138,2132.0,0.582,95.2,100
2024-01-03 16:59:00,152.6,60.4,8.23,2316.7,1.227,13.1,130
2024-01-03 17:00:00,142.53,46.69,7.519,2341.3,2.381,79.6,115
2024-01-03 17:01:00,125.37,35.52,8.118,2120.4,1.895,98.8,90
2024-01-03 17:02:00,157.27,59.96,8.171,2323.5,0.517,10.2,130
2024-01-03 17:03:00,129.1,47.6,7.86,2043.1,2.201,76.4,90
2024-01-03 17:04:00,150.56,35.63,7.986,2284.0,2.566,99.6,130
2024-01-03 17:05:00,135.06,58.47,7.909,2059.2,0.761,11.5,100
2024-01-03 17:06:00,146.22,58.89,8.386,2061.4,1.608,23.4,115
2024-01-03 17:07:00,145.74,46.13,8.203,2128.0,2.613,78.9,115
2024-01-03 17:08:00,127.52,47.37,7.743,2163.7,2.206,60.9,90
2024-01-03 17:09:00,156.64,47.45,8.582,2253.1,0.737,65.1,130
2024-01-03 17:10:00,152.54,36.84,7.653,2268.0,2.347,98.1,130
2024-01-03 17:11:00,142.46,59.19,7.515,2311.7,0.699,26.5,115
2024-01-03 17:12:00,135.78,36.55,8.102,1938.6,0.579,99.2,100
2024-01-03 17:13:00,157.48,45.45,8.1,2263.1,0.857,73.1,130
2024-01-03 17:14:00,135.36,60.01,8.229,2062.2,0.793,17.7,100
2024-01-03 17:15:00,151.06,35.7,7.727,2333.5,1.318,95.1,130
2024-01-03 17:16:00,152.38,47.19,8.557,2354.6,1.309,72.6,130
2024-01-03 17:17:00,136.73,46.75,8.886,2195.9,0.502,60.3,100
2024-01-03 17:18:00,154.13,60.09,8.191,2430.7,0.871,38.8,130
2024-01-03 17:19:00,145.29,46.01,8.326,2274.3,0.567,60.9,115
2024-01-03 17:20:00,157.66,47.69,7.354,2329.9,2.227,72.2,130
2024-01-03 17:21:00,151.99,35.7,8.026,2504.7,2.206,98.6,130
2024-01-03 17:22:00,143.96,60.29,7.922,2059.8,0.727,23.8,115
2024-01-03 17:23:00,143.69,46.78,7.857,2406.1,2.199,77.0,115
2024-01-03 17:24:00,,46.74,7.937,2369.4,0.54,62.5,115
2024-01-03 17:25:00,146.93,35.92,7.977,2218.1,1.606,96.9,115
2024-01-03 17:26:00,151.3,36.77,7.618,2253.4,2.141,96.5,130
2024-01-03 17:27:00,144.99,34.39,8.005,2177.3,0.506,100.0,115
2024-01-03 17:28:00,127.17,34.34,7.783,2046.9,1.244,99.5,90
2024-01-03 17:29:00,120.36,35.71,8.515,2165.7,0.621,97.6,90
2024-01-03 17:30:00,154.84,46.73,8.332,2112.7,0.61,75.2,130
2024-01-03 17:31:00,151.96,47.1,8.333,2470.8,1.518,62.9,130
2024-01-03 17:32:00,123.4,35.48,8.591,2069.9,2.143,96.0,90
2024-01-03 17:33:00,138.74,36.0,7.869,2324.1,0.799,97.0,115
2024-01-03 17:34:00,148.48,35.27,8.308,2131.6,2.12,98.6,115
2024-01-03 17:35:00,134.11,46.03,8.628,2207.9,2.228,75.8,100
2024-01-03 17:36:00,152.98,46.37,7.842,2340.9,0.901,66.4,130
2024-01-03 17:37:00,145.82,46.87,7.388,2275.1,0.607,60.1,115
2024-01-03 17:38:00,122.39,34.5,7.924,2014.7,1.861,96.2,90
2024-01-03 17:39:00,132.16,46.97,8.583,2119.4,1.399,62.1,100
2024-01-03 17:40:00,158.78,47.05,7.819,2211.2,0.783,76.5,130
2024-01-03 17:41:00,159.52,35.21,8.014,2371.1,2.243,96.2,130
2024-01-03 17:42:00,153.52,47.17,7.888,2417.4,1.312,79.9,130
2024-01-03 17:43:00,137.67,34.21,8.124,2172.6,0.518,98.2,100
2024-01-03 17:44:00,155.89,46.24,7.781,2095.7,1.226,66.5,130
2024-01-03 17:45:00,151.47,46.09,7.607,2418.5,0.67,70.1,130
2024-01-03 17:46:00,122.68,47.7,8.024,2079.5,0.69,79.2,90
2024-01-03 17:47:00,158.88,37.34,8.092,2097.6,2.937,99.9,130
2024-01-03 17:48:00,151.43,59.3,8.647,2173.7,2.49,25.3,130
2024-01-03 17:49:00,160.7,46.81,8.227,2225.7,0.872,69.9,130
2024-01-03 17:50:00,153.57,34.95,7.731,2310.0,1.268,95.2,130
2024-01-03 17:51:00,148.95,60.18,7.907,2148.3,1.306,35.6,115
2024-01-03 17:52:00,124.24,46.51,8.485,1998.8,0.522,72.1,90
2024-01-03 17:53:00,127.0,35.73,8.03,2143.1,0.674,97.4,90
2024-01-03 17:54:00,148.49,47.53,7.763,2325.0,1.214,77.5,115
2024-01-03 17:55:00,148.47,34.52,8.233,2306.0,1.318,96.2,115
2024-01-03 17:56:00,143.54,47.22,7.884,2099.1,0.667,69.5,115
2024-01-03 17:57:00,152.86,45.56,8.391,2385.4,0.552,74.2,130
2024-01-03 17:58:00,154.8,46.79,8.345,2271.7,0.799,63.2,130
2024-01-03 17:59:00,121.75,35.24,7.741,2227.0,0.725,96.8,90
2024-01-03 18:00:00,155.6,59.82,8.914,2330.8,1.232,16.6,130
2024-01-03 18:01:00,152.95,35.25,8.151,2407.3,1.323,97.6,130
2024-01-03 18:02:00,147.71,46.6,7.134,2274.5,0.656,68.7,115
2024-01-03 18:03:00,143.57,46.79,8.352,2264.6,2.105,76.1,115
2024-01-03 18:04:00,150.64,47.19,7.161,2280.6,0.586,66.2,130
2024-01-03 18:05:00,158.5,47.21,8.616,2406.6,1.276,74.8,130
2024-01-03 18:06:00,155.46,35.59,8.223,2384.5,2.565,96.0,130
2024-01-03 18:07:00,135.07,46.54,8.142,2123.5,1.233,60.8,100
2024-01-03 18:08:00,157.74,36.36,8.166,2274.8,1.586,96.9,130
2024-01-03 18:09:00,147.18,36.72,8.401,2173.0,0.693,96.6,115
2024-01-03 18:10:00,143.1,34.47,7.974,2295.4,0.504,97.6,115
2024-01-03 18:11:00,123.88,60.13,8.162,2088.9,1.483,15.0,90
2024-01-03 18:12:00,152.22,46.63,8.213,2333.0,1.306,70.5,130
2024-01-03 18:13:00,151.34,36.24,7.014,2281.2,0.601,96.9,130
2024-01-03 18:14:00,146.45,46.99,8.404,2346.6,0.597,69.4,115
2024-01-03 18:15:00,135.98,60.04,8.471,2030.9,2.282,39.6,100
2024-01-03 18:16:00,156.9,47.4,8.347,2372.6,0.751,77.0,130
2024-01-03 18:17:00,148.2,35.26,8.319,2308.6,0.709,98.2,115
2024-01-03 18:18:00,156.94,36.84,8.805,2284.6,0.555,96.0,130
2024-01-03 18:19:00,157.16,60.41,8.148,2194.0,2.345,25.2,130
2024-01-03 18:20:00,139.81,36.25,8.162,2260.6,2.129,96.7,115
2024-01-03 18:21:00,154.23,46.82,7.905,2405.7,1.91,66.5,130
2024-01-03 18:22:00,137.41,46.9,7.401,2291.8,0.628,77.9,100
2024-01-03 18:23:00,142.08,36.15,8.349,2282.6,0.519,98.2,115
2024-01-03 18:24:00,145.23,47.57,7.948,2180.9,0.672,73.6,115
2024-01-03 18:25:00,146.3,46.0,7.396,2285.5,1.372,69.6,115
2024-01-03 18:26:00,146.11,60.1,8.136,2270.0,1.208,35.5,115
2024-01-03 18:27:00,155.92,35.88,8.125,2335.7,2.102,96.5,130
2024-01-03 18:28:00,126.5,35.4,8.074,1999.2,1.609,97.8,90
2024-01-03 18:29:00,125.45,35.8,8.22,2117.9,1.299,98.2,90
2024-01-03 18:30:00,151.34,35.43,7.542,2347.6,1.256,95.7,130
2024-01-03 18:31:00,156.27,58.2,8.563,2504.2,0.659,24.2,130
2024-01-03 18:32:00,155.71,45.95,8.339,2317.0,0.502,69.1,130
2024-01-03 18:33:00,131.38,47.78,8.663,2285.6,1.203,63.7,100
2024-01-03 18:34:00,138.45,59.8,7.944,2261.3,2.124,28.7,100
2024-01-03 18:35:00,136.33,47.15,8.338,2154.0,0.824,66.4,100
2024-01-03 18:36:00,131.55,35.5,7.419,2249.0,2.157,97.4,100
2024-01-03 18:37:00,142.96,59.34,7.833,2167.3,1.34,19.7,115
2024-01-03 18:38:00,143.59,46.63,7.617,2214.6,0.551,77.6,115
2024-01-03 18:39:00,133.59,47.26,8.27,2107.1,0.657,68.6,100
2024-01-03 18:40:00,145.73,47.34,7.724,2217.4,0.642,62.3,115
2024-01-03 18:41:00,142.56,37.25,7.991,2069.7,0.602,97.6,115
2024-01-03 18:42:00,147.82,46.62,8.164,2374.0,0.614,79.8,115
2024-01-03 18:43:00,147.61,48.34,8.003,2205.6,0.712,78.1,115
2024-01-03 18:44:00,146.55,34.81,7.64,2293.0,2.469,99.8,115
2024-01-03 18:45:00,145.11,60.39,8.824,2249.6,1.277,36.2,115
2024-01-03 18:46:00,137.34,47.14,8.212,2128.3,1.352,79.8,100
2024-01-03 18:47:00,144.31,46.9,8.828,2127.8,0.885,64.1,115
2024-01-03 18:48:00,143.19,35.5,7.753,2156.9,0.537,95.3,115
2024-01-03 18:49:00,137.98,35.0,8.016,2131.1,1.278,99.0,100
2024-01-03 18:50:00,145.79,36.22,8.201,2192.0,2.378,95.2,115
2024-01-03 18:51:00,153.29,46.33,8.779,2232.1,0.591,67.6,130
2024-01-03 18:52:00,153.96,35.75,8.825,2255.0,0.594,98.1,130
2024-01-03 18:53:00,143.16,60.6,7.992,2266.9,1.246,33.8,115
2024-01-03 18:54:00,150.06,61.11,7.874,2300.2,1.262,26.6,115
2024-01-03 18:55:00,125.01,47.78,8.164,1976.7,2.277,75.5,90
2024-01-03 18:56:00,155.39,47.46,8.646,2239.6,0.501,76.0,130
2024-01-03 18:57:00,156.8,46.49,8.22,2327.2,0.505,63.6,130
2024-01-03 18:58:00,151.96,34.87,8.293,2296.9,2.061,96.4,130
2024-01-03 18:59:00,157.74,34.59,8.642,2280.7,1.254,96.4,130
2024-01-03 19:00:00,133.48,46.01,8.578,2223.8,0.854,122.6,100
2024-01-03 19:01:00,159.58,47.0,8.593,2324.8,0.69,77.0,130
2024-01-03 19:02:00,144.22,59.42,8.449,2100.1,1.318,26.6,115
2024-01-03 19:03:00,137.59,60.96,8.741,2086.0,2.363,23.2,100
2024-01-03 19:04:00,138.76,46.54,7.714,2097.1,1.21,77.5,115
2024-01-03 19:05:00,122.06,47.08,9.1,2055.7,2.382,63.3,90
2024-01-03 19:06:00,144.27,35.29,8.624,2123.8,1.589,95.1,115
2024-01-03 19:07:00,149.92,58.88,8.136,2169.1,0.566,36.6,130
2024-01-03 19:08:00,126.5,60.87,8.644,1905.6,0.572,20.9,90
2024-01-03 19:09:00,125.78,47.56,8.061,2228.8,1.222,73.3,90
2024-01-03 19:10:00,152.52,47.65,8.39,2200.8,0.887,63.7,130
2024-01-03 19:11:00,154.96,60.48,8.437,2284.7,1.53,19.1,130
2024-01-03 19:12:00,157.02,34.89,8.545,2314.8,1.311,99.6,130
2024-01-03 19:13:00,149.74,59.41,8.016,2319.5,2.195,23.6,130
2024-01-03 19:14:00,121.82,35.86,8.553,2119.7,1.312,99.7,90
2024-01-03 19:15:00,144.16,48.23,8.023,2225.9,0.609,72.4,115
2024-01-03 19:16:00,155.06,60.31,8.492,2273.7,0.612,23.1,130
2024-01-03 19:17:00,124.85,47.78,8.193,2087.6,0.532,71.9,90
2024-01-03 19:18:00,147.22,35.08,7.47,2246.8,2.103,99.9,115
2024-01-03 19:19:00,156.19,47.88,7.905,2314.1,0.787,72.1,130
2024-01-03 19:20:00,126.74,35.16,8.539,2121.3,2.184,95.3,90
2024-01-03 19:21:00,131.53,60.19,8.079,2099.9,2.235,13.9,100
2024-01-03 19:22:00,135.36,35.21,8.685,2133.9,1.273,98.1,100
2024-01-03 19:23:00,144.23,47.71,7.715,2123.9,0.596,71.0,115
2024-01-03 19:24:00,138.66,36.22,8.478,2130.4,0.516,96.4,100
2024-01-03 19:25:00,155.44,45.82,8.181,2258.9,0.592,66.2,130
2024-01-03 19:26:00,143.33,36.56,8.101,2314.4,0.624,95.9,115
2024-01-03 19:27:00,127.13,48.9,7.729,1953.0,0.858,61.2,90
2024-01-03 19:28:00,156.41,59.72,8.284,2272.0,0.578,32.3,130
2024-01-03 19:29:00,132.95,59.9,7.796,2108.1,1.219,32.8,100
2024-01-03 19:30:00,144.13,36.49,7.946,2283.7,0.785,97.0,115
2024-01-03 19:31:00,154.17,47.05,8.144,2207.9,0.594,65.7,130
2024-01-03 19:32:00,138.07,35.5,8.054,2150.3,1.694,98.6,100
2024-01-03 19:33:00,155.51,48.52,8.611,2316.3,2.739,72.6,130
2024-01-03 19:34:00,146.82,45.92,7.164,2303.9,1.611,71.9,115
2024-01-03 19:35:00,153.77,59.37,8.129,2241.6,0.551,10.3,130
2024-01-03 19:36:00,125.84,35.83,8.055,1965.4,1.259,96.3,90
2024-01-03 19:37:00,158.26,34.2,8.197,2348.0,1.516,98.3,130
2024-01-03 19:38:00,154.1,35.2,7.982,2198.4,2.218,97.2,130
2024-01-03 19:39:00,155.29,46.69,8.61,2268.2,0.571,77.8,130
2024-01-03 19:40:00,121.59,36.27,8.097,2050.9,2.17,96.1,90
2024-01-03 19:41:00,133.09,36.05,8.253,2199.3,0.672,95.1,100
2024-01-03 19:42:00,134.16,45.65,8.557,2026.7,2.551,77.0,100
2024-01-03 19:43:00,142.35,34.95,8.221,2206.3,0.693,99.4,115
2024-01-03 19:44:00,148.3,34.95,7.692,2232.1,2.294,96.8,115
2024-01-03 19:45:00,152.9,35.33,8.029,2241.1,2.375,98.5,130
2024-01-03 19:46:00,146.97,34.62,8.15,2201.4,0.786,95.3,115
2024-01-03 19:47:00,155.47,47.36,7.541,2381.1,2.58,73.5,130
2024-01-03 19:48:00,125.08,46.44,7.915,2029.4,0.535,65.9,90
2024-01-03 19:49:00,138.72,35.97,8.173,2120.9,1.335,95.8,100
2024-01-03 19:50:00,139.35,60.0,9.005,2300.8,0.58,17.0,115
2024-01-03 19:51:00,154.51,34.72,8.348,2292.6,2.166,97.4,130
2024-01-03 19:52:00,132.3,36.61,8.263,2257.1,0.643,98.4,100
2024-01-03 19:53:00,150.1,36.63,8.876,2178.9,1.261,97.4,130
2024-01-03 19:54:00,152.01,35.73,8.435,2288.1,1.253,95.4,130
2024-01-03 19:55:00,155.04,46.81,8.492,2372.1,2.781,77.3,130
2024-01-03 19:56:00,143.19,46.15,8.037,2172.5,1.222,70.9,115
2024-01-03 19:57:00,137.24,60.86,7.694,2131.2,1.42,14.9,100
2024-01-03 19:58:00,154.47,47.66,8.305,2411.1,0.695,76.1,130
2024-01-03 19:59:00,154.19,46.35,8.929,2248.0,1.137,72.9,130
2024-01-03 20:00:00,144.2,46.45,8.805,2268.6,1.655,72.4,115
2024-01-03 20:01:00,134.75,35.87,8.463,2209.7,0.709,95.8,100
2024-01-03 20:02:00,153.95,34.56,7.925,2316.1,0.678,99.2,130
2024-01-03 20:03:00,152.87,46.5,7.58,2313.2,3.082,63.2,130
2024-01-03 20:04:00,127.47,46.17,7.871,1988.0,0.645,78.4,90
2024-01-03 20:05:00,123.44,34.69,8.287,2128.5,1.239,99.8,90
2024-01-03 20:06:00,124.04,59.42,8.012,1969.7,1.491,36.4,90
2024-01-03 20:07:00,136.07,60.72,8.601,2181.3,0.578,18.3,100
2024-01-03 20:08:00,155.8,58.6,7.604,2268.5,0.518,13.0,130
2024-01-03 20:09:00,152.77,35.85,8.148,2278.4,0.752,95.5,130
2024-01-03 20:10:00,156.89,60.21,7.893,2293.9,2.218,26.5,130
2024-01-03 20:11:00,156.34,36.27,8.597,2350.0,0.598,97.7,130
2024-01-03 20:12:00,125.44,47.21,8.417,2195.0,0.7,68.2,90
2024-01-03 20:13:00,133.92,46.7,7.868,2158.9,1.211,75.5,100
2024-01-03 20:14:00,133.98,46.35,8.542,2092.4,1.44,69.3,100
2024-01-03 20:15:00,154.5,47.79,7.551,2194.8,1.34,73.5,130
2024-01-03 20:16:00,121.92,35.9,7.485,2162.8,2.235,99.9,90
2024-01-03 20:17:00,134.9,35.11,7.846,2164.0,1.661,98.5,100
2024-01-03 20:18:00,157.23,36.23,7.407,2291.5,0.856,99.9,130
2024-01-03 20:19:00,127.19,35.14,8.155,2074.7,2.252,99.2,90
2024-01-03 20:20:00,154.05,35.5,8.168,2371.3,1.373,96.3,130
2024-01-03 20:21:00,157.66,35.02,8.038,2277.2,0.829,95.5,130
2024-01-03 20:22:00,139.76,35.93,8.416,2096.7,0.606,99.0,100
2024-01-03 20:23:00,134.21,59.2,7.911,2045.2,0.722,29.9,100
2024-01-03 20:24:00,156.73,59.76,7.681,2223.7,0.656,14.3,130
2024-01-03 20:25:00,149.34,46.48,7.881,2282.4,0.638,66.9,130
2024-01-03 20:26:00,121.85,35.71,7.712,2156.0,1.336,97.5,90
2024-01-03 20:27:00,135.23,47.31,7.955,2109.3,2.104,77.7,100
2024-01-03 20:28:00,132.48,46.12,8.438,2170.8,2.207,78.7,100
2024-01-03 20:29:00,160.1,35.83,7.497,2400.0,1.732,95.0,130
2024-01-03 20:30:00,156.49,34.32,8.064,2340.5,2.627,98.5,130
2024-01-03 20:31:00,157.41,37.25,8.583,2467.9,0.775,97.7,130
2024-01-03 20:32:00,154.93,46.59,8.629,2315.4,2.279,66.7,130
2024-01-03 20:33:00,152.49,36.34,7.927,2297.4,1.435,97.2,130
2024-01-03 20:34:00,153.7,47.16,9.085,2279.5,0.558,63.3,130
2024-01-03 20:35:00,145.64,47.19,7.779,2389.4,0.634,66.5,115
2024-01-03 20:36:00,153.41,46.07,8.109,2407.6,0.654,64.0,130
2024-01-03 20:37:00,136.68,47.67,7.732,2033.3,0.513,76.8,100
2024-01-03 20:38:00,156.78,47.04,8.373,2478.8,0.902,63.3,130
2024-01-03 20:39:00,145.01,35.88,9.32,2269.8,0.622,98.5,115
2024-01-03 20:40:00,150.44,59.93,8.937,2320.3,0.958,34.5,130
2024-01-03 20:41:00,149.29,35.6,8.539,2271.5,0.599,99.2,115
2024-01-03 20:42:00,154.47,46.29,7.957,2233.3,2.205,75.3,130
2024-01-03 20:43:00,131.77,46.88,8.133,2085.8,0.556,62.0,90
2024-01-03 20:44:00,136.63,46.66,8.646,2125.3,0.707,75.4,100
2024-01-03 20:45:00,144.48,46.44,8.5,2201.2,1.359,71.7,115
2024-01-03 20:46:00,156.12,35.61,8.233,2386.7,2.588,98.0,130
2024-01-03 20:47:00,139.95,47.29,8.257,2208.8,0.612,74.5,115
2024-01-03 20:48:00,137.57,60.2,8.622,2158.0,2.309,11.6,100
2024-01-03 20:49:00,161.42,59.92,8.721,2336.2,0.746,20.4,130
2024-01-03 20:50:00,139.78,47.33,7.6,2305.5,0.577,75.6,115
2024-01-03 20:51:00,134.28,35.69,8.291,2251.4,0.925,98.7,100
2024-01-03 20:52:00,134.74,47.08,8.431,2151.2,1.296,70.1,100
2024-01-03 20:53:00,137.19,35.63,7.987,2119.7,0.703,99.4,100
2024-01-03 20:54:00,130.26,36.45,8.712,2222.3,1.391,96.6,90
2024-01-03 20:55:00,125.96,34.54,8.085,1863.6,0.609,98.4,90
2024-01-03 20:56:00,150.35,35.25,8.723,2299.4,1.241,95.3,115
2024-01-03 20:57:00,145.43,47.27,8.053,2218.5,0.68,69.0,115
2024-01-03 20:58:00,136.13,34.23,8.304,2195.6,0.594,99.7,100
2024-01-03 20:59:00,135.82,36.61,8.295,2153.3,1.295,97.7,100
2024-01-03 21:00:00,128.05,47.2,8.865,2172.5,1.336,73.3,90
2024-01-03 21:01:00,153.94,47.77,8.496,2343.5,0.726,69.5,130
2024-01-03 21:02:00,157.05,60.9,8.017,2196.3,2.362,35.4,130
2024-01-03 21:03:00,151.92,35.83,8.091,2192.7,1.311,95.4,130
2024-01-03 21:04:00,154.29,33.71,8.09,2292.8,0.526,98.5,130
2024-01-03 21:05:00,153.41,60.12,8.207,2358.6,2.414,32.7,130
2024-01-03 21:06:00,135.22,35.67,7.822,2254.6,1.421,98.0,100
2024-01-03 21:07:00,154.21,46.13,8.167,2256.4,0.823,79.1,130
2024-01-03 21:08:00,137.83,58.57,8.747,1973.1,0.576,18.4,100
2024-01-03 21:09:00,132.8,35.87,8.729,2184.5,1.68,96.6,100
2024-01-03 21:10:00,150.67,46.0,7.574,2313.4,0.561,61.8,130
2024-01-03 21:11:00,151.61,61.65,7.511,2321.5,0.568,22.3,130
2024-01-03 21:12:00,147.49,35.71,7.963,2141.9,0.654,96.1,115
2024-01-03 21:13:00,132.58,36.58,7.488,2245.4,2.386,97.5,100
2024-01-03 21:14:00,125.99,60.02,7.695,2004.7,0.545,13.4,90
2024-01-03 21:15:00,124.26,36.1,8.34,2094.6,2.465,99.1,90
2024-01-03 21:16:00,127.06,47.04,8.185,2092.1,0.5,71.1,90
2024-01-03 21:17:00,144.42,60.8,7.512,2274.0,0.554,28.6,115
2024-01-03 21:18:00,131.91,58.37,8.668,2010.4,1.285,25.7,90
2024-01-03 21:19:00,139.75,47.71,8.031,2076.1,1.409,64.3,100
2024-01-03 21:20:00,124.21,47.54,7.993,2138.2,0.524,63.6,90
2024-01-03 21:21:00,153.87,35.38,8.607,2354.2,0.528,99.5,130
2024-01-03 21:22:00,132.83,35.17,8.364,2096.8,0.532,97.0,90
2024-01-03 21:23:00,142.3,35.26,8.183,2320.1,1.417,95.2,115
2024-01-03 21:24:00,134.86,47.23,8.002,2177.3,0.524,68.8,100
2024-01-03 21:25:00,155.06,36.47,8.428,2280.4,1.302,96.9,130
2024-01-03 21:26:00,154.99,46.57,8.027,2351.4,1.234,76.5,130
2024-01-03 21:27:00,150.65,45.64,8.109,2346.0,0.596,64.3,130
2024-01-03 21:28:00,156.24,61.99,7.729,2348.0,0.75,34.0,130
2024-01-03 21:29:00,152.57,60.54,8.657,2239.4,0.565,31.8,130
2024-01-03 21:30:00,138.59,35.19,8.821,2071.7,0.692,95.4,100
2024-01-03 21:31:00,151.36,47.95,8.285,2380.4,1.257,66.7,130
2024-01-03 21:32:00,155.15,47.75,8.006,2298.1,1.468,72.4,130
2024-01-03 21:33:00,149.46,35.89,8.574,2154.5,1.5,98.3,130
2024-01-03 21:34:00,139.61,46.62,8.435,2120.3,0.574,78.7,115
2024-01-03 21:35:00,152.9,36.03,8.022,2204.5,2.105,97.3,130
2024-01-03 21:36:00,153.25,47.87,8.66,2395.4,0.528,78.4,130
2024-01-03 21:37:00,148.66,34.12,8.03,2226.1,0.635,99.1,115
2024-01-03 21:38:00,134.9,35.68,7.686,2152.8,1.296,96.3,100
2024-01-03 21:39:00,158.23,47.24,8.174,2281.7,2.185,64.2,130
2024-01-03 21:40:00,154.05,47.21,8.634,2225.3,0.673,71.6,130
2024-01-03 21:41:00,156.52,47.04,8.241,2370.8,1.235,63.6,130
2024-01-03 21:42:00,123.19,36.45,7.731,2122.2,2.222,99.8,90
2024-01-03 21:43:00,153.02,46.83,8.039,2253.6,1.245,62.9,130
2024-01-03 21:44:00,140.45,47.0,8.679,2342.2,1.293,76.8,115
2024-01-03 21:45:00,155.84,60.25,8.31,2369.6,2.11,14.9,130
2024-01-03 21:46:00,145.66,46.86,8.192,2161.7,1.203,75.2,115
2024-01-03 21:47:00,156.94,45.89,8.148,2287.0,1.366,68.1,130
2024-01-03 21:48:00,155.54,35.67,8.632,2280.6,1.213,95.9,130
2024-01-03 21:49:00,150.07,47.18,8.606,2255.0,2.433,66.4,115
2024-01-03 21:50:00,155.44,46.71,7.64,2195.7,0.843,69.1,130
2024-01-03 21:51:00,157.48,35.39,8.576,2253.6,0.613,97.0,130
2024-01-03 21:52:00,134.19,32.96,8.407,2213.6,0.864,97.9,100
2024-01-03 21:53:00,122.73,47.97,8.837,1943.1,0.77,72.2,90
2024-01-03 21:54:00,156.79,47.72,8.172,2294.2,0.529,62.4,130
2024-01-03 21:55:00,144.78,45.93,8.654,2131.9,1.593,78.2,115
2024-01-03 21:56:00,127.08,34.96,8.388,2143.1,0.915,95.4,90
2024-01-03 21:57:00,135.88,61.16,7.754,2177.5,1.278,14.5,100
2024-01-03 21:58:00,143.02,34.58,8.608,2112.6,2.398,96.5,115
2024-01-03 21:59:00,137.69,35.88,8.524,2066.6,0.955,96.2,100
2024-01-03 22:00:00,152.82,46.61,7.94,2311.1,2.374,77.9,130
2024-01-03 22:01:00,146.56,60.33,8.316,2045.4,0.52,25.6,115
2024-01-03 22:02:00,158.2,47.04,9.043,2222.0,2.12,68.2,130
2024-01-03 22:03:00,154.04,46.77,8.007,2244.1,2.908,71.5,130
2024-01-03 22:04:00,147.89,60.31,8.49,2332.8,0.656,13.3,115
2024-01-03 22:05:00,155.99,35.11,7.762,2263.9,0.707,99.9,130
2024-01-03 22:06:00,137.13,34.07,7.972,2202.8,0.987,97.3,100
2024-01-03 22:07:00,142.91,46.26,8.524,2192.2,2.101,69.0,115
2024-01-03 22:08:00,145.54,34.66,8.303,2289.6,2.211,97.6,115
2024-01-03 22:09:00,151.48,58.72,8.12,2185.8,0.667,15.7,130
2024-01-03 22:10:00,159.28,47.3,8.881,2252.1,1.2,69.7,130
2024-01-03 22:11:00,139.97,59.86,7.831,2221.3,0.696,37.8,115
2024-01-03 22:12:00,124.11,35.78,8.142,2084.2,0.881,99.6,90
2024-01-03 22:13:00,152.67,35.92,8.397,2335.9,2.111,99.8,130
2024-01-03 22:14:00,156.69,36.11,7.851,2325.4,0.826,98.9,130
2024-01-03 22:15:00,129.81,60.33,8.404,2110.5,2.859,35.4,90
2024-01-03 22:16:00,156.64,46.22,8.63,2309.1,2.606,65.7,130
2024-01-03 22:17:00,132.4,47.46,8.154,2083.9,2.254,77.6,90
2024-01-03 22:18:00,141.56,47.18,7.926,2148.9,0.894,65.3,115
2024-01-03 22:19:00,141.75,37.25,8.075,2100.6,0.794,96.5,115
2024-01-03 22:20:00,152.77,35.51,7.129,2220.6,0.84,97.3,130
2024-01-03 22:21:00,155.3,35.81,8.602,2175.0,1.302,97.9,130
2024-01-03 22:22:00,152.43,46.92,8.306,2328.0,1.329,73.2,130
2024-01-03 22:23:00,123.12,47.04,8.129,2145.1,0.555,63.0,90
2024-01-03 22:24:00,136.55,59.99,7.533,2074.2,1.211,33.7,100
2024-01-03 22:25:00,131.9,46.65,8.644,2230.7,0.682,68.6,100
2024-01-03 22:26:00,132.17,47.14,8.025,2186.1,0.574,61.9,100
2024-01-03 22:27:00,154.0,36.0,8.426,2265.7,0.64,96.7,130
2024-01-03 22:28:00,144.24,35.16,8.195,2202.0,1.158,97.9,115
2024-01-03 22:29:00,147.53,60.67,7.554,2319.2,0.513,14.2,115
2024-01-03 22:30:00,132.75,47.57,8.707,1964.1,0.913,65.3,100
2024-01-03 22:31:00,153.2,46.3,8.631,2398.9,2.118,74.0,130
2024-01-03 22:32:00,146.45,59.23,8.506,2301.7,1.412,18.4,115
2024-01-03 22:33:00,127.0,35.86,8.326,2022.9,0.584,95.4,90
2024-01-03 22:34:00,148.57,59.53,7.721,2222.6,1.221,35.3,115
2024-01-03 22:35:00,156.17,46.16,8.548,2440.1,1.483,76.8,130
2024-01-03 22:36:00,145.33,61.37,9.082,2125.2,0.74,29.2,115
2024-01-03 22:37:00,156.44,34.73,8.246,2295.4,1.404,96.3,130
2024-01-03 22:38:00,134.33,45.78,8.254,2201.8,1.87,63.4,100
2024-01-03 22:39:00,124.31,46.37,7.759,2086.8,1.205,64.8,90
2024-01-03 22:40:00,140.56,47.19,7.372,2234.2,1.314,73.0,115
2024-01-03 22:41:00,147.23,35.56,8.056,2375.3,1.365,99.5,115
2024-01-03 22:42:00,135.53,37.01,8.793,2061.3,0.589,99.2,100
2024-01-03 22:43:00,156.94,46.39,8.738,2224.9,2.321,70.9,130
2024-01-03 22:44:00,147.96,35.69,8.174,2109.0,0.959,99.7,130
2024-01-03 22:45:00,124.88,36.4,8.372,1983.7,2.339,95.7,90
2024-01-03 22:46:00,132.86,34.97,7.713,2096.8,0.669,96.6,100
2024-01-03 22:47:00,158.75,36.06,8.244,2335.6,0.768,97.6,130
2024-01-03 22:48:00,156.54,34.03,7.99,2386.8,1.223,99.7,130
2024-01-03 22:49:00,135.59,48.41,8.222,2072.9,0.699,60.1,100
2024-01-03 22:50:00,133.92,36.3,8.09,2138.6,2.205,99.4,100
2024-01-03 22:51:00,135.99,46.46,8.083,2261.7,0.577,68.7,100
2024-01-03 22:52:00,152.68,36.16,8.599,2295.0,1.341,98.7,130
2024-01-03 22:53:00,124.75,48.05,8.986,2111.5,0.827,67.7,90
2024-01-03 22:54:00,143.55,34.47,8.132,2319.7,0.606,96.9,115
2024-01-03 22:55:00,140.67,35.02,8.767,2075.6,0.742,96.4,100
2024-01-03 22:56:00,148.67,61.08,7.703,2139.3,1.378,31.7,115
2024-01-03 22:57:00,157.66,35.55,8.163,2439.7,1.696,95.2,130
2024-01-03 22:58:00,121.27,47.35,7.682,2116.3,1.318,64.6,90
2024-01-03 22:59:00,157.16,35.56,8.075,2203.8,2.443,96.8,130
2024-01-03 23:00:00,155.47,47.71,8.486,2225.5,1.569,66.5,130
2024-01-03 23:01:00,138.06,47.41,8.647,2134.0,2.225,70.0,100
2024-01-03 23:02:00,145.81,35.58,7.889,2341.5,0.634,96.2,115
2024-01-03 23:03:00,134.98,45.32,8.383,2228.5,0.581,75.5,100
2024-01-03 23:04:00,145.58,36.01,8.692,2315.4,0.637,99.7,115
2024-01-03 23:05:00,150.49,47.58,8.635,2275.1,0.557,62.9,130
2024-01-03 23:06:00,123.08,46.01,8.304,2069.4,1.591,75.0,90
2024-01-03 23:07:00,155.93,46.06,7.964,2246.1,1.258,75.4,130
2024-01-03 23:08:00,127.85,35.91,7.924,2036.7,1.26,98.0,90
2024-01-03 23:09:00,153.62,47.16,7.863,2220.2,1.652,65.8,130
2024-01-03 23:10:00,134.9,58.42,8.187,2080.2,2.252,34.4,100
2024-01-03 23:11:00,151.0,46.34,7.871,2251.9,2.122,71.5,130
2024-01-03 23:12:00,148.65,60.25,8.471,2218.4,0.585,20.8,115
2024-01-03 23:13:00,127.78,36.04,8.291,2103.7,0.744,98.5,90
2024-01-03 23:14:00,146.63,35.03,8.273,2363.3,0.604,98.9,115
2024-01-03 23:15:00,136.02,46.88,7.464,2120.8,0.61,74.2,100
2024-01-03 23:16:00,138.88,34.8,8.211,2197.0,1.338,98.9,100
2024-01-03 23:17:00,132.99,48.06,8.016,2135.7,1.25,69.3,100
2024-01-03 23:18:00,122.72,35.64,9.067,2147.0,0.61,99.9,90
2024-01-03 23:19:00,147.65,34.97,7.688,2129.6,1.249,98.9,115
2024-01-03 23:20:00,157.49,34.57,8.118,2267.2,1.286,95.5,130
2024-01-03 23:21:00,152.02,45.99,8.353,2363.0,0.652,73.7,130
2024-01-03 23:22:00,153.67,36.95,7.811,2356.5,0.737,97.4,130
2024-01-03 23:23:00,159.22,46.86,8.971,2358.0,2.301,64.7,130
2024-01-03 23:24:00,146.03,35.18,8.98,2342.7,1.371,98.4,115
2024-01-03 23:25:00,156.97,59.83,7.857,2171.3,0.681,15.2,130
2024-01-03 23:26:00,152.1,35.0,7.963,2209.6,0.643,100.0,130
2024-01-03 23:27:00,156.64,35.41,9.059,2354.9,0.691,97.7,130
2024-01-03 23:28:00,131.45,35.53,8.758,2215.1,0.594,98.0,100
2024-01-03 23:29:00,140.05,60.01,8.052,2282.4,2.559,11.7,115
2024-01-03 23:30:00,156.82,34.49,8.373,2526.7,0.679,98.0,130
2024-01-03 23:31:00,128.59,47.71,7.645,1996.7,1.052,61.4,90
2024-01-03 23:32:00,154.37,35.06,9.079,2339.5,0.604,96.7,130
2024-01-03 23:33:00,123.63,46.47,8.229,2064.3,1.3,66.4,90
2024-01-03 23:34:00,149.28,46.44,8.434,2279.7,1.171,67.2,115
2024-01-03 23:35:00,154.51,46.16,7.826,2340.1,0.761,75.0,130
2024-01-03 23:36:00,134.84,47.21,7.746,2108.6,1.346,63.9,100
2024-01-03 23:37:00,139.23,60.72,8.38,2181.0,0.754,13.9,100
2024-01-03 23:38:00,144.12,59.42,8.967,2236.7,0.601,35.2,115
2024-01-03 23:39:00,123.36,45.53,7.984,2080.3,0.784,73.9,90
2024-01-03 23:40:00,157.04,34.68,7.808,2400.7,1.247,96.0,130
2024-01-03 23:41:00,153.22,35.14,8.322,2508.5,2.703,96.9,130
2024-01-03 23:42:00,154.64,59.01,8.855,2156.9,0.624,21.5,130
2024-01-03 23:43:00,151.7,46.52,7.945,2413.1,0.52,74.3,130
2024-01-03 23:44:00,155.46,59.56,8.1,2361.4,0.873,39.1,130
2024-01-03 23:45:00,125.17,59.99,8.535,2010.7,1.65,31.2,90
2024-01-03 23:46:00,157.42,34.34,8.578,2281.0,1.462,96.3,130
2024-01-03 23:47:00,147.14,35.96,8.086,2300.6,1.399,97.0,115
2024-01-03 23:48:00,146.38,61.33,8.639,2234.0,1.727,28.2,115
2024-01-03 23:49:00,125.99,48.14,8.412,2066.1,2.295,64.6,90
2024-01-03 23:50:00,124.82,59.53,8.206,2015.1,2.413,40.0,90
2024-01-03 23:51:00,136.52,36.03,8.561,2089.3,1.327,98.6,100
2024-01-03 23:52:00,122.22,35.94,8.506,1992.7,0.76,99.3,90
2024-01-03 23:53:00,129.13,59.97,7.781,2109.2,1.878,16.0,100
2024-01-03 23:54:00,127.9,47.14,8.793,2059.7,1.296,78.9,90
2024-01-03 23:55:00,136.69,36.05,8.338,2178.4,1.455,96.3,100
2024-01-03 23:56:00,154.68,36.21,8.75,2244.2,1.232,97.2,130
2024-01-03 23:57:00,147.69,46.35,8.221,2290.4,0.702,65.3,115
2024-01-03 23:58:00,143.17,60.6,8.299,2157.4,1.278,36.2,115
2024-01-03 23:59:00,153.24,61.33,8.36,2371.5,0.903,12.1,130
2024-01-04 00:00:00,152.89,36.21,8.419,2240.7,1.289,95.1,130
2024-01-04 00:01:00,146.42,48.23,8.811,2391.4,0.618,71.3,115
2024-01-04 00:02:00,121.04,57.93,8.387,2121.9,1.286,34.2,90
2024-01-04 00:03:00,153.08,35.98,8.189,2377.3,0.549,95.7,130
2024-01-04 00:04:00,135.72,60.21,8.604,2136.2,2.266,31.2,100
2024-01-04 00:05:00,131.99,36.32,8.372,2198.6,0.899,98.1,100
2024-01-04 00:06:00,123.35,46.1,9.382,1969.8,0.576,67.7,90
2024-01-04 00:07:00,119.47,59.6,8.317,1991.9,0.503,23.8,90
2024-01-04 00:08:00,136.51,36.22,8.695,2125.4,1.653,96.4,100
2024-01-04 00:09:00,143.28,46.15,8.553,2351.4,0.693,69.5,115
2024-01-04 00:10:00,152.25,35.69,7.38,2390.5,2.152,98.2,130
2024-01-04 00:11:00,141.76,46.99,7.905,2051.1,1.265,62.1,115
2024-01-04 00:12:00,133.95,46.84,8.024,2071.1,0.821,65.7,100
2024-01-04 00:13:00,121.05,35.96,7.6,2063.1,1.405,98.7,90
2024-01-04 00:14:00,139.86,46.11,8.042,2250.5,0.764,76.3,100
2024-01-04 00:15:00,149.04,34.88,7.652,2329.5,2.272,97.3,130
2024-01-04 00:16:00,143.87,46.89,7.756,2027.0,0.812,72.1,115
2024-01-04 00:17:00,155.27,46.04,8.297,2216.2,2.444,65.5,130
2024-01-04 00:18:00,153.06,60.98,8.968,2367.6,1.298,18.3,130
2024-01-04 00:19:00,155.53,46.36,7.655,2326.3,2.562,78.9,130
2024-01-04 00:20:00,153.0,36.13,7.714,2320.8,0.641,96.4,130
2024-01-04 00:21:00,138.83,34.8,7.987,2239.0,0.535,97.3,100
2024-01-04 00:22:00,152.2,47.56,8.141,2282.3,1.249,70.9,130
2024-01-04 00:23:00,149.12,45.71,7.583,2365.9,1.465,66.8,130
2024-01-04 00:24:00,121.75,36.63,7.92,2201.3,0.595,95.4,90
2024-01-04 00:25:00,155.97,36.41,7.883,2328.0,0.561,95.9,130
2024-01-04 00:26:00,154.71,59.56,8.327,2238.4,0.686,28.1,130
2024-01-04 00:27:00,156.88,46.34,8.37,2275.9,1.505,76.7,130
2024-01-04 00:28:00,156.25,47.37,8.139,2237.7,0.523,63.4,130
2024-01-04 00:29:00,153.41,34.28,8.049,2130.7,0.619,96.0,130
2024-01-04 00:30:00,153.78,60.03,7.916,2246.8,0.795,35.1,130
2024-01-04 00:31:00,144.04,46.35,8.221,2280.8,0.968,68.0,115
2024-01-04 00:32:00,159.71,35.3,7.81,2310.8,0.503,96.6,130
2024-01-04 00:33:00,156.73,59.48,8.819,2418.7,2.313,27.3,130
2024-01-04 00:34:00,129.73,46.36,7.601,2081.5,0.682,61.8,90
2024-01-04 00:35:00,147.1,48.36,7.937,2300.7,2.246,76.6,115
2024-01-04 00:36:00,124.84,47.62,8.547,1929.2,0.535,71.2,90
2024-01-04 00:37:00,142.45,45.82,8.041,2194.9,0.771,62.4,115
2024-01-04 00:38:00,155.5,46.3,8.469,2288.5,0.6,67.5,130
2024-01-04 00:39:00,134.85,60.69,8.887,2084.0,1.253,27.1,100
2024-01-04 00:40:00,154.77,36.27,8.533,2432.1,1.579,96.4,130
2024-01-04 00:41:00,154.48,34.39,7.719,2155.6,0.573,98.3,130
2024-01-04 00:42:00,129.87,36.06,7.738,2140.9,0.544,95.2,100
2024-01-04 00:43:00,148.15,60.21,8.125,2320.6,2.175,29.6,115
2024-01-04 00:44:00,134.87,58.45,8.377,2211.1,2.14,35.5,100
2024-01-04 00:45:00,121.46,46.68,8.682,2039.6,0.8,79.2,90
2024-01-04 00:46:00,156.2,46.89,7.886,2238.0,1.24,63.0,130
2024-01-04 00:47:00,142.86,47.04,8.006,2317.3,0.752,60.2,115
2024-01-04 00:48:00,146.41,34.44,8.1,2188.3,0.535,95.2,115
2024-01-04 00:49:00,127.2,59.39,8.092,2003.6,0.551,21.5,90
2024-01-04 00:50:00,137.55,59.5,8.798,2230.0,0.584,18.0,100
2024-01-04 00:51:00,124.6,46.57,8.158,2094.6,2.699,75.5,90
2024-01-04 00:52:00,153.97,35.08,8.261,2281.8,0.99,96.0,130
2024-01-04 00:53:00,133.44,46.89,8.565,2176.0,1.218,76.2,100
2024-01-04 00:54:00,153.19,35.75,8.836,2345.6,2.182,97.3,130
2024-01-04 00:55:00,154.96,48.42,8.186,,0.585,75.9,130
2024-01-04 00:56:00,124.48,36.2,8.704,2082.3,0.548,96.1,90
2024-01-04 00:57:00,152.94,36.55,8.931,2137.0,1.314,98.4,130
2024-01-04 00:58:00,122.14,46.62,8.156,2061.6,0.776,76.8,90
2024-01-04 00:59:00,154.73,46.2,7.975,2258.8,0.521,60.1,130
2024-01-04 01:00:00,133.91,47.64,9.075,2086.1,0.723,70.5,100
2024-01-04 01:01:00,152.15,46.99,8.648,2255.2,0.56,66.8,130
2024-01-04 01:02:00,157.08,36.08,8.205,2270.3,2.306,95.4,130
2024-01-04 01:03:00,159.43,34.79,8.46,2286.2,1.429,97.7,130
2024-01-04 01:04:00,147.41,36.02,7.782,2243.3,0.76,97.3,115
2024-01-04 01:05:00,153.2,35.36,8.644,2251.3,1.596,96.7,130
2024-01-04 01:06:00,134.87,46.63,7.48,2191.4,2.56,65.7,100
2024-01-04 01:07:00,158.85,59.71,8.628,2368.9,0.785,30.2,130
2024-01-04 01:08:00,152.07,35.89,7.911,2368.0,0.631,99.1,130
2024-01-04 01:09:00,156.96,47.62,7.538,2384.8,2.109,66.1,130
2024-01-04 01:10:00,141.38,35.21,7.399,2184.5,2.653,99.2,115
2024-01-04 01:11:00,139.21,47.28,8.01,2128.3,0.684,80.0,100
2024-01-04 01:12:00,123.92,60.27,8.484,2089.7,0.653,10.0,90
2024-01-04 01:13:00,160.57,36.09,7.644,2276.0,0.555,96.7,130
2024-01-04 01:14:00,149.32,60.79,7.706,2137.3,0.731,11.3,115
2024-01-04 01:15:00,134.73,36.95,8.002,2109.8,2.249,99.1,100
2024-01-04 01:16:00,153.2,35.13,8.523,2440.8,0.58,95.2,130
2024-01-04 01:17:00,145.49,36.67,8.573,2170.5,0.821,95.9,115
2024-01-04 01:18:00,144.55,35.59,8.256,2166.5,0.569,97.0,115
2024-01-04 01:19:00,154.0,34.62,8.593,2266.2,2.234,96.0,130
2024-01-04 01:20:00,150.85,34.98,8.475,2354.6,0.548,97.9,130
2024-01-04 01:21:00,153.71,47.37,8.033,2337.8,0.644,70.3,130
2024-01-04 01:22:00,142.22,47.58,8.564,2286.5,2.223,75.3,115
2024-01-04 01:23:00,156.38,34.69,7.686,2512.6,1.208,96.1,130
2024-01-04 01:24:00,157.48,46.39,8.395,2375.7,0.596,73.7,130
2024-01-04 01:25:00,156.85,46.57,7.734,2382.0,0.513,61.9,130
2024-01-04 01:26:00,155.86,46.31,8.257,2538.8,0.62,78.9,130
2024-01-04 01:27:00,152.87,45.5,8.687,2349.2,1.984,60.1,130
2024-01-04 01:28:00,125.51,33.72,8.285,2038.6,0.569,98.8,90
2024-01-04 01:29:00,156.98,46.69,8.195,2285.8,0.645,79.6,130
2024-01-04 01:30:00,133.53,35.7,8.29,2234.5,0.528,95.7,100
2024-01-04 01:31:00,155.3,36.02,8.465,2209.9,0.533,96.3,130
2024-01-04 01:32:00,134.64,34.41,9.054,1994.3,1.288,95.4,100
2024-01-04 01:33:00,149.16,45.92,8.461,2164.3,0.635,80.0,115
2024-01-04 01:34:00,157.13,35.08,7.999,2375.6,0.742,95.2,130
2024-01-04 01:35:00,136.52,60.0,8.117,2197.4,2.222,28.9,100
2024-01-04 01:36:00,140.71,36.31,7.84,2217.2,1.205,99.8,115
2024-01-04 01:37:00,135.43,60.57,7.704,2235.5,0.563,15.7,100
2024-01-04 01:38:00,144.61,35.21,7.227,2278.7,1.205,95.4,115
2024-01-04 01:39:00,124.59,35.79,8.015,2097.5,1.0,98.6,90
2024-01-04 01:40:00,131.09,46.33,7.638,2148.6,1.206,68.3,100
2024-01-04 01:41:00,122.28,47.06,8.239,2141.7,1.21,65.2,90
2024-01-04 01:42:00,144.83,35.45,7.996,2290.4,1.271,95.5,115
2024-01-04 01:43:00,147.79,48.12,7.766,2208.2,1.4,79.6,115
2024-01-04 01:44:00,133.52,35.89,7.359,2215.1,0.589,97.8,100
2024-01-04 01:45:00,124.0,59.38,8.06,2017.7,1.213,21.0,90
2024-01-04 01:46:00,129.45,59.39,7.499,2088.8,0.862,19.6,90
2024-01-04 01:47:00,154.26,35.23,8.482,2342.0,0.741,96.1,130
2024-01-04 01:48:00,134.68,34.25,8.302,2123.2,2.201,96.3,100
2024-01-04 01:49:00,154.71,35.32,8.109,2320.7,1.426,97.7,130
2024-01-04 01:50:00,141.64,46.89,8.78,2278.6,2.164,77.7,115
2024-01-04 01:51:00,156.43,35.87,8.204,2223.4,0.65,97.0,130
2024-01-04 01:52:00,153.37,35.99,8.354,2324.7,0.925,95.4,130
2024-01-04 01:53:00,124.92,35.58,8.475,2247.2,0.523,100.0,90
2024-01-04 01:54:00,156.11,34.2,7.993,2243.9,1.575,98.1,130
2024-01-04 01:55:00,149.86,34.52,7.995,2312.4,0.811,95.7,115
2024-01-04 01:56:00,141.71,46.52,8.217,2222.3,1.096,75.6,115
2024-01-04 01:57:00,157.16,47.52,7.661,2404.6,0.644,63.4,130
2024-01-04 01:58:00,157.17,35.99,8.914,2252.1,1.264,95.1,130
2024-01-04 01:59:00,143.4,46.8,8.264,2230.5,0.587,78.2,115
2024-01-04 02:00:00,156.5,37.39,8.12,2486.9,2.304,99.7,130
2024-01-04 02:01:00,139.11,48.25,9.034,2136.1,0.53,73.6,100
2024-01-04 02:02:00,123.09,36.49,7.759,2120.7,0.587,99.6,90
2024-01-04 02:03:00,155.6,36.06,8.814,2357.6,0.759,95.6,130
2024-01-04 02:04:00,156.01,47.37,8.525,2147.7,2.271,72.6,130
2024-01-04 02:05:00,146.34,60.31,8.647,2265.7,0.513,10.3,115
2024-01-04 02:06:00,136.92,58.56,8.13,2051.0,0.637,25.6,100
2024-01-04 02:07:00,155.42,34.66,8.222,2360.6,1.349,97.0,130
2024-01-04 02:08:00,156.28,35.32,8.063,2319.4,0.741,96.6,130
2024-01-04 02:09:00,142.72,60.1,8.599,2140.8,1.202,14.8,115
2024-01-04 02:10:00,125.41,35.4,8.357,1974.8,0.612,98.9,90
2024-01-04 02:11:00,153.81,47.22,7.977,2304.2,0.935,63.9,130
2024-01-04 02:12:00,141.93,45.32,7.995,2428.5,0.505,69.2,115
2024-01-04 02:13:00,123.73,35.9,8.194,2199.9,0.723,98.9,90
2024-01-04 02:14:00,135.67,47.05,8.067,2178.8,1.251,73.7,100
2024-01-04 02:15:00,136.09,46.85,8.777,2191.2,1.298,77.7,100
2024-01-04 02:16:00,,60.74,8.523,2278.1,1.631,23.6,115
2024-01-04 02:17:00,122.66,59.16,8.522,2027.2,2.19,34.3,90
2024-01-04 02:18:00,136.81,46.81,8.294,2094.6,0.658,65.1,100
2024-01-04 02:19:00,126.27,60.23,7.869,2138.1,0.519,18.9,90
2024-01-04 02:20:00,137.22,34.82,8.478,2101.9,1.279,95.4,100
2024-01-04 02:21:00,138.42,45.4,7.361,2265.2,1.231,68.6,100
2024-01-04 02:22:00,156.34,46.08,8.27,2201.7,0.665,76.3,130
2024-01-04 02:23:00,153.96,59.95,7.875,2237.9,1.323,32.8,130
2024-01-04 02:24:00,135.29,46.8,7.844,2263.3,0.561,69.4,100
2024-01-04 02:25:00,159.15,35.49,8.015,2287.1,2.777,99.8,130
2024-01-04 02:26:00,151.91,34.97,8.166,2220.2,2.133,97.4,115
2024-01-04 02:27:00,156.16,58.95,8.191,2361.6,1.549,36.7,130
2024-01-04 02:28:00,136.34,35.61,8.516,2242.7,0.507,99.0,100
2024-01-04 02:29:00,156.81,35.37,8.13,2358.8,1.575,96.6,130
2024-01-04 02:30:00,135.06,47.51,8.159,2173.0,1.33,77.6,100
2024-01-04 02:31:00,147.91,46.4,7.642,2294.1,0.852,63.3,115
2024-01-04 02:32:00,157.52,58.38,7.694,2342.7,0.775,39.7,130
2024-01-04 02:33:00,145.89,57.92,8.315,2316.8,2.27,32.3,115
2024-01-04 02:34:00,154.2,35.18,8.452,2538.6,0.593,97.7,130
2024-01-04 02:35:00,151.2,47.1,8.096,2350.4,0.719,76.9,130
2024-01-04 02:36:00,156.83,35.31,8.573,2241.2,0.857,95.0,130
2024-01-04 02:37:00,155.53,46.55,7.637,2393.1,1.34,77.1,130
2024-01-04 02:38:00,123.16,58.73,8.359,2058.3,2.207,23.5,90
2024-01-04 02:39:00,152.18,33.99,7.859,2337.0,1.231,98.6,130
2024-01-04 02:40:00,136.65,47.29,7.828,2179.3,0.953,65.1,100
2024-01-04 02:41:00,151.0,46.82,7.894,2263.5,1.262,75.8,130
2024-01-04 02:42:00,145.75,35.21,8.168,2200.3,1.226,97.7,115
2024-01-04 02:43:00,157.11,34.27,8.376,2125.3,1.214,98.0,130
2024-01-04 02:44:00,136.37,34.73,8.345,2141.9,0.778,96.7,100
2024-01-04 02:45:00,134.02,35.54,8.084,2194.9,1.425,97.8,100
2024-01-04 02:46:00,131.88,35.73,8.453,2151.2,0.526,98.1,100
2024-01-04 02:47:00,156.47,35.37,8.875,2273.2,0.651,96.3,130
2024-01-04 02:48:00,138.0,48.1,8.152,2180.2,1.233,69.5,100
2024-01-04 02:49:00,153.57,59.54,8.238,2234.6,2.197,26.6,130
2024-01-04 02:50:00,156.27,48.03,7.955,2225.4,0.805,61.2,130
2024-01-04 02:51:00,148.95,47.17,8.043,2272.1,2.152,73.3,115
2024-01-04 02:52:00,145.85,35.59,8.699,2276.5,0.506,97.8,115
2024-01-04 02:53:00,144.01,36.25,8.703,2270.9,1.243,98.5,115
2024-01-04 02:54:00,137.6,35.0,8.12,2126.0,0.602,95.1,100
2024-01-04 02:55:00,153.16,59.74,8.396,2397.5,0.555,16.7,130
2024-01-04 02:56:00,151.75,34.52,8.568,2220.1,1.456,98.6,130
2024-01-04 02:57:00,157.03,47.75,8.021,2286.2,1.511,73.1,130
2024-01-04 02:58:00,133.98,35.77,7.678,2209.8,1.255,99.7,100
2024-01-04 02:59:00,144.21,47.88,8.476,2298.8,1.263,63.9,115
2024-01-04 03:00:00,153.43,47.16,8.559,2248.2,1.364,77.9,130
2024-01-04 03:01:00,133.82,60.88,8.5,2321.4,2.379,11.8,100
2024-01-04 03:02:00,148.51,59.4,8.05,2219.6,1.141,29.0,115
2024-01-04 03:03:00,149.16,36.29,8.809,2237.0,0.571,97.4,115
2024-01-04 03:04:00,149.49,35.18,8.314,2308.2,0.984,95.7,115
2024-01-04 03:05:00,147.73,35.5,7.741,2354.2,0.54,96.3,115
2024-01-04 03:06:00,136.17,60.58,7.562,2154.9,1.208,14.1,100
2024-01-04 03:07:00,151.42,48.86,8.081,2403.9,0.815,61.2,130
2024-01-04 03:08:00,154.53,36.16,8.29,2273.5,0.63,95.3,130
2024-01-04 03:09:00,160.39,36.23,8.085,2443.5,0.516,95.5,130
2024-01-04 03:10:00,143.91,59.56,8.997,2233.1,1.215,16.3,115
2024-01-04 03:11:00,128.79,60.13,8.362,2095.2,0.503,16.5,90
2024-01-04 03:12:00,145.14,35.42,7.811,2202.3,0.573,96.8,115
2024-01-04 03:13:00,148.3,48.13,7.292,2327.3,1.466,70.0,130
2024-01-04 03:14:00,136.6,46.88,8.294,2091.6,1.419,73.3,100
2024-01-04 03:15:00,138.17,61.06,8.596,2145.0,2.102,20.4,100
2024-01-04 03:16:00,124.88,45.96,8.946,2071.4,1.38,70.1,90
2024-01-04 03:17:00,148.08,36.62,8.119,2145.5,0.523,99.4,115
2024-01-04 03:18:00,120.83,34.81,8.889,2024.3,2.868,97.0,90
2024-01-04 03:19:00,151.54,47.68,7.656,2142.0,0.736,61.0,130
2024-01-04 03:20:00,155.51,46.31,8.062,2210.7,2.194,66.4,130
2024-01-04 03:21:00,156.19,60.49,7.794,2308.9,2.157,11.7,130
2024-01-04 03:22:00,138.39,46.23,8.517,2226.8,1.25,72.8,100
2024-01-04 03:23:00,156.6,47.83,7.68,2281.4,1.126,61.9,130
2024-01-04 03:24:00,142.02,36.18,8.361,2227.6,1.309,97.1,115
2024-01-04 03:25:00,145.53,46.52,7.703,2322.9,0.633,66.3,115
2024-01-04 03:26:00,156.5,47.46,8.903,2376.7,2.463,63.7,130
2024-01-04 03:27:00,120.31,60.76,8.05,2135.5,1.864,26.9,90
2024-01-04 03:28:00,154.89,46.26,8.351,2319.5,2.101,62.8,130
2024-01-04 03:29:00,154.16,59.17,7.484,2270.8,2.126,28.4,130
2024-01-04 03:30:00,133.36,59.14,7.602,2181.7,1.216,20.6,100
2024-01-04 03:31:00,156.25,34.53,7.891,2412.6,1.563,95.5,130
2024-01-04 03:32:00,132.13,46.14,8.54,2294.6,1.1,65.6,100
2024-01-04 03:33:00,136.04,47.74,8.464,2342.5,0.665,68.4,100
2024-01-04 03:34:00,126.4,35.95,8.634,2192.4,1.36,98.0,90
2024-01-04 03:35:00,127.71,34.14,7.596,2073.5,2.321,98.3,90
2024-01-04 03:36:00,152.19,35.09,8.403,2213.8,1.287,95.6,130
2024-01-04 03:37:00,141.24,34.57,7.976,2278.2,2.136,97.6,115
2024-01-04 03:38:00,155.7,47.69,7.877,2397.7,2.114,75.5,130
2024-01-04 03:39:00,154.28,46.64,7.985,2105.7,1.626,73.7,130
2024-01-04 03:40:00,162.26,45.76,8.153,2191.7,0.659,79.0,130
2024-01-04 03:41:00,156.15,35.64,8.464,2273.5,1.437,99.5,130
2024-01-04 03:42:00,125.15,35.99,8.649,2008.5,0.581,97.9,90
2024-01-04 03:43:00,154.57,46.24,8.408,2181.3,0.829,79.0,130
2024-01-04 03:44:00,141.95,59.79,8.453,2260.4,0.586,28.3,115
2024-01-04 03:45:00,146.41,34.78,8.929,2329.3,2.106,98.7,115
2024-01-04 03:46:00,144.8,61.0,8.479,2214.9,0.582,17.6,115
2024-01-04 03:47:00,124.8,35.15,8.114,1937.2,1.58,98.2,90
2024-01-04 03:48:00,155.24,34.92,8.432,2326.5,2.517,98.3,130
2024-01-04 03:49:00,145.55,35.46,8.883,2141.2,1.746,98.3,115
2024-01-04 03:50:00,140.65,35.33,7.852,2149.3,1.338,95.3,115
2024-01-04 03:51:00,157.09,36.05,8.028,2386.8,1.827,96.9,130
2024-01-04 03:52:00,142.88,47.97,8.78,2326.0,0.638,64.8,115
2024-01-04 03:53:00,134.65,36.48,8.084,2126.9,0.533,99.0,100
2024-01-04 03:54:00,158.21,35.19,8.506,2368.5,2.239,97.1,130
2024-01-04 03:55:00,159.45,47.24,8.716,2224.1,0.906,67.1,130
2024-01-04 03:56:00,150.75,61.19,7.698,2352.3,1.508,33.4,130
2024-01-04 03:57:00,135.08,48.22,8.037,2119.3,1.314,62.7,100
2024-01-04 03:58:00,135.68,46.3,8.682,2044.0,0.548,78.3,100
2024-01-04 03:59:00,141.23,35.97,8.149,2157.4,2.274,98.4,115
2024-01-04 04:00:00,147.01,35.84,7.393,2262.8,1.735,99.1,115
2024-01-04 04:01:00,125.29,47.74,7.996,1951.6,0.539,65.6,90
2024-01-04 04:02:00,135.49,60.99,8.518,2127.5,2.451,22.2,100
2024-01-04 04:03:00,132.71,34.67,8.711,2235.5,1.232,98.1,100
2024-01-04 04:04:00,136.03,59.45,8.22,2110.6,1.004,27.3,100
2024-01-04 04:05:00,147.1,47.73,8.394,2106.7,1.436,70.9,115
2024-01-04 04:06:00,145.32,35.62,8.052,2207.8,0.523,96.0,115
2024-01-04 04:07:00,123.72,45.22,8.561,2124.2,1.245,76.0,90
2024-01-04 04:08:00,123.91,58.67,8.77,1966.2,1.023,13.0,90
2024-01-04 04:09:00,155.55,60.53,8.507,2405.0,1.342,20.1,130
2024-01-04 04:10:00,155.12,60.67,8.153,2371.1,1.321,28.9,130
2024-01-04 04:11:00,127.26,34.42,8.374,2098.0,2.112,99.7,90
2024-01-04 04:12:00,153.8,47.88,8.581,2356.2,1.218,67.2,130
2024-01-04 04:13:00,121.95,46.84,8.211,2080.2,0.735,68.3,90
2024-01-04 04:14:00,155.9,34.68,8.52,2336.7,2.4,97.6,130
2024-01-04 04:15:00,153.81,35.05,8.348,2315.7,1.603,98.4,130
2024-01-04 04:16:00,156.96,59.02,8.768,2380.6,1.34,16.0,130
2024-01-04 04:17:00,155.02,46.51,8.48,2413.4,0.58,62.1,130
2024-01-04 04:18:00,156.64,34.0,8.001,2244.3,2.296,95.5,130
2024-01-04 04:19:00,142.46,46.94,8.762,2173.9,2.293,61.1,115
2024-01-04 04:20:00,135.36,47.47,8.384,2118.7,1.207,73.2,100
2024-01-04 04:21:00,123.25,34.42,8.144,2021.3,2.659,97.3,90
2024-01-04 04:22:00,141.95,35.51,7.658,2320.7,0.706,95.9,115
2024-01-04 04:23:00,142.85,34.86,8.293,2110.0,2.101,95.5,115
2024-01-04 04:24:00,143.64,36.04,8.934,2273.4,1.142,96.7,115
2024-01-04 04:25:00,148.11,33.65,7.108,2340.9,1.11,95.4,115
2024-01-04 04:26:00,143.57,47.57,7.124,2183.7,1.783,68.9,115
2024-01-04 04:27:00,151.82,34.05,8.507,2427.8,1.639,96.0,130
2024-01-04 04:28:00,155.33,46.83,8.294,2402.6,0.541,62.5,130
2024-01-04 04:29:00,155.07,46.43,8.469,2282.1,1.256,63.3,130
2024-01-04 04:30:00,153.77,35.21,7.989,2375.5,0.787,98.7,130
2024-01-04 04:31:00,134.6,45.78,7.343,2083.9,0.705,64.0,100
2024-01-04 04:32:00,157.44,48.33,7.867,2221.9,1.072,63.6,130
2024-01-04 04:33:00,126.68,34.47,8.824,2032.9,0.596,96.9,90
2024-01-04 04:34:00,126.46,59.03,8.019,2178.0,1.036,22.0,90
2024-01-04 04:35:00,122.04,48.44,8.023,2033.3,2.286,71.8,90
2024-01-04 04:36:00,132.22,60.26,7.148,2073.3,1.373,28.8,90
2024-01-04 04:37:00,157.63,34.5,7.478,2229.6,0.708,96.7,130
2024-01-04 04:38:00,146.29,35.4,8.644,2299.3,2.381,95.8,115
2024-01-04 04:39:00,152.09,46.81,8.096,2376.5,1.318,73.8,130
2024-01-04 04:40:00,137.37,34.15,8.596,2093.7,1.289,98.7,100
2024-01-04 04:41:00,123.75,46.39,7.899,1884.6,0.519,64.0,90
2024-01-04 04:42:00,124.51,35.48,7.613,2041.1,0.99,96.8,90
2024-01-04 04:43:00,140.8,48.01,8.096,2265.4,0.714,64.3,115
2024-01-04 04:44:00,131.9,46.85,7.971,2148.9,0.981,76.5,100
2024-01-04 04:45:00,156.1,35.41,7.867,2316.4,1.292,95.2,130
2024-01-04 04:46:00,157.52,46.35,7.877,2338.0,1.553,68.3,130
2024-01-04 04:47:00,136.71,60.88,8.146,2109.1,1.391,11.7,100
2024-01-04 04:48:00,146.63,36.22,8.003,2129.6,0.856,98.7,115
2024-01-04 04:49:00,124.84,36.13,7.827,2129.1,1.279,96.4,90
2024-01-04 04:50:00,153.98,47.09,8.922,2239.2,1.699,69.7,130
2024-01-04 04:51:00,125.72,58.72,8.383,1973.9,2.616,38.5,90
2024-01-04 04:52:00,147.05,47.87,8.263,2270.0,0.629,63.2,115
2024-01-04 04:53:00,135.01,47.05,8.173,2061.5,2.202,70.8,100
2024-01-04 04:54:00,138.03,59.75,8.466,2084.5,2.271,21.8,100
2024-01-04 04:55:00,124.46,35.86,8.413,2196.4,1.245,99.7,90
2024-01-04 04:56:00,,35.68,7.786,2437.1,1.337,95.3,130
2024-01-04 04:57:00,124.97,46.14,7.587,2165.3,0.954,72.3,90
2024-01-04 04:58:00,155.26,46.74,7.29,2370.7,2.191,79.9,130
2024-01-04 04:59:00,154.79,45.48,8.917,2402.5,0.766,73.7,130
2024-01-04 05:00:00,148.2,60.07,8.022,2387.0,1.395,11.9,115
2024-01-04 05:01:00,137.01,36.56,8.437,2237.5,0.561,95.4,100
2024-01-04 05:02:00,141.42,45.56,8.281,2250.1,0.652,69.4,115
2024-01-04 05:03:00,138.84,47.1,8.565,2219.8,1.583,69.0,100
2024-01-04 05:04:00,128.15,36.03,8.174,2112.8,2.262,98.8,100
2024-01-04 05:05:00,160.38,47.65,7.669,2321.7,0.739,66.4,130
2024-01-04 05:06:00,124.28,34.9,7.785,2085.3,2.399,96.2,90
2024-01-04 05:07:00,154.53,59.12,8.06,2299.0,1.21,19.7,130
2024-01-04 05:08:00,124.85,35.03,7.566,2044.8,0.511,99.1,90
2024-01-04 05:09:00,155.96,36.45,7.858,2413.0,0.524,99.1,130
2024-01-04 05:10:00,145.0,34.13,7.72,2153.8,1.236,98.6,115
2024-01-04 05:11:00,144.67,34.53,8.069,2241.8,0.834,95.7,115
2024-01-04 05:12:00,158.27,59.63,8.002,2206.9,0.614,21.7,130
2024-01-04 05:13:00,156.41,46.22,8.248,2149.4,0.541,72.9,130
2024-01-04 05:14:00,152.6,35.47,8.542,2405.6,0.652,97.5,130
2024-01-04 05:15:00,156.85,36.63,8.103,2412.9,1.488,97.4,130
2024-01-04 05:16:00,156.31,46.04,7.599,2271.2,0.53,68.9,130
2024-01-04 05:17:00,143.64,46.88,7.381,2234.1,0.584,77.7,115
2024-01-04 05:18:00,136.98,59.99,8.265,2126.9,0.543,12.3,100
2024-01-04 05:19:00,144.61,46.73,7.934,2206.9,0.708,76.7,115
2024-01-04 05:20:00,124.45,58.74,8.137,2031.0,0.529,31.0,90
2024-01-04 05:21:00,144.38,34.99,8.332,2266.8,1.504,96.0,115
2024-01-04 05:22:00,128.93,46.49,8.777,2119.5,1.247,71.8,100
2024-01-04 05:23:00,133.68,60.51,7.501,2183.2,0.512,25.2,100
2024-01-04 05:24:00,146.78,47.34,7.795,2363.4,0.984,79.4,115
2024-01-04 05:25:00,134.94,34.26,8.166,2181.2,0.581,96.4,100
2024-01-04 05:26:00,151.79,35.19,7.744,2320.0,0.64,97.6,130
2024-01-04 05:27:00,127.41,35.1,7.604,2024.3,1.221,98.5,90
2024-01-04 05:28:00,134.25,48.56,8.724,2148.8,0.631,77.4,100
2024-01-04 05:29:00,151.95,35.73,7.781,2176.4,0.55,99.6,130
2024-01-04 05:30:00,140.52,46.14,7.676,2273.2,1.567,72.6,100
2024-01-04 05:31:00,152.37,59.38,7.741,2233.4,0.75,15.6,130
2024-01-04 05:32:00,157.2,46.7,8.634,2156.5,1.418,66.2,130
2024-01-04 05:33:00,153.08,35.79,7.922,2301.6,1.504,98.0,130
2024-01-04 05:34:00,135.34,47.39,7.646,2178.3,0.57,66.2,100
2024-01-04 05:35:00,132.74,47.16,7.864,2256.0,1.321,72.8,100
2024-01-04 05:36:00,131.9,59.83,8.181,2169.6,1.218,11.7,100
2024-01-04 05:37:00,156.31,59.89,8.557,2384.0,0.514,15.8,130
2024-01-04 05:38:00,146.01,46.9,8.523,2304.4,1.28,79.2,115
2024-01-04 05:39:00,137.86,34.07,7.889,2216.6,2.446,97.2,100
2024-01-04 05:40:00,154.91,59.95,7.988,2219.3,2.282,11.5,130
2024-01-04 05:41:00,150.55,35.04,9.041,2270.9,1.311,96.4,115
2024-01-04 05:42:00,155.67,34.18,8.598,2199.2,2.782,98.6,130
2024-01-04 05:43:00,156.42,37.43,8.099,2469.6,0.617,95.7,130
2024-01-04 05:44:00,141.6,35.75,7.282,2285.8,1.327,98.3,115
2024-01-04 05:45:00,133.46,60.01,8.016,2100.0,1.479,31.2,100
2024-01-04 05:46:00,156.3,46.7,7.669,2340.1,0.528,76.8,130
2024-01-04 05:47:00,154.79,36.08,7.855,2229.2,1.259,97.9,130
2024-01-04 05:48:00,155.47,34.57,7.814,2185.6,1.321,99.7,130
2024-01-04 05:49:00,152.96,35.25,8.108,2380.1,0.669,99.3,130
2024-01-04 05:50:00,155.3,46.24,8.228,2231.5,1.232,67.5,130
2024-01-04 05:51:00,155.3,36.08,7.907,2295.5,0.58,95.6,130
2024-01-04 05:52:00,132.05,59.34,7.689,2166.4,0.55,33.6,100
2024-01-04 05:53:00,146.61,36.38,8.128,2215.4,0.879,97.0,115
2024-01-04 05:54:00,130.75,35.42,8.001,2067.8,0.86,97.3,100
2024-01-04 05:55:00,135.46,60.62,7.441,2154.9,0.555,20.7,100
2024-01-04 05:56:00,159.41,35.82,8.443,2321.8,1.314,95.7,130
2024-01-04 05:57:00,156.7,60.85,7.908,2379.7,0.711,18.1,130
2024-01-04 05:58:00,126.69,46.25,8.092,2265.6,0.51,62.8,90
2024-01-04 05:59:00,152.76,47.72,8.112,2151.9,1.63,79.5,130
2024-01-04 06:00:00,159.42,34.01,8.194,2246.1,1.343,98.5,130
2024-01-04 06:01:00,158.44,35.53,8.258,2327.8,0.551,99.2,130
2024-01-04 06:02:00,142.89,35.06,7.678,2310.9,0.601,96.1,115
2024-01-04 06:03:00,143.81,45.88,8.325,2257.7,0.964,70.4,115
2024-01-04 06:04:00,128.14,34.79,8.062,2159.8,1.205,100.0,90
2024-01-04 06:05:00,129.49,34.99,8.634,1951.6,2.131,99.4,90
2024-01-04 06:06:00,141.84,59.84,8.526,2204.6,1.243,38.6,115
2024-01-04 06:07:00,152.49,35.08,8.729,2426.9,0.512,95.8,130
2024-01-04 06:08:00,154.64,60.06,7.825,2241.2,1.251,16.1,130
2024-01-04 06:09:00,149.57,34.84,8.715,2078.1,0.84,96.2,130
2024-01-04 06:10:00,155.05,46.62,8.238,2244.7,0.65,64.4,130
2024-01-04 06:11:00,157.96,59.77,8.476,2345.0,0.686,37.3,130
2024-01-04 06:12:00,151.4,47.15,8.47,2304.3,1.234,76.9,130
2024-01-04 06:13:00,155.32,36.18,8.384,2207.2,1.265,99.2,130
2024-01-04 06:14:00,153.55,47.68,7.765,2252.3,1.699,68.7,130
2024-01-04 06:15:00,129.1,60.19,8.582,1963.6,1.247,24.9,90
2024-01-04 06:16:00,143.58,35.84,8.341,2133.0,0.974,99.8,115
2024-01-04 06:17:00,128.8,35.75,7.611,1999.7,0.718,97.7,90
2024-01-04 06:18:00,153.51,46.75,8.007,2318.4,1.34,68.8,130
2024-01-04 06:19:00,146.93,47.72,7.715,2039.0,1.238,63.8,115
2024-01-04 06:20:00,155.63,46.27,7.63,2419.3,1.424,61.3,130
2024-01-04 06:21:00,154.65,58.36,8.541,2301.7,0.935,38.4,130
2024-01-04 06:22:00,153.02,34.67,7.608,2221.5,1.235,98.5,130
2024-01-04 06:23:00,125.81,36.62,7.672,1992.1,0.501,98.3,90
2024-01-04 06:24:00,123.9,35.26,8.991,2019.2,1.469,96.7,90
2024-01-04 06:25:00,153.28,47.22,8.021,2310.5,0.683,70.4,130
2024-01-04 06:26:00,158.68,35.28,8.463,2322.1,2.24,98.3,130
2024-01-04 06:27:00,146.37,47.45,8.65,2214.5,0.622,65.5,115
2024-01-04 06:28:00,156.61,35.56,8.51,2249.6,1.338,95.7,130
2024-01-04 06:29:00,154.02,35.45,8.26,2309.1,1.294,97.8,130
2024-01-04 06:30:00,154.54,35.99,8.185,2144.1,0.517,98.3,130
2024-01-04 06:31:00,144.38,35.13,8.415,2132.8,0.799,96.9,115
2024-01-04 06:32:00,155.84,47.3,8.11,2255.9,1.326,60.7,130
2024-01-04 06:33:00,156.6,35.36,8.478,2202.6,0.849,99.0,130
2024-01-04 06:34:00,154.92,46.91,8.096,2292.5,1.306,78.0,130
2024-01-04 06:35:00,143.02,34.85,8.142,2123.0,2.138,98.4,115
2024-01-04 06:36:00,126.9,46.83,8.953,2207.0,1.515,69.6,90
2024-01-04 06:37:00,155.08,35.07,8.008,2193.4,1.259,95.7,130
2024-01-04 06:38:00,121.4,36.4,8.208,2190.9,1.458,97.3,90
2024-01-04 06:39:00,129.66,45.65,8.372,1989.6,1.256,63.4,100
2024-01-04 06:40:00,125.74,60.71,8.398,2230.4,2.554,39.4,90
2024-01-04 06:41:00,132.93,34.1,8.317,2196.7,1.515,97.7,100
2024-01-04 06:42:00,136.08,35.93,7.7,2213.3,2.219,95.7,100
2024-01-04 06:43:00,123.06,46.33,8.265,1960.8,0.67,63.7,90
2024-01-04 06:44:00,155.33,47.45,8.297,2284.2,1.456,62.2,130
2024-01-04 06:45:00,144.05,35.4,8.656,2209.4,0.527,98.2,115
2024-01-04 06:46:00,129.38,58.85,8.496,2061.9,1.023,29.9,90
2024-01-04 06:47:00,137.38,48.09,8.682,2251.8,2.076,68.9,100
2024-01-04 06:48:00,128.37,60.62,7.799,2125.3,0.58,26.7,90
2024-01-04 06:49:00,135.06,47.4,7.802,2136.7,1.451,76.6,100
2024-01-04 06:50:00,127.06,46.49,8.331,2149.9,2.209,74.3,90
2024-01-04 06:51:00,135.23,47.65,8.653,2244.7,0.506,61.5,100
2024-01-04 06:52:00,138.67,58.97,8.12,2104.6,1.137,18.6,100
2024-01-04 06:53:00,144.82,45.22,7.904,2182.2,1.231,67.5,115
2024-01-04 06:54:00,121.51,45.75,7.559,2242.9,2.116,64.3,90
2024-01-04 06:55:00,130.0,46.26,8.345,2130.8,1.563,77.7,100
2024-01-04 06:56:00,139.17,46.4,8.155,2098.6,1.207,63.7,100
2024-01-04 06:57:00,136.2,35.15,8.026,2137.6,0.733,96.8,100
2024-01-04 06:58:00,156.36,59.69,8.562,2396.0,1.032,24.3,130
2024-01-04 06:59:00,158.72,46.48,8.165,2367.5,1.304,60.2,130
2024-01-04 07:00:00,120.87,58.31,8.2,2060.0,0.514,22.0,90
2024-01-04 07:01:00,144.1,60.15,8.56,2278.9,2.149,38.9,115
2024-01-04 07:02:00,154.41,35.29,9.076,2330.0,1.093,97.6,130
2024-01-04 07:03:00,156.86,46.44,8.022,2298.6,1.325,76.4,130
2024-01-04 07:04:00,133.27,36.62,7.85,2126.0,1.356,98.5,100
2024-01-04 07:05:00,132.0,46.81,7.804,2161.8,1.234,63.3,100
2024-01-04 07:06:00,131.97,35.55,8.391,2116.7,1.7,97.4,100
2024-01-04 07:07:00,147.87,60.64,7.764,2235.7,2.246,15.3,115
2024-01-04 07:08:00,153.14,58.81,8.051,2306.0,2.251,13.2,130
2024-01-04 07:09:00,153.62,59.98,8.086,2194.0,2.272,35.4,130
2024-01-04 07:10:00,156.59,47.63,8.823,2267.7,2.392,73.0,130
2024-01-04 07:11:00,133.25,46.93,8.677,2129.3,1.245,65.1,100
2024-01-04 07:12:00,150.74,34.46,7.585,2458.8,1.771,95.9,130
2024-01-04 07:13:00,141.05,59.61,8.834,2217.2,0.539,32.4,115
2024-01-04 07:14:00,144.86,35.65,7.714,2251.9,0.544,98.9,115
2024-01-04 07:15:00,146.24,33.81,8.264,2402.1,0.502,98.2,115
2024-01-04 07:16:00,124.49,45.92,7.866,1943.7,0.504,62.5,90
2024-01-04 07:17:00,156.08,61.58,8.045,2187.2,0.612,29.0,130
2024-01-04 07:18:00,130.97,60.39,7.808,2087.7,0.54,38.5,100
2024-01-04 07:19:00,151.14,61.19,8.87,2283.4,2.148,33.2,130
2024-01-04 07:20:00,160.63,60.69,8.144,2291.4,2.983,36.2,130
2024-01-04 07:21:00,148.08,47.32,8.29,2189.1,1.03,64.7,115
2024-01-04 07:22:00,156.92,46.75,7.771,2211.3,0.578,63.4,130
2024-01-04 07:23:00,133.35,47.3,7.634,2227.9,2.184,79.3,100
2024-01-04 07:24:00,144.4,36.66,8.022,2193.7,2.169,98.7,115
2024-01-04 07:25:00,155.0,36.16,8.409,2404.7,2.528,99.7,130
2024-01-04 07:26:00,158.29,35.63,8.151,2228.6,2.121,97.0,130
2024-01-04 07:27:00,146.01,59.86,8.59,2386.8,2.275,18.4,115
2024-01-04 07:28:00,136.31,47.4,8.25,2016.7,0.541,74.1,100
2024-01-04 07:29:00,144.58,46.57,8.203,2228.8,0.784,67.6,115
2024-01-04 07:30:00,146.98,60.4,8.414,2150.1,1.4,18.6,115
2024-01-04 07:31:00,135.76,59.44,8.24,2152.8,0.598,12.6,100
2024-01-04 07:32:00,145.11,35.22,8.578,2151.6,2.121,95.4,115
2024-01-04 07:33:00,153.14,34.68,8.422,2138.4,1.492,97.3,130
2024-01-04 07:34:00,144.72,46.65,8.564,2167.5,1.216,77.3,115
2024-01-04 07:35:00,142.3,46.45,8.487,2357.7,0.564,71.1,115
2024-01-04 07:36:00,134.9,48.35,8.744,2070.0,1.259,76.1,100
2024-01-04 07:37:00,145.22,59.28,8.532,2270.7,1.373,14.5,115
2024-01-04 07:38:00,118.99,47.31,8.899,2070.5,2.244,72.0,90
2024-01-04 07:39:00,154.42,59.24,7.984,2273.6,0.566,34.8,130
2024-01-04 07:40:00,122.06,60.04,8.534,2233.5,2.213,18.1,90
2024-01-04 07:41:00,146.25,35.73,7.648,2204.8,2.215,99.6,115
2024-01-04 07:42:00,136.59,34.02,8.579,2163.6,1.37,99.2,100
2024-01-04 07:43:00,153.93,34.38,8.223,2316.9,1.657,98.1,130
2024-01-04 07:44:00,156.37,46.24,8.575,2436.0,1.231,74.8,130
2024-01-04 07:45:00,136.48,45.96,8.872,2030.1,0.663,69.4,100
2024-01-04 07:46:00,134.43,47.07,8.52,2329.5,0.504,66.3,100
2024-01-04 07:47:00,158.84,60.19,8.035,2431.6,2.34,32.7,130
2024-01-04 07:48:00,143.19,59.15,7.765,2261.8,1.405,16.6,115
2024-01-04 07:49:00,158.68,35.6,8.414,2359.5,0.737,98.8,130
2024-01-04 07:50:00,124.44,35.16,8.086,2051.8,1.329,99.1,90
2024-01-04 07:51:00,122.89,46.92,8.465,2082.0,0.541,63.7,90
2024-01-04 07:52:00,154.12,46.5,7.997,2343.6,0.619,76.7,130
2024-01-04 07:53:00,122.25,35.89,7.828,1997.3,1.205,96.8,90
2024-01-04 07:54:00,126.96,61.31,8.103,2191.6,0.596,15.1,90
2024-01-04 07:55:00,150.99,47.62,8.4,2327.9,0.865,78.7,130
2024-01-04 07:56:00,138.47,48.11,8.249,2161.3,0.583,66.9,100
2024-01-04 07:57:00,142.66,34.38,7.875,2160.7,1.379,99.0,115
2024-01-04 07:58:00,137.09,34.96,8.92,2243.6,0.561,96.1,100
2024-01-04 07:59:00,155.06,47.45,8.145,2306.3,0.529,67.4,130
2024-01-04 08:00:00,,36.71,7.295,2268.0,0.647,95.6,130
2024-01-04 08:01:00,143.52,36.02,8.573,2143.1,0.507,96.2,115
2024-01-04 08:02:00,155.88,46.18,8.196,2297.1,0.97,68.6,130
2024-01-04 08:03:00,135.34,46.65,8.132,2056.4,0.8,74.0,100
2024-01-04 08:04:00,151.36,47.27,8.124,2337.7,1.735,64.6,130
2024-01-04 08:05:00,142.59,35.37,8.126,2292.0,3.098,95.9,115
2024-01-04 08:06:00,123.65,46.36,8.868,2038.6,0.761,61.2,90
2024-01-04 08:07:00,143.11,35.27,8.386,2248.9,0.8,97.5,115
2024-01-04 08:08:00,148.13,46.99,8.304,2327.6,0.65,76.2,115
2024-01-04 08:09:00,125.02,34.63,8.095,2056.2,0.549,96.9,90
2024-01-04 08:10:00,123.05,47.79,8.891,2061.6,1.53,76.3,90
2024-01-04 08:11:00,153.77,35.15,8.537,2310.4,0.563,96.8,130
2024-01-04 08:12:00,143.74,35.44,8.596,2194.8,0.71,96.3,115
2024-01-04 08:13:00,124.28,36.33,8.311,2041.9,0.763,96.6,90
2024-01-04 08:14:00,152.31,35.4,8.6,2248.5,1.366,98.7,130
2024-01-04 08:15:00,152.97,60.78,8.357,2344.4,0.717,18.5,130
2024-01-04 08:16:00,156.92,34.68,8.051,2304.3,1.269,95.1,130
2024-01-04 08:17:00,155.46,60.35,8.348,2357.9,0.786,21.1,130
2024-01-04 08:18:00,134.62,47.67,9.039,2231.7,1.075,74.0,100
2024-01-04 08:19:00,135.01,46.34,8.282,2065.9,1.332,69.7,100
2024-01-04 08:20:00,124.89,46.86,8.708,2003.1,1.226,64.9,90
2024-01-04 08:21:00,134.48,46.87,8.677,2205.4,1.393,65.7,100
2024-01-04 08:22:00,156.29,35.67,8.425,2289.7,0.584,97.2,130
2024-01-04 08:23:00,156.11,60.38,8.863,2316.5,1.309,10.9,130
2024-01-04 08:24:00,121.07,34.77,7.331,2076.7,0.533,98.6,90
2024-01-04 08:25:00,154.67,46.95,7.465,2234.2,1.397,79.3,130
2024-01-04 08:26:00,151.24,61.27,8.891,2350.5,1.51,36.6,130
2024-01-04 08:27:00,126.59,60.84,7.941,2089.9,0.791,36.7,90
2024-01-04 08:28:00,146.92,36.14,8.245,2149.3,2.219,98.8,115
2024-01-04 08:29:00,153.47,35.35,8.9,2296.8,1.248,96.2,130
2024-01-04 08:30:00,124.71,37.2,8.28,2061.3,0.991,95.7,90
2024-01-04 08:31:00,119.72,36.32,8.876,2129.8,2.364,98.2,90
2024-01-04 08:32:00,157.43,47.03,8.045,2403.9,2.346,78.7,130
2024-01-04 08:33:00,126.77,47.18,8.446,2069.3,0.73,79.1,90
2024-01-04 08:34:00,157.88,35.13,8.223,2175.5,2.255,96.2,130
2024-01-04 08:35:00,148.72,47.31,8.796,2288.1,0.595,80.0,115
2024-01-04 08:36:00,121.94,47.47,8.095,2245.8,1.774,61.4,90
2024-01-04 08:37:00,127.22,47.56,7.814,2127.4,2.133,61.3,90
2024-01-04 08:38:00,158.7,35.36,8.013,2288.2,1.239,97.0,130
2024-01-04 08:39:00,151.26,34.32,8.031,2342.1,0.503,99.1,130
2024-01-04 08:40:00,154.57,60.19,7.941,2374.0,2.369,32.3,130
2024-01-04 08:41:00,144.09,47.57,7.925,2239.0,0.949,77.5,115
2024-01-04 08:42:00,157.14,46.22,8.649,2415.2,0.541,70.8,130
2024-01-04 08:43:00,139.02,35.43,8.763,2139.4,0.507,96.1,115
2024-01-04 08:44:00,159.54,48.07,8.357,2277.7,2.156,73.8,130
2024-01-04 08:45:00,144.72,34.54,7.941,2266.7,2.53,96.4,115
2024-01-04 08:46:00,157.29,59.77,7.966,2365.9,0.503,37.5,130
2024-01-04 08:47:00,134.85,48.19,7.371,2106.2,2.121,68.0,100
2024-01-04 08:48:00,156.23,35.63,8.352,2273.8,0.505,96.6,130
2024-01-04 08:49:00,149.2,46.58,7.927,2256.7,2.673,79.5,130
2024-01-04 08:50:00,124.04,46.99,8.788,2010.4,1.229,73.7,90
2024-01-04 08:51:00,137.12,36.16,7.649,2191.5,0.961,97.1,100
2024-01-04 08:52:00,155.72,46.84,7.963,2307.0,0.628,77.4,130
2024-01-04 08:53:00,150.91,35.98,8.162,2413.8,0.6,96.3,130
2024-01-04 08:54:00,135.15,35.69,8.386,2062.5,0.611,95.5,100
2024-01-04 08:55:00,152.95,35.75,8.921,2297.4,1.308,96.5,130
2024-01-04 08:56:00,132.74,47.53,7.652,2208.9,0.584,64.5,100
2024-01-04 08:57:00,141.2,59.76,8.079,2257.5,2.433,12.2,115
2024-01-04 08:58:00,156.55,46.24,7.629,2222.1,1.342,74.5,130
2024-01-04 08:59:00,147.78,47.38,8.516,2322.2,2.142,78.0,115
2024-01-04 09:00:00,140.3,35.39,7.941,2157.7,0.646,95.5,100
2024-01-04 09:01:00,121.31,46.64,8.159,2223.4,2.441,70.7,90
2024-01-04 09:02:00,156.92,47.42,8.131,2299.4,1.473,61.0,130
2024-01-04 09:03:00,147.08,61.02,8.247,2322.6,2.203,31.0,115
2024-01-04 09:04:00,153.55,46.88,8.137,2281.3,2.411,72.3,130
2024-01-04 09:05:00,142.71,47.01,7.811,2211.1,0.534,64.6,115
2024-01-04 09:06:00,122.29,34.55,8.234,2109.5,0.545,95.7,90
2024-01-04 09:07:00,153.68,59.82,7.882,2173.8,2.293,35.9,130
2024-01-04 09:08:00,125.51,35.68,8.526,1908.5,2.349,97.5,90
2024-01-04 09:09:00,148.4,35.48,8.223,2175.8,1.406,95.5,115
2024-01-04 09:10:00,127.76,59.71,7.784,1966.0,0.642,20.7,90
2024-01-04 09:11:00,130.96,47.58,9.163,1969.6,1.23,65.6,100
2024-01-04 09:12:00,153.03,60.05,8.864,2369.4,0.593,35.9,130
2024-01-04 09:13:00,158.25,37.57,9.177,2246.7,0.686,95.1,130
2024-01-04 09:14:00,153.17,47.17,8.063,2282.5,0.551,62.5,130
2024-01-04 09:15:00,154.86,44.8,7.866,2321.1,0.703,68.5,130
2024-01-04 09:16:00,140.74,46.11,8.523,2270.4,0.553,64.8,115
2024-01-04 09:17:00,147.88,35.93,8.643,2252.6,2.121,98.3,115
2024-01-04 09:18:00,120.22,46.49,8.279,2086.2,2.178,62.8,90
2024-01-04 09:19:00,140.89,59.54,7.359,2267.6,2.164,15.9,115
2024-01-04 09:20:00,137.63,34.51,7.808,2110.0,2.433,96.1,100
2024-01-04 09:21:00,129.8,35.12,8.369,2013.0,0.632,95.2,90
2024-01-04 09:22:00,124.27,35.66,7.936,1884.6,2.113,100.0,90
2024-01-04 09:23:00,154.88,35.81,7.654,2361.1,2.438,99.9,130
2024-01-04 09:24:00,147.27,34.68,8.097,2175.2,2.163,95.1,115
2024-01-04 09:25:00,155.72,47.64,6.901,2468.7,1.368,60.2,130
2024-01-04 09:26:00,154.07,34.55,7.959,2369.0,0.656,95.1,130
2024-01-04 09:27:00,153.79,35.85,8.03,2386.0,1.212,96.5,130
2024-01-04 09:28:00,131.08,35.77,8.324,2206.5,0.559,99.5,100
2024-01-04 09:29:00,145.58,46.25,8.419,2272.5,2.131,77.3,115
2024-01-04 09:30:00,144.77,46.16,8.351,2268.1,0.56,61.3,115
2024-01-04 09:31:00,123.91,47.31,8.559,2115.5,2.272,77.5,90
2024-01-04 09:32:00,152.5,46.55,8.133,2324.0,0.549,76.0,130
2024-01-04 09:33:00,142.75,46.85,7.618,2180.7,1.283,62.4,115
2024-01-04 09:34:00,136.55,47.55,8.218,2055.7,0.715,62.3,100
2024-01-04 09:35:00,157.2,35.88,7.85,2343.8,0.525,97.5,130
2024-01-04 09:36:00,144.18,46.27,7.657,2333.3,1.081,75.7,115
2024-01-04 09:37:00,153.92,35.46,8.432,2300.0,1.352,99.2,130
2024-01-04 09:38:00,122.87,59.25,7.635,2082.1,0.632,40.0,90
2024-01-04 09:39:00,157.34,60.7,8.472,2204.6,1.29,23.3,130
2024-01-04 09:40:00,155.08,61.23,7.683,2273.7,0.556,10.7,130
2024-01-04 09:41:00,145.92,46.32,8.084,2131.7,2.232,68.3,115
2024-01-04 09:42:00,155.9,46.98,7.974,2217.2,0.633,66.7,130
2024-01-04 09:43:00,154.23,47.73,8.655,2317.9,1.212,70.8,130
2024-01-04 09:44:00,142.09,47.02,8.438,2225.4,0.876,66.1,115
2024-01-04 09:45:00,152.51,35.95,7.87,2373.0,1.544,96.2,130
2024-01-04 09:46:00,147.82,60.04,8.137,2291.3,0.619,10.5,115
2024-01-04 09:47:00,143.19,34.65,8.732,2160.1,1.282,99.4,115
2024-01-04 09:48:00,143.97,35.6,8.797,2075.2,2.238,98.3,115
2024-01-04 09:49:00,132.16,36.4,7.652,2074.1,0.55,96.1,100
2024-01-04 09:50:00,151.96,35.75,8.726,2253.2,0.5,99.5,130
2024-01-04 09:51:00,153.08,61.3,8.696,2354.2,1.287,21.1,130
2024-01-04 09:52:00,139.22,58.58,8.271,2199.0,1.204,38.7,100
2024-01-04 09:53:00,126.65,35.8,8.164,2066.3,0.508,97.3,90
2024-01-04 09:54:00,153.68,46.48,7.98,2369.2,0.506,71.7,130
2024-01-04 09:55:00,147.71,46.3,7.699,2435.0,0.924,71.1,115
2024-01-04 09:56:00,144.62,36.57,8.336,2220.5,0.531,96.6,115
2024-01-04 09:57:00,148.39,35.3,8.132,2211.3,0.559,96.8,115
2024-01-04 09:58:00,140.53,35.22,8.374,2082.7,2.235,96.1,100
2024-01-04 09:59:00,157.57,35.77,8.384,2335.5,0.651,99.0,130
2024-01-04 10:00:00,135.24,33.78,9.207,2241.0,1.226,95.8,100
2024-01-04 10:01:00,156.75,48.08,8.679,2270.1,2.581,70.4,130
2024-01-04 10:02:00,145.04,37.02,8.419,2198.7,0.553,97.0,115
2024-01-04 10:03:00,130.41,60.73,7.345,2108.3,1.772,29.1,100
2024-01-04 10:04:00,143.36,-7.93,8.357,2137.9,2.159,73.0,115
2024-01-04 10:05:00,152.62,35.33,8.833,2320.7,0.501,97.6,130
2024-01-04 10:06:00,123.31,46.14,8.029,2083.6,1.214,73.7,90
2024-01-04 10:07:00,129.48,47.96,9.076,2066.7,2.232,78.6,90
2024-01-04 10:08:00,137.81,60.73,8.418,2297.1,2.522,28.9,100
2024-01-04 10:09:00,146.1,35.86,8.318,2262.0,0.765,97.9,115
2024-01-04 10:10:00,157.03,47.27,7.804,2220.7,0.539,79.9,130
2024-01-04 10:11:00,120.27,35.74,8.801,2120.6,0.873,95.7,90
2024-01-04 10:12:00,146.82,46.58,7.868,2202.8,0.51,66.2,115
2024-01-04 10:13:00,127.35,37.5,7.974,2043.7,0.642,99.5,90
2024-01-04 10:14:00,149.4,35.27,7.448,2296.1,1.259,96.2,130
2024-01-04 10:15:00,156.91,46.66,8.558,2287.2,2.19,62.3,130
2024-01-04 10:16:00,121.44,47.9,8.435,2091.6,0.783,69.2,90
2024-01-04 10:17:00,140.07,46.98,8.204,2399.2,2.33,66.7,115
2024-01-04 10:18:00,158.32,35.48,8.496,2280.5,0.616,97.6,130
2024-01-04 10:19:00,152.48,36.63,8.458,2317.1,0.509,97.2,130
2024-01-04 10:20:00,143.21,36.04,8.054,2248.7,1.208,98.6,115
2024-01-04 10:21:00,157.47,47.58,7.886,2269.0,0.742,68.7,130
2024-01-04 10:22:00,144.24,34.37,7.514,2197.9,1.095,95.7,115
2024-01-04 10:23:00,144.55,35.82,8.129,2309.5,2.476,95.9,115
2024-01-04 10:24:00,134.49,34.7,7.677,2109.2,0.526,99.8,100
2024-01-04 10:25:00,155.87,35.14,8.265,2239.0,1.226,97.1,130
2024-01-04 10:26:00,124.43,47.14,8.136,2212.6,0.689,72.1,90
2024-01-04 10:27:00,155.29,59.97,8.039,2213.6,0.714,27.0,130
2024-01-04 10:28:00,143.74,36.02,8.619,2300.7,1.392,96.7,115
2024-01-04 10:29:00,155.88,36.12,7.805,2293.9,2.533,98.5,130
2024-01-04 10:30:00,135.78,36.18,7.461,2052.8,0.553,95.5,100
2024-01-04 10:31:00,129.74,45.92,8.11,2039.9,1.238,65.0,90
2024-01-04 10:32:00,134.05,48.89,7.904,2131.9,2.591,74.2,100
2024-01-04 10:33:00,144.54,46.98,8.249,2099.6,1.456,77.2,115
2024-01-04 10:34:00,145.6,47.97,7.835,2264.2,0.749,78.3,115
2024-01-04 10:35:00,137.41,33.49,8.368,2176.2,1.282,97.0,100
2024-01-04 10:36:00,122.27,35.29,7.811,2042.1,1.398,95.3,90
2024-01-04 10:37:00,125.26,45.83,7.807,2107.9,1.459,77.4,90
2024-01-04 10:38:00,148.73,46.31,8.447,2326.3,0.683,73.7,130
2024-01-04 10:39:00,124.32,47.04,8.181,2173.5,0.767,62.6,90
2024-01-04 10:40:00,157.68,46.73,7.725,2223.8,1.378,69.9,130
2024-01-04 10:41:00,153.18,36.55,7.819,2286.6,1.304,95.4,130
2024-01-04 10:42:00,155.44,36.92,8.051,2390.1,1.335,95.5,130
2024-01-04 10:43:00,153.68,46.23,7.743,2353.3,2.103,78.2,130
2024-01-04 10:44:00,132.85,35.11,8.085,1965.9,2.136,95.1,100
2024-01-04 10:45:00,127.43,34.68,8.099,1936.5,1.166,98.8,90
2024-01-04 10:46:00,132.39,36.42,7.833,2150.1,0.627,99.5,100
2024-01-04 10:47:00,145.73,47.13,8.46,2361.2,1.226,63.0,115
2024-01-04 10:48:00,145.77,35.53,7.792,2195.5,1.234,99.1,115
2024-01-04 10:49:00,132.87,47.25,8.698,2201.9,2.106,75.5,100
2024-01-04 10:50:00,155.39,46.75,8.113,2316.6,1.251,68.9,130
2024-01-04 10:51:00,132.66,59.31,7.936,2196.3,1.363,16.3,100
2024-01-04 10:52:00,136.3,47.04,8.416,2235.7,1.28,65.8,100
2024-01-04 10:53:00,131.71,59.79,8.214,2225.5,1.258,33.8,100
2024-01-04 10:54:00,144.15,47.28,8.504,2302.7,1.42,60.8,115
2024-01-04 10:55:00,124.37,45.69,7.4,2020.8,1.424,63.0,90
2024-01-04 10:56:00,157.78,35.65,8.407,2297.9,1.187,95.3,130
2024-01-04 10:57:00,155.35,34.95,7.992,2351.5,0.762,98.7,130
2024-01-04 10:58:00,137.39,47.12,8.215,2188.6,0.523,77.8,100
2024-01-04 10:59:00,146.39,36.22,8.165,2277.6,1.348,95.1,115
2024-01-04 11:00:00,126.37,35.06,8.739,1928.5,0.777,99.7,90
2024-01-04 11:01:00,154.17,36.46,7.456,2405.8,2.16,95.9,130
2024-01-04 11:02:00,157.55,58.61,8.846,2173.7,0.561,17.5,130
2024-01-04 11:03:00,124.11,36.74,8.483,2009.9,2.744,99.8,90
2024-01-04 11:04:00,140.68,36.49,8.261,2245.6,0.543,98.8,115
2024-01-04 11:05:00,144.46,34.79,7.627,2227.6,0.552,95.5,115
2024-01-04 11:06:00,156.13,46.3,7.531,2423.5,0.589,73.0,130
2024-01-04 11:07:00,150.98,45.8,7.976,2216.3,0.728,62.7,130
2024-01-04 11:08:00,132.79,36.24,8.454,2120.9,2.212,98.3,100
2024-01-04 11:09:00,151.92,46.74,8.198,2152.5,0.575,72.2,130
2024-01-04 11:10:00,126.97,59.68,8.431,2080.5,0.562,31.0,90
2024-01-04 11:11:00,139.18,46.1,7.615,2133.4,2.127,69.9,100
2024-01-04 11:12:00,154.48,36.95,8.218,2210.8,0.658,97.9,130
2024-01-04 11:13:00,136.33,34.72,8.638,2254.7,0.564,97.3,100
2024-01-04 11:14:00,146.26,60.02,8.781,2316.4,0.581,21.5,115
2024-01-04 11:15:00,158.88,35.67,7.698,2315.8,0.502,97.3,130
2024-01-04 11:16:00,153.37,46.68,8.059,2401.1,0.652,62.5,130
2024-01-04 11:17:00,144.45,35.02,8.064,2222.6,0.738,99.8,115
2024-01-04 11:18:00,134.15,35.2,7.949,2207.1,2.625,99.2,100
2024-01-04 11:19:00,145.19,35.95,8.563,2299.0,2.144,96.6,115
2024-01-04 11:20:00,151.26,35.22,9.349,2144.5,1.004,95.2,115
2024-01-04 11:21:00,135.08,48.3,7.755,2184.6,0.59,63.4,100
2024-01-04 11:22:00,132.86,34.88,8.37,2163.5,0.824,98.7,100
2024-01-04 11:23:00,142.11,60.6,8.318,2148.1,1.654,19.5,115
2024-01-04 11:24:00,138.13,34.09,8.327,2047.8,1.151,98.5,100
2024-01-04 11:25:00,152.85,34.88,8.733,2349.8,2.179,97.3,130
2024-01-04 11:26:00,126.66,34.85,8.349,2047.4,1.26,95.7,90
2024-01-04 11:27:00,143.3,46.12,7.345,2112.8,0.616,79.3,115
2024-01-04 11:28:00,131.83,35.73,7.625,2196.4,1.362,96.8,100
2024-01-04 11:29:00,146.51,59.91,7.773,2304.8,0.735,13.9,115
2024-01-04 11:30:00,153.42,58.18,7.901,2216.3,0.735,18.6,130
2024-01-04 11:31:00,146.06,37.1,8.144,2229.9,0.525,99.7,115
2024-01-04 11:32:00,156.25,47.14,8.114,2431.5,0.689,64.2,130
2024-01-04 11:33:00,136.37,35.5,7.471,2077.1,1.237,95.2,100
2024-01-04 11:34:00,144.33,48.05,7.557,2366.6,1.449,78.4,115
2024-01-04 11:35:00,136.72,60.79,7.352,2124.1,1.251,21.0,100
2024-01-04 11:36:00,132.69,35.26,7.578,2144.4,2.395,96.0,100
2024-01-04 11:37:00,128.86,45.44,8.596,2038.4,0.737,64.1,100
2024-01-04 11:38:00,156.77,47.45,8.092,2201.3,0.516,62.9,130
2024-01-04 11:39:00,125.41,34.73,7.819,2017.5,0.541,96.4,90
2024-01-04 11:40:00,133.47,47.99,7.433,2220.9,1.288,66.3,100
2024-01-04 11:41:00,131.32,34.88,7.795,2337.2,2.642,98.9,100
2024-01-04 11:42:00,149.91,46.64,8.443,2518.5,1.28,69.9,130
2024-01-04 11:43:00,145.13,34.43,8.39,2220.1,2.436,99.0,115
2024-01-04 11:44:00,159.12,34.49,8.099,2281.5,0.522,96.3,130
2024-01-04 11:45:00,144.65,35.41,8.093,2151.3,0.717,98.8,115
2024-01-04 11:46:00,154.1,59.84,7.491,2399.2,1.502,25.1,130
2024-01-04 11:47:00,144.94,35.12,7.89,2171.9,1.357,97.6,115
2024-01-04 11:48:00,150.45,37.14,8.422,2211.0,0.791,99.8,115
2024-01-04 11:49:00,156.88,35.98,7.93,2349.8,2.357,98.0,130
2024-01-04 11:50:00,142.67,47.01,8.849,2266.1,0.63,64.6,115
2024-01-04 11:51:00,125.07,33.29,8.682,2021.2,0.901,98.8,90
2024-01-04 11:52:00,155.83,36.16,8.018,2302.4,1.284,95.2,130
2024-01-04 11:53:00,132.36,62.4,8.094,2103.3,1.311,27.3,100
2024-01-04 11:54:00,156.9,46.85,9.089,2243.4,0.655,68.8,130
2024-01-04 11:55:00,152.96,34.85,8.539,2228.0,0.528,97.2,130
2024-01-04 11:56:00,151.22,60.13,8.228,2192.3,0.645,35.1,130
2024-01-04 11:57:00,135.19,34.35,8.274,2179.0,1.278,97.9,100
2024-01-04 11:58:00,144.79,35.87,8.26,2210.7,1.259,99.6,115
2024-01-04 11:59:00,125.0,36.7,8.193,1979.2,1.372,96.0,90
2024-01-04 12:00:00,143.09,46.46,7.772,2131.8,0.58,76.6,115
2024-01-04 12:01:00,153.44,46.49,8.039,2210.5,2.487,60.7,130
2024-01-04 12:02:00,137.82,35.44,7.626,2101.0,2.206,96.1,100
2024-01-04 12:03:00,156.1,46.6,8.49,2400.1,0.607,76.3,130
2024-01-04 12:04:00,132.61,34.29,8.147,2095.5,1.303,99.8,100
2024-01-04 12:05:00,150.12,46.69,8.51,2354.6,0.584,73.6,130
2024-01-04 12:06:00,152.71,59.53,7.69,2434.8,0.528,32.4,130
2024-01-04 12:07:00,135.39,61.09,8.769,2163.5,2.518,29.5,100
2024-01-04 12:08:00,123.42,47.92,8.719,2008.8,1.698,60.9,90
2024-01-04 12:09:00,153.23,36.62,7.57,2302.8,2.151,95.2,130
2024-01-04 12:10:00,133.53,47.64,7.998,2146.5,0.928,77.9,100
2024-01-04 12:11:00,154.82,47.16,8.041,2448.2,1.336,74.1,130
2024-01-04 12:12:00,136.96,46.3,7.625,2011.4,0.509,71.4,100
2024-01-04 12:13:00,135.0,48.06,8.096,2239.2,0.659,76.4,100
2024-01-04 12:14:00,155.15,47.28,8.423,2170.6,1.578,76.7,130
2024-01-04 12:15:00,154.44,34.5,8.012,2374.9,0.601,100.0,130
2024-01-04 12:16:00,153.75,46.27,7.515,2277.3,1.36,66.2,130
2024-01-04 12:17:00,157.24,45.99,8.509,2456.1,1.23,77.6,130
2024-01-04 12:18:00,156.86,58.36,7.883,2363.9,2.469,35.2,130
2024-01-04 12:19:00,150.11,35.81,7.925,2275.9,0.523,99.5,115
2024-01-04 12:20:00,126.53,46.01,8.873,1994.7,1.22,71.2,90
2024-01-04 12:21:00,153.75,59.4,8.359,2454.4,2.642,29.9,130
2024-01-04 12:22:00,142.74,35.53,7.876,2455.2,2.513,96.0,115
2024-01-04 12:23:00,147.38,35.35,7.724,2390.9,1.371,98.2,115
2024-01-04 12:24:00,122.96,46.43,8.586,1989.8,1.222,68.3,90
2024-01-04 12:25:00,147.02,48.22,8.559,2214.8,0.658,69.8,115
2024-01-04 12:26:00,143.1,34.28,7.997,2134.9,1.707,96.1,115
2024-01-04 12:27:00,145.87,45.81,7.696,2181.2,1.39,69.9,115
2024-01-04 12:28:00,152.35,35.87,8.354,2332.7,1.244,98.1,130
2024-01-04 12:29:00,156.95,35.0,8.438,2368.4,1.673,95.4,130
2024-01-04 12:30:00,141.92,46.47,8.051,2272.6,0.901,73.6,115
2024-01-04 12:31:00,155.68,46.14,7.759,2172.3,0.658,73.0,130
2024-01-04 12:32:00,144.51,47.27,8.21,2227.1,1.582,76.7,115
2024-01-04 12:33:00,155.25,35.68,8.385,2351.4,0.512,100.0,130
2024-01-04 12:34:00,144.01,47.1,8.005,2305.9,0.624,62.4,115
2024-01-04 12:35:00,153.95,46.53,8.305,2344.3,0.539,66.8,130
2024-01-04 12:36:00,125.39,34.9,8.344,2109.1,0.863,99.1,90
2024-01-04 12:37:00,122.49,35.37,8.658,2050.9,2.809,99.7,90
2024-01-04 12:38:00,152.48,47.77,8.032,2331.7,1.734,74.1,130
2024-01-04 12:39:00,154.1,36.75,7.744,2516.8,0.64,98.3,130
2024-01-04 12:40:00,144.01,47.89,8.173,2326.6,0.643,68.0,115
2024-01-04 12:41:00,152.49,60.4,8.875,2339.2,0.978,13.6,130
2024-01-04 12:42:00,157.31,,7.495,2368.3,0.756,71.1,130
2024-01-04 12:43:00,154.16,46.05,7.275,2316.1,0.516,76.5,130
2024-01-04 12:44:00,124.43,46.43,8.157,2075.7,2.127,78.5,90
2024-01-04 12:45:00,121.68,60.42,8.048,2146.0,1.106,28.0,90
2024-01-04 12:46:00,150.18,35.41,8.117,2182.1,1.291,95.9,115
2024-01-04 12:47:00,151.07,35.77,8.102,2219.6,2.141,96.2,115
2024-01-04 12:48:00,123.05,36.28,8.602,1960.4,2.366,97.6,90
2024-01-04 12:49:00,128.07,60.66,8.183,2132.1,0.924,33.8,90
2024-01-04 12:50:00,124.77,59.13,8.528,2155.6,1.246,15.1,90
2024-01-04 12:51:00,159.01,60.01,7.209,2358.2,0.558,12.8,130
2024-01-04 12:52:00,155.84,34.76,7.988,2291.3,0.96,95.6,130
2024-01-04 12:53:00,135.25,34.88,7.874,2146.5,0.503,99.4,100
2024-01-04 12:54:00,138.75,45.63,7.286,2241.8,2.577,62.0,115
2024-01-04 12:55:00,152.8,60.11,8.241,2397.6,0.508,37.0,130
2024-01-04 12:56:00,155.05,45.57,8.16,2392.9,1.22,72.7,130
2024-01-04 12:57:00,125.5,47.32,8.013,1955.2,1.596,71.8,90
2024-01-04 12:58:00,121.96,48.09,8.15,1999.7,2.157,65.6,90
2024-01-04 12:59:00,153.18,35.92,8.241,2344.8,1.251,95.6,130
2024-01-04 13:00:00,126.38,35.54,8.605,1962.9,0.872,95.4,90
2024-01-04 13:01:00,141.54,61.23,8.457,2303.5,0.656,11.1,115
2024-01-04 13:02:00,135.33,60.26,8.331,2128.0,0.586,15.6,100
2024-01-04 13:03:00,148.09,34.81,9.123,2286.6,1.451,96.4,115
2024-01-04 13:04:00,155.96,47.1,7.917,2312.7,1.532,75.8,130
2024-01-04 13:05:00,145.84,61.57,7.656,2222.1,1.597,27.9,115
2024-01-04 13:06:00,139.95,46.13,8.67,2143.0,0.525,66.5,115
2024-01-04 13:07:00,142.95,58.9,8.947,2186.2,1.375,16.3,115
2024-01-04 13:08:00,160.14,47.49,7.946,2300.8,1.427,77.8,130
2024-01-04 13:09:00,123.5,35.32,8.751,2058.1,2.125,96.5,90
2024-01-04 13:10:00,158.16,46.57,7.987,2367.9,1.388,74.7,130
2024-01-04 13:11:00,153.47,45.99,8.434,2258.6,0.506,76.8,130
2024-01-04 13:12:00,144.31,33.94,8.456,2227.6,0.584,97.8,115
2024-01-04 13:13:00,146.29,45.83,7.948,2350.4,0.538,79.3,115
2024-01-04 13:14:00,145.25,36.79,8.939,2295.7,1.365,97.8,115
2024-01-04 13:15:00,135.95,35.49,8.985,2158.4,1.242,98.3,100
2024-01-04 13:16:00,142.95,58.43,7.792,2113.4,0.811,38.6,115
2024-01-04 13:17:00,142.16,36.45,8.28,2120.1,0.526,96.9,115
2024-01-04 13:18:00,132.79,47.99,8.566,2201.0,0.784,74.4,100
2024-01-04 13:19:00,153.67,36.48,7.447,2369.2,2.121,95.5,130
2024-01-04 13:20:00,144.43,46.66,8.21,2074.4,0.617,63.9,115
2024-01-04 13:21:00,127.59,35.28,7.539,2126.0,0.74,98.3,90
2024-01-04 13:22:00,155.22,35.61,8.467,2265.0,0.535,97.8,130
2024-01-04 13:23:00,146.21,48.12,8.234,2197.6,0.779,64.4,115
2024-01-04 13:24:00,125.35,46.56,8.05,2141.1,1.813,71.2,90
2024-01-04 13:25:00,152.21,34.9,7.573,2368.6,2.193,95.2,130
2024-01-04 13:26:00,145.04,36.06,7.961,2222.1,0.5,97.3,115
2024-01-04 13:27:00,125.33,60.97,8.408,2125.1,1.33,12.5,90
2024-01-04 13:28:00,156.9,35.46,8.184,2280.9,0.965,98.1,130
2024-01-04 13:29:00,152.33,47.54,8.677,2246.8,2.319,62.6,130
2024-01-04 13:30:00,119.9,60.09,8.651,2170.8,0.743,12.4,90
2024-01-04 13:31:00,125.44,46.8,8.634,2176.1,0.814,61.9,90
2024-01-04 13:32:00,145.88,46.34,7.985,2178.5,1.678,63.8,115
2024-01-04 13:33:00,144.55,34.58,8.318,2187.3,0.527,96.3,115
2024-01-04 13:34:00,135.07,46.51,7.814,2221.3,0.678,70.7,100
2024-01-04 13:35:00,137.2,34.72,7.696,2094.5,1.641,98.6,100
2024-01-04 13:36:00,153.85,60.23,8.673,2374.1,1.499,20.3,130
2024-01-04 13:37:00,154.3,47.97,7.725,2228.0,0.557,61.5,130
2024-01-04 13:38:00,145.2,47.16,7.682,2207.1,1.615,61.5,115
2024-01-04 13:39:00,121.95,46.26,8.242,2148.3,1.27,78.7,90
2024-01-04 13:40:00,124.62,60.68,8.092,1992.5,1.306,24.4,90
2024-01-04 13:41:00,124.84,47.24,8.126,2023.0,1.241,66.7,90
2024-01-04 13:42:00,129.09,47.4,9.122,2100.1,1.633,67.7,90
2024-01-04 13:43:00,144.25,46.58,7.802,2086.1,0.52,74.0,115
2024-01-04 13:44:00,145.5,47.91,8.398,2235.8,1.527,72.3,115
2024-01-04 13:45:00,137.3,47.9,8.235,2242.9,0.58,67.1,100
2024-01-04 13:46:00,132.91,35.35,8.604,2219.2,0.748,99.1,100
2024-01-04 13:47:00,148.44,36.07,7.886,2226.0,1.228,96.2,115
2024-01-04 13:48:00,159.41,47.88,8.11,2311.7,0.634,69.0,130
2024-01-04 13:49:00,124.93,46.63,8.246,2189.3,0.508,77.0,90
2024-01-04 13:50:00,143.65,59.94,7.626,2339.6,0.921,12.2,115
2024-01-04 13:51:00,,35.56,7.478,2302.4,0.618,99.1,130
2024-01-04 13:52:00,146.99,59.12,8.192,2179.6,1.472,15.0,115
2024-01-04 13:53:00,135.2,47.35,8.735,2218.6,0.95,60.8,100
2024-01-04 13:54:00,158.57,47.82,8.059,2400.4,1.214,79.3,130
2024-01-04 13:55:00,138.3,46.88,8.114,2260.3,0.643,71.3,100
2024-01-04 13:56:00,154.16,60.27,8.66,2356.7,2.142,23.0,130
2024-01-04 13:57:00,155.62,36.62,8.14,2281.5,2.114,95.8,130
2024-01-04 13:58:00,146.44,59.68,8.511,2096.4,1.395,17.2,115
2024-01-04 13:59:00,135.07,35.79,9.267,2305.1,2.124,96.6,100
2024-01-04 14:00:00,121.52,59.54,7.969,2198.2,1.335,38.6,90
2024-01-04 14:01:00,132.65,59.52,8.129,2088.6,2.144,38.3,100
2024-01-04 14:02:00,121.6,35.77,8.358,2085.3,2.144,96.8,90
2024-01-04 14:03:00,156.23,47.19,8.797,2292.3,2.248,78.9,130
2024-01-04 14:04:00,152.04,35.94,8.154,2315.3,1.362,95.8,130
2024-01-04 14:05:00,145.48,47.06,8.492,2198.0,1.201,78.9,115
2024-01-04 14:06:00,159.58,60.37,8.339,2365.3,1.339,21.9,130
2024-01-04 14:07:00,138.57,36.83,8.171,2059.3,0.722,96.1,100
2024-01-04 14:08:00,130.41,47.85,8.032,2118.5,0.727,70.2,100
2024-01-04 14:09:00,121.8,35.77,7.956,2139.9,2.479,98.0,90
2024-01-04 14:10:00,153.06,60.4,9.426,2152.1,0.951,19.7,130
2024-01-04 14:11:00,142.08,35.26,7.584,2254.7,1.395,97.6,115
2024-01-04 14:12:00,140.87,59.87,7.621,2186.2,0.631,14.1,115
2024-01-04 14:13:00,154.97,47.39,8.298,2439.2,0.546,76.6,130
2024-01-04 14:14:00,146.76,35.57,8.281,2256.3,2.127,95.0,115
2024-01-04 14:15:00,147.39,36.13,8.371,2167.0,2.288,96.2,115
2024-01-04 14:16:00,143.81,36.51,7.85,2346.2,1.786,99.9,115
2024-01-04 14:17:00,154.32,35.42,7.789,2311.7,0.565,95.6,130
2024-01-04 14:18:00,155.89,33.89,8.086,2320.5,0.521,95.4,130
2024-01-04 14:19:00,144.73,48.63,8.563,2301.0,0.61,76.3,115
2024-01-04 14:20:00,157.03,46.48,7.793,2261.5,0.5,67.3,130
2024-01-04 14:21:00,156.08,47.16,8.26,2425.8,0.661,72.7,130
2024-01-04 14:22:00,154.06,47.58,7.995,2356.2,1.21,65.1,130
2024-01-04 14:23:00,150.36,48.13,7.59,2258.7,1.035,64.1,130
2024-01-04 14:24:00,158.75,48.44,7.687,2275.4,1.608,68.4,130
2024-01-04 14:25:00,153.28,59.71,8.564,2209.5,0.524,30.5,130
2024-01-04 14:26:00,145.89,36.45,7.958,2254.6,0.532,95.8,115
2024-01-04 14:27:00,130.21,60.16,8.698,2135.8,1.113,13.4,100
2024-01-04 14:28:00,144.97,49.19,8.185,2255.0,2.436,62.8,115
2024-01-04 14:29:00,135.25,47.88,7.653,2013.9,1.77,74.0,100
2024-01-04 14:30:00,145.37,35.36,8.391,2188.1,0.581,97.6,115
2024-01-04 14:31:00,152.53,34.87,7.879,2151.4,1.224,97.3,115
2024-01-04 14:32:00,133.42,33.4,8.049,2189.4,2.291,97.4,100
2024-01-04 14:33:00,147.05,60.54,8.653,2181.9,1.88,12.4,115
2024-01-04 14:34:00,136.31,47.81,7.684,2187.6,1.228,73.3,100
2024-01-04 14:35:00,143.3,60.6,8.02,2187.4,0.842,26.1,115
2024-01-04 14:36:00,147.01,45.12,7.767,2360.1,1.289,77.0,115
2024-01-04 14:37:00,134.59,,7.724,2154.1,1.225,68.7,100
2024-01-04 14:38:00,157.19,60.38,8.011,2383.3,1.323,32.2,130
2024-01-04 14:39:00,159.9,48.43,7.857,2300.9,2.234,60.3,130
2024-01-04 14:40:00,155.38,35.46,8.09,2383.8,0.502,96.1,130
2024-01-04 14:41:00,154.3,36.37,8.456,2248.2,0.629,98.6,130
2024-01-04 14:42:00,157.63,46.17,7.9,2306.6,2.309,68.2,130
2024-01-04 14:43:00,148.49,60.17,7.613,2192.8,1.489,24.7,115
2024-01-04 14:44:00,132.79,59.78,8.457,2299.5,0.521,27.0,100
2024-01-04 14:45:00,133.87,-7.46,7.897,2054.9,0.918,69.1,100
2024-01-04 14:46:00,156.69,35.07,8.931,2475.6,2.137,99.9,130
2024-01-04 14:47:00,124.67,61.34,8.036,1960.1,0.715,17.6,90
2024-01-04 14:48:00,142.61,35.25,8.146,2288.9,0.661,98.6,115
2024-01-04 14:49:00,156.35,59.14,7.278,2260.3,0.924,24.5,130
2024-01-04 14:50:00,136.68,34.67,7.735,2170.4,2.108,96.3,100
2024-01-04 14:51:00,134.16,46.5,7.288,2136.3,2.143,74.9,100
2024-01-04 14:52:00,135.15,35.8,8.318,2083.6,1.226,98.3,100
2024-01-04 14:53:00,153.56,46.51,8.167,2316.5,1.279,77.4,130
2024-01-04 14:54:00,142.26,34.84,8.452,2196.6,0.583,98.5,115
2024-01-04 14:55:00,123.76,47.71,8.523,2115.7,0.519,67.4,90
2024-01-04 14:56:00,145.18,57.43,8.585,2149.6,2.244,12.5,115
2024-01-04 14:57:00,131.31,35.16,8.11,2187.8,0.525,96.8,100
2024-01-04 14:58:00,143.94,34.43,8.234,2299.1,0.515,99.5,115
2024-01-04 14:59:00,135.22,34.81,8.432,2141.3,1.207,95.3,100
2024-01-04 15:00:00,157.99,35.69,7.882,2204.2,1.029,99.2,130
2024-01-04 15:01:00,144.22,35.34,7.825,2368.6,1.301,96.5,115
2024-01-04 15:02:00,151.89,59.76,8.816,2347.4,1.267,20.1,130
2024-01-04 15:03:00,134.48,47.95,7.478,2092.3,1.332,66.5,100
2024-01-04 15:04:00,133.58,46.99,8.4,2189.5,0.534,74.1,100
2024-01-04 15:05:00,156.38,36.94,8.336,2175.9,0.604,95.3,130
2024-01-04 15:06:00,134.16,47.57,7.751,2244.1,1.242,79.6,100
2024-01-04 15:07:00,138.22,59.23,7.933,2400.0,2.173,16.5,115
2024-01-04 15:08:00,164.23,37.05,8.057,2375.9,1.016,96.6,130
2024-01-04 15:09:00,145.36,35.72,8.287,2149.8,2.132,97.2,115
2024-01-04 15:10:00,155.22,48.5,8.341,2150.9,1.328,60.2,130
2024-01-04 15:11:00,141.15,59.79,8.188,2339.1,2.316,22.1,115
2024-01-04 15:12:00,151.34,47.22,8.275,2298.2,1.0,65.1,130
2024-01-04 15:13:00,134.77,47.35,8.464,2118.7,1.013,68.2,100
2024-01-04 15:14:00,135.84,46.87,8.445,2243.2,0.557,63.5,100
2024-01-04 15:15:00,146.76,36.52,8.814,2182.8,1.073,99.3,115
2024-01-04 15:16:00,155.59,37.05,8.617,2371.0,2.181,97.0,130
2024-01-04 15:17:00,122.04,33.67,8.207,2071.9,0.951,97.1,90
2024-01-04 15:18:00,128.74,47.65,8.456,2169.8,1.22,73.3,100
2024-01-04 15:19:00,154.75,34.78,8.37,2440.3,0.544,96.3,130
2024-01-04 15:20:00,133.67,44.93,8.266,2110.9,1.216,77.2,100
2024-01-04 15:21:00,151.84,47.41,7.853,2263.6,0.571,69.1,130
2024-01-04 15:22:00,147.07,35.92,8.265,2213.8,0.914,96.8,115
2024-01-04 15:23:00,141.06,47.54,7.374,2133.8,0.535,65.5,115
2024-01-04 15:24:00,146.54,60.3,8.629,2304.9,1.251,11.4,115
2024-01-04 15:25:00,121.47,36.2,8.34,2134.3,0.549,99.0,90
2024-01-04 15:26:00,145.34,46.52,8.136,2229.3,0.564,63.7,115
2024-01-04 15:27:00,157.33,35.71,8.032,2236.1,0.504,98.2,130
2024-01-04 15:28:00,124.16,60.56,8.462,1850.4,2.21,29.5,90
2024-01-04 15:29:00,129.22,36.58,8.935,2003.3,1.948,95.4,90
2024-01-04 15:30:00,139.79,47.04,8.35,2131.5,1.319,66.2,100
2024-01-04 15:31:00,145.59,59.83,8.961,2078.1,1.536,24.5,115
2024-01-04 15:32:00,156.35,35.46,8.514,2509.6,0.669,100.0,130
2024-01-04 15:33:00,137.65,46.05,7.878,2183.2,1.203,64.3,100
2024-01-04 15:34:00,156.36,47.62,8.395,2353.6,0.676,78.4,130
2024-01-04 15:35:00,156.09,58.83,8.356,2298.0,1.086,10.4,130
2024-01-04 15:36:00,143.69,60.31,7.878,2289.0,1.361,29.5,115
2024-01-04 15:37:00,150.78,47.07,8.037,2285.9,1.35,69.0,130
2024-01-04 15:38:00,151.52,58.76,8.029,2297.0,0.722,22.7,130
2024-01-04 15:39:00,150.96,34.3,8.24,2342.4,0.909,96.4,115
2024-01-04 15:40:00,155.81,59.32,8.088,2397.8,1.366,26.9,130
2024-01-04 15:41:00,154.39,46.72,8.307,2309.1,1.304,66.9,130
2024-01-04 15:42:00,158.16,61.18,8.372,2471.8,0.508,29.3,130
2024-01-04 15:43:00,153.13,46.91,8.707,2303.4,0.524,62.4,130
2024-01-04 15:44:00,136.46,35.94,8.42,2109.5,2.309,95.6,100
2024-01-04 15:45:00,135.19,61.01,7.919,2160.2,1.393,31.7,100
2024-01-04 15:46:00,146.15,36.36,9.044,2254.1,2.155,99.8,115
2024-01-04 15:47:00,144.16,46.99,7.922,2134.6,0.754,74.5,115
2024-01-04 15:48:00,152.59,34.94,8.045,2349.0,0.566,99.4,130
2024-01-04 15:49:00,152.94,47.4,8.439,2479.2,0.573,73.8,130
2024-01-04 15:50:00,153.04,34.95,9.358,2386.0,1.213,95.3,130
2024-01-04 15:51:00,144.99,48.45,8.361,2283.1,0.66,70.6,115
2024-01-04 15:52:00,131.11,47.69,7.943,2188.4,0.568,70.9,100
2024-01-04 15:53:00,141.88,47.17,7.544,2150.2,0.842,75.7,115
2024-01-04 15:54:00,155.34,60.41,7.518,2230.3,1.523,17.5,130
2024-01-04 15:55:00,154.68,35.64,8.204,2323.0,0.527,98.9,130
2024-01-04 15:56:00,135.48,46.71,8.418,2115.7,1.235,74.2,100
2024-01-04 15:57:00,154.89,47.4,7.632,2194.3,2.177,79.3,130
2024-01-04 15:58:00,141.3,35.31,8.289,2122.0,1.374,97.9,100
2024-01-04 15:59:00,145.32,48.55,7.675,2266.1,0.584,66.5,115
2024-01-04 16:00:00,134.05,34.95,7.83,2196.4,2.186,95.1,100
2024-01-04 16:01:00,125.25,35.91,8.453,2003.4,0.53,98.9,90
2024-01-04 16:02:00,127.55,34.87,7.901,2066.3,0.582,99.4,90
2024-01-04 16:03:00,144.88,34.87,8.724,2263.2,2.227,99.0,115
2024-01-04 16:04:00,146.71,58.57,7.966,2128.5,1.336,11.9,115
2024-01-04 16:05:00,155.99,47.33,8.644,2248.2,1.564,68.9,130
2024-01-04 16:06:00,124.27,46.57,9.106,2068.9,0.815,71.0,90
2024-01-04 16:07:00,145.28,47.87,7.902,2157.3,1.364,60.6,115
2024-01-04 16:08:00,159.0,35.83,9.186,2283.8,1.289,96.2,130
2024-01-04 16:09:00,145.61,35.62,8.205,2429.7,0.889,99.7,115
2024-01-04 16:10:00,152.53,45.87,7.947,2189.4,1.285,67.2,130
2024-01-04 16:11:00,144.2,47.47,8.082,2344.0,1.38,78.3,115
2024-01-04 16:12:00,139.71,34.97,8.039,2257.3,0.559,96.4,115
2024-01-04 16:13:00,155.34,45.85,8.761,2212.1,0.8,60.4,130
2024-01-04 16:14:00,158.28,47.34,8.727,2364.3,0.645,79.6,130
2024-01-04 16:15:00,121.65,45.99,8.722,2073.4,2.551,66.3,90
2024-01-04 16:16:00,135.37,33.83,7.68,2246.4,1.368,98.5,100
2024-01-04 16:17:00,137.46,48.04,8.276,2202.8,2.136,78.2,100
2024-01-04 16:18:00,157.73,35.05,7.58,2325.7,1.491,98.7,130
2024-01-04 16:19:00,138.2,34.1,8.604,2125.5,0.639,96.2,100
2024-01-04 16:20:00,140.33,46.23,8.007,2323.5,0.558,60.2,115
2024-01-04 16:21:00,156.26,46.42,8.401,2278.6,0.58,60.1,130
2024-01-04 16:22:00,151.24,36.42,7.999,2198.0,1.226,98.4,130
2024-01-04 16:23:00,152.5,45.67,7.498,2158.3,2.115,75.3,130
2024-01-04 16:24:00,157.05,34.43,8.554,2211.1,0.62,97.9,130
2024-01-04 16:25:00,125.4,36.28,8.585,2134.2,2.707,99.2,90
2024-01-04 16:26:00,156.82,35.14,8.256,2280.9,0.526,97.6,130
2024-01-04 16:27:00,142.68,35.68,7.355,2168.2,2.566,98.0,115
2024-01-04 16:28:00,148.68,35.11,8.5,2195.3,0.819,99.8,115
2024-01-04 16:29:00,156.72,37.12,7.905,2376.4,2.428,96.6,130
2024-01-04 16:30:00,147.22,45.97,8.407,2280.7,0.748,74.7,115
2024-01-04 16:31:00,152.3,60.23,8.004,2323.0,2.279,35.5,130
2024-01-04 16:32:00,137.93,48.2,8.045,2102.0,0.526,77.1,100
2024-01-04 16:33:00,154.21,35.2,8.399,2278.8,0.671,99.9,130
2024-01-04 16:34:00,143.47,46.4,7.872,2219.4,0.587,79.6,115
2024-01-04 16:35:00,136.56,36.11,8.133,2078.4,0.522,95.1,100
2024-01-04 16:36:00,126.46,47.8,8.404,2061.2,1.526,66.7,90
2024-01-04 16:37:00,132.88,34.86,9.067,2074.3,2.258,95.7,100
2024-01-04 16:38:00,150.14,48.17,8.17,2259.3,1.473,74.1,115
2024-01-04 16:39:00,159.54,35.54,8.536,2348.3,1.331,96.7,130
2024-01-04 16:40:00,146.51,47.41,7.731,2319.4,0.66,66.0,115
2024-01-04 16:41:00,136.08,48.19,8.878,2170.8,1.449,71.7,100
2024-01-04 16:42:00,125.82,47.62,7.877,2088.3,0.557,63.7,90
2024-01-04 16:43:00,151.13,35.5,8.147,2243.1,2.476,97.6,130
2024-01-04 16:44:00,155.28,46.46,8.404,2306.2,0.609,67.4,130
2024-01-04 16:45:00,135.25,49.17,7.888,2068.2,1.447,74.2,100
2024-01-04 16:46:00,143.56,34.87,8.632,2093.7,0.579,95.1,115
2024-01-04 16:47:00,154.23,35.75,7.935,2288.8,0.742,96.8,130
2024-01-04 16:48:00,139.05,35.91,8.532,2189.7,0.509,95.0,115
2024-01-04 16:49:00,142.26,47.45,8.627,2278.9,1.03,78.3,115
2024-01-04 16:50:00,127.3,48.7,8.431,1993.1,0.809,76.8,90
2024-01-04 16:51:00,149.33,35.54,8.483,2455.1,0.719,99.9,115
2024-01-04 16:52:00,152.64,46.92,9.212,2271.6,2.178,69.2,130
2024-01-04 16:53:00,155.46,36.74,8.367,2304.4,0.87,98.3,130
2024-01-04 16:54:00,157.75,46.89,8.244,2264.7,2.392,74.2,130
2024-01-04 16:55:00,143.7,47.7,8.334,2292.2,0.621,67.9,115
2024-01-04 16:56:00,146.69,60.16,8.709,2212.9,0.544,15.5,115
2024-01-04 16:57:00,154.92,47.74,9.132,2231.7,1.239,71.5,130
2024-01-04 16:58:00,137.98,60.58,8.133,2003.3,1.334,28.2,100
2024-01-04 16:59:00,131.79,59.68,7.835,2195.9,0.806,23.5,100
2024-01-04 17:00:00,152.24,34.02,8.665,2362.0,1.451,97.5,130
2024-01-04 17:01:00,155.7,45.66,7.655,2337.4,0.636,70.2,130
2024-01-04 17:02:00,125.24,34.03,8.303,2052.8,1.246,96.8,90
2024-01-04 17:03:00,154.86,35.43,8.322,2284.5,1.255,96.5,130
2024-01-04 17:04:00,136.44,45.12,8.157,2212.2,0.512,64.0,100
2024-01-04 17:05:00,142.67,59.87,8.181,2221.9,2.139,12.9,115
2024-01-04 17:06:00,131.58,35.61,7.539,2240.0,1.203,96.2,100
2024-01-04 17:07:00,133.75,36.18,7.853,2142.1,0.724,99.2,100
2024-01-04 17:08:00,134.03,35.9,8.575,2139.2,2.277,99.1,100
2024-01-04 17:09:00,124.29,36.22,7.383,2099.7,2.984,96.6,90
2024-01-04 17:10:00,128.17,35.83,8.166,2181.3,1.488,95.4,90
2024-01-04 17:11:00,146.93,35.24,8.075,2324.1,0.557,97.5,115
2024-01-04 17:12:00,156.33,46.92,7.403,2306.1,2.346,74.4,130
2024-01-04 17:13:00,155.55,34.82,8.877,2280.1,0.502,99.3,130
2024-01-04 17:14:00,133.91,60.18,7.788,2053.3,1.356,29.6,100
2024-01-04 17:15:00,132.87,34.23,8.42,2205.4,0.691,99.7,100
2024-01-04 17:16:00,152.01,60.85,8.012,2167.3,1.225,17.0,130
2024-01-04 17:17:00,153.26,46.23,7.862,2446.4,2.238,72.6,130
2024-01-04 17:18:00,134.89,35.62,8.106,2217.5,1.765,97.4,100
2024-01-04 17:19:00,152.11,35.76,8.057,2250.3,2.479,96.6,130
2024-01-04 17:20:00,145.42,47.93,8.125,2328.5,0.571,63.5,115
2024-01-04 17:21:00,134.51,45.66,7.885,2193.9,0.601,62.3,100
2024-01-04 17:22:00,144.01,35.24,7.794,2267.4,1.584,99.5,115
2024-01-04 17:23:00,157.9,47.44,8.602,2288.6,2.561,62.4,130
2024-01-04 17:24:00,148.85,36.9,8.203,2354.2,1.692,96.4,130
2024-01-04 17:25:00,154.04,59.97,8.176,2196.7,1.091,28.0,130
2024-01-04 17:26:00,149.12,35.02,7.843,2315.0,0.639,98.1,130
2024-01-04 17:27:00,145.6,37.12,8.83,2175.6,0.895,98.4,115
2024-01-04 17:28:00,146.91,47.64,8.165,2207.0,0.585,75.6,115
2024-01-04 17:29:00,151.62,48.1,7.442,2254.9,0.864,67.2,130
2024-01-04 17:30:00,151.94,59.03,8.31,2259.0,2.185,39.0,130
2024-01-04 17:31:00,150.75,35.92,7.894,2413.1,1.387,98.3,130
2024-01-04 17:32:00,125.16,46.13,8.564,1955.4,1.326,69.8,90
2024-01-04 17:33:00,144.15,34.46,8.615,2262.7,0.947,97.0,115
2024-01-04 17:34:00,124.3,47.47,8.569,1979.5,0.514,68.5,90
2024-01-04 17:35:00,134.08,47.52,8.015,2255.7,1.794,66.9,100
2024-01-04 17:36:00,142.57,59.61,8.155,2264.2,2.224,32.4,115
2024-01-04 17:37:00,137.83,48.15,8.299,2037.6,1.331,66.7,100
2024-01-04 17:38:00,155.68,46.7,8.557,2336.8,2.452,69.5,130
2024-01-04 17:39:00,132.04,35.28,7.785,2094.3,2.319,99.9,100
2024-01-04 17:40:00,153.25,35.47,8.237,2328.2,1.115,95.5,130
2024-01-04 17:41:00,132.82,46.81,8.947,2043.7,0.658,72.1,100
2024-01-04 17:42:00,158.51,36.52,7.986,2408.5,1.364,97.0,130
2024-01-04 17:43:00,136.78,34.67,8.19,1990.2,1.213,95.5,100
2024-01-04 17:44:00,154.68,34.9,9.245,2245.4,1.022,96.9,130
2024-01-04 17:45:00,129.27,46.05,8.104,1983.4,0.547,68.5,90
2024-01-04 17:46:00,158.63,48.51,7.584,2340.3,0.573,68.5,130
2024-01-04 17:47:00,134.42,59.74,8.177,2110.6,2.296,26.8,100
2024-01-04 17:48:00,143.97,34.89,8.869,2215.2,1.061,99.1,115
2024-01-04 17:49:00,154.09,59.77,8.623,2258.7,0.666,26.7,130
2024-01-04 17:50:00,142.62,47.68,7.808,2120.5,1.464,72.8,115
2024-01-04 17:51:00,129.33,47.53,8.366,2051.7,1.22,76.5,90
2024-01-04 17:52:00,152.48,46.54,8.13,2205.8,1.348,69.1,130
2024-01-04 17:53:00,127.17,35.18,8.525,1923.4,2.132,97.1,90
2024-01-04 17:54:00,146.73,58.84,7.954,2280.1,1.26,15.1,115
2024-01-04 17:55:00,134.24,47.11,8.398,2050.9,1.236,71.9,100
2024-01-04 17:56:00,159.53,36.53,8.964,2426.6,0.536,99.2,130
2024-01-04 17:57:00,141.1,35.03,7.155,2343.4,1.458,95.1,115
2024-01-04 17:58:00,124.8,36.01,8.437,2140.9,1.271,95.3,90
2024-01-04 17:59:00,143.78,35.03,8.728,2139.1,2.267,98.4,115
2024-01-04 18:00:00,147.4,34.62,7.577,2399.7,2.104,96.9,115
2024-01-04 18:01:00,155.88,36.04,7.912,2121.8,1.528,98.9,130
2024-01-04 18:02:00,150.68,48.88,8.043,2239.4,1.428,70.9,130
2024-01-04 18:03:00,148.1,35.93,7.908,2296.7,0.552,96.3,115
2024-01-04 18:04:00,136.21,35.17,7.878,2210.4,0.507,95.2,100
2024-01-04 18:05:00,142.41,35.22,8.05,2172.0,0.564,97.3,115
2024-01-04 18:06:00,154.13,48.53,8.541,2247.1,0.698,72.4,130
2024-01-04 18:07:00,141.75,47.25,8.795,2212.8,0.503,67.5,115
2024-01-04 18:08:00,154.57,46.39,8.721,2303.0,0.516,70.3,130
2024-01-04 18:09:00,145.38,46.95,8.598,2192.4,1.305,74.1,115
2024-01-04 18:10:00,124.16,47.17,8.933,2202.6,1.239,70.6,90
2024-01-04 18:11:00,133.87,35.88,9.013,2095.3,1.4,98.8,100
2024-01-04 18:12:00,150.97,48.21,8.266,2427.3,0.538,72.1,130
2024-01-04 18:13:00,125.84,61.02,8.772,2102.5,1.511,29.1,90
2024-01-04 18:14:00,140.19,47.16,8.37,2311.5,2.214,62.1,115
2024-01-04 18:15:00,135.08,35.47,8.114,2030.4,0.532,99.1,100
2024-01-04 18:16:00,150.5,47.32,8.18,2392.2,2.115,79.5,130
2024-01-04 18:17:00,135.13,46.51,8.605,2229.4,0.609,76.1,100
2024-01-04 18:18:00,154.98,47.78,8.786,2256.7,1.531,68.3,130
2024-01-04 18:19:00,146.01,46.84,8.432,2297.8,0.616,60.6,115
2024-01-04 18:20:00,157.16,35.89,8.042,2191.6,0.53,96.9,130
2024-01-04 18:21:00,157.62,36.87,8.004,2272.0,0.634,97.8,130
2024-01-04 18:22:00,150.97,47.44,7.459,2403.4,1.282,72.1,130
2024-01-04 18:23:00,154.85,47.18,8.344,2295.4,0.639,75.8,130
2024-01-04 18:24:00,160.03,35.09,8.317,2288.9,1.299,95.4,130
2024-01-04 18:25:00,135.3,59.94,7.782,2262.4,0.709,10.4,100
2024-01-04 18:26:00,152.92,46.09,8.389,2153.7,0.826,78.1,130
2024-01-04 18:27:00,144.8,47.43,8.383,2215.8,2.535,68.1,115
2024-01-04 18:28:00,154.04,33.79,7.607,2304.7,2.37,96.8,130
2024-01-04 18:29:00,122.06,60.77,8.071,2006.3,1.288,13.1,90
2024-01-04 18:30:00,127.17,47.59,8.764,2179.9,0.619,65.4,90
2024-01-04 18:31:00,156.46,35.58,7.947,2237.2,0.705,96.5,130
2024-01-04 18:32:00,141.66,46.57,8.207,2158.2,2.15,67.0,115
2024-01-04 18:33:00,154.77,59.99,8.264,2112.2,0.742,39.1,130
2024-01-04 18:34:00,123.58,34.08,8.189,2158.9,2.31,96.0,90
2024-01-04 18:35:00,141.0,47.66,8.475,2203.7,0.714,62.3,115
2024-01-04 18:36:00,151.46,35.37,8.574,2283.8,2.181,95.8,130
2024-01-04 18:37:00,151.84,48.21,8.706,2292.9,0.684,62.4,130
2024-01-04 18:38:00,873.59,47.31,8.075,2405.5,0.544,70.9,130
2024-01-04 18:39:00,153.86,47.19,8.41,2439.0,1.242,74.7,130
2024-01-04 18:40:00,132.6,60.32,8.536,2011.4,2.393,37.9,100
2024-01-04 18:41:00,144.02,59.22,8.153,2193.0,2.195,30.8,115
2024-01-04 18:42:00,156.87,35.14,7.912,2219.2,1.357,96.6,130
2024-01-04 18:43:00,155.89,47.11,8.257,2292.1,1.269,74.8,130
2024-01-04 18:44:00,157.5,46.76,7.958,2302.7,1.254,75.8,130
2024-01-04 18:45:00,154.43,46.54,7.918,2172.5,1.503,65.0,130
2024-01-04 18:46:00,139.01,35.27,8.288,2179.5,2.416,95.3,100
2024-01-04 18:47:00,155.87,60.04,8.125,2274.1,0.862,25.2,130
2024-01-04 18:48:00,143.78,37.35,8.27,2292.4,1.585,99.1,115
2024-01-04 18:49:00,155.23,59.74,7.58,2312.4,1.306,18.5,130
2024-01-04 18:50:00,151.88,59.46,8.13,2172.7,1.531,16.8,130
2024-01-04 18:51:00,144.23,59.88,7.296,2279.2,2.185,13.3,115
2024-01-04 18:52:00,146.07,36.7,7.782,2122.8,0.511,99.2,115
2024-01-04 18:53:00,146.53,61.26,8.164,2131.5,0.734,27.0,115
2024-01-04 18:54:00,143.97,61.56,8.685,2204.7,0.544,25.4,115
2024-01-04 18:55:00,151.83,47.05,8.415,2207.2,0.62,65.4,115
2024-01-04 18:56:00,154.57,36.01,8.236,2169.7,0.536,97.3,130
2024-01-04 18:57:00,140.8,46.16,8.049,2218.2,2.199,67.7,115
2024-01-04 18:58:00,138.03,46.72,8.1,2142.9,1.632,63.8,100
2024-01-04 18:59:00,156.52,59.11,8.722,2299.8,2.29,24.3,130
2024-01-04 19:00:00,145.58,47.38,7.757,2095.0,0.532,64.1,115
2024-01-04 19:01:00,153.84,35.53,7.91,2321.5,2.359,96.0,130
2024-01-04 19:02:00,155.98,35.68,8.627,2359.6,1.577,95.8,130
2024-01-04 19:03:00,149.05,46.32,8.062,2122.3,0.536,73.4,115
2024-01-04 19:04:00,125.5,47.68,8.976,1984.0,1.473,73.0,90
2024-01-04 19:05:00,121.32,58.07,8.476,2133.0,2.259,20.5,90
2024-01-04 19:06:00,146.37,46.8,8.662,2436.4,0.685,63.8,130
2024-01-04 19:07:00,145.96,59.91,7.55,2216.7,1.759,29.8,115
2024-01-04 19:08:00,142.54,33.88,8.624,2194.0,2.107,98.7,115
2024-01-04 19:09:00,154.75,35.81,7.86,2325.9,0.704,95.5,130
2024-01-04 19:10:00,132.98,35.36,8.486,2258.5,1.217,99.9,100
2024-01-04 19:11:00,132.8,35.95,8.055,2082.0,0.812,99.5,100
2024-01-04 19:12:00,123.09,37.1,8.289,2031.3,0.953,95.9,90
2024-01-04 19:13:00,153.31,35.76,7.758,2269.2,1.218,95.0,130
2024-01-04 19:14:00,156.94,47.78,7.512,2196.7,0.505,62.8,130
2024-01-04 19:15:00,136.43,36.6,8.26,2218.2,1.823,99.0,100
2024-01-04 19:16:00,131.98,47.39,8.082,2170.9,1.022,78.8,100
2024-01-04 19:17:00,122.32,46.31,7.842,1908.6,1.015,76.4,90
2024-01-04 19:18:00,155.95,34.19,7.527,2309.1,1.762,99.1,130
2024-01-04 19:19:00,147.63,47.3,7.13,2363.0,0.639,79.2,115
2024-01-04 19:20:00,147.59,46.68,8.409,2252.0,1.254,69.3,115
2024-01-04 19:21:00,152.49,36.53,8.098,2438.3,2.546,99.1,130
2024-01-04 19:22:00,147.47,59.62,7.958,2185.2,2.121,19.5,115
2024-01-04 19:23:00,140.56,46.99,8.285,2307.3,2.435,63.6,115
2024-01-04 19:24:00,154.49,34.57,8.606,2415.2,1.449,97.2,130
2024-01-04 19:25:00,156.22,35.22,8.308,2304.2,2.129,95.3,130
2024-01-04 19:26:00,139.8,46.25,8.023,2197.1,2.368,69.4,115
2024-01-04 19:27:00,150.23,46.32,9.053,2318.0,0.633,78.7,115
2024-01-04 19:28:00,128.32,46.96,7.946,2113.2,0.885,79.9,90
2024-01-04 19:29:00,156.62,35.01,7.636,2386.3,0.842,95.1,130
2024-01-04 19:30:00,152.59,49.1,8.24,2343.0,1.071,65.5,130
2024-01-04 19:31:00,124.83,47.67,8.098,2063.6,2.116,68.8,90
2024-01-04 19:32:00,126.98,60.87,8.579,2062.9,1.448,15.4,90
2024-01-04 19:33:00,152.19,59.91,7.989,2281.6,1.295,12.5,130
2024-01-04 19:34:00,134.55,35.58,8.134,2182.0,0.799,98.0,100
2024-01-04 19:35:00,157.28,46.66,7.854,2295.8,0.685,76.4,130
2024-01-04 19:36:00,151.26,37.6,8.523,2330.3,0.637,95.2,130
2024-01-04 19:37:00,155.83,59.91,8.257,2246.6,2.101,31.6,130
2024-01-04 19:38:00,150.61,35.02,8.09,2241.9,0.687,97.5,130
2024-01-04 19:39:00,132.64,34.9,8.14,2196.7,2.209,98.0,100
2024-01-04 19:40:00,133.74,35.77,8.191,2181.1,0.581,98.1,100
2024-01-04 19:41:00,126.28,61.14,7.625,2035.6,2.098,30.9,90
2024-01-04 19:42:00,133.25,36.37,8.665,2260.2,1.441,95.6,100
2024-01-04 19:43:00,145.31,34.89,8.642,2164.3,2.255,99.7,115
2024-01-04 19:44:00,133.28,46.38,8.216,2185.0,0.906,68.8,100
2024-01-04 19:45:00,123.67,36.5,8.174,2106.6,0.552,97.1,90
2024-01-04 19:46:00,138.13,37.18,7.801,2154.3,0.693,97.9,100
2024-01-04 19:47:00,132.12,35.38,8.891,2251.3,2.495,96.6,100
2024-01-04 19:48:00,126.9,36.47,8.794,2200.2,0.526,96.3,90
2024-01-04 19:49:00,155.0,58.83,8.358,2217.9,0.554,38.8,130
2024-01-04 19:50:00,133.56,46.33,8.528,1968.0,1.217,68.4,100
2024-01-04 19:51:00,121.96,46.19,8.692,2030.9,2.177,70.0,90
2024-01-04 19:52:00,122.13,35.83,8.611,1991.4,2.274,95.6,90
2024-01-04 19:53:00,153.15,35.36,7.858,2275.0,2.234,99.3,130
2024-01-04 19:54:00,144.62,35.69,8.076,2375.6,1.283,98.8,115
2024-01-04 19:55:00,,47.98,8.387,2365.7,2.219,70.2,100
2024-01-04 19:56:00,154.25,46.48,8.281,2234.1,1.499,77.7,130
2024-01-04 19:57:00,144.42,35.58,8.501,2247.9,0.997,99.1,115
2024-01-04 19:58:00,154.79,45.93,8.457,2326.1,2.122,62.2,130
2024-01-04 19:59:00,156.19,47.93,8.299,2337.7,1.271,74.6,130
2024-01-04 20:00:00,146.61,36.38,7.159,2120.4,0.542,99.3,115
2024-01-04 20:01:00,141.53,60.29,8.669,2328.9,1.314,21.9,115
2024-01-04 20:02:00,144.29,47.1,8.536,2302.2,0.651,73.8,115
2024-01-04 20:03:00,148.07,46.59,9.028,2191.6,0.756,63.3,115
2024-01-04 20:04:00,151.71,58.88,8.009,2408.5,1.617,25.4,130
2024-01-04 20:05:00,155.19,35.74,7.463,2194.6,2.256,98.3,130
2024-01-04 20:06:00,154.57,47.6,8.128,2174.5,1.334,63.7,130
2024-01-04 20:07:00,153.58,61.62,8.383,2331.2,0.671,23.1,130
2024-01-04 20:08:00,148.98,46.69,8.023,2264.5,2.539,63.9,115
2024-01-04 20:09:00,135.09,35.72,8.749,2136.9,0.709,97.9,100
2024-01-04 20:10:00,158.78,47.89,7.936,2398.6,0.81,67.4,130
2024-01-04 20:11:00,155.01,47.92,8.16,2257.4,0.754,75.1,130
2024-01-04 20:12:00,136.15,59.5,8.102,2246.4,1.014,31.1,100
2024-01-04 20:13:00,153.56,59.78,9.31,2373.0,0.84,19.0,130
2024-01-04 20:14:00,123.58,46.58,7.838,2219.0,1.283,69.4,90
2024-01-04 20:15:00,136.02,34.78,8.433,2008.2,2.485,97.7,100
2024-01-04 20:16:00,156.07,36.68,7.72,2271.1,2.226,97.3,130
2024-01-04 20:17:00,156.49,60.05,8.337,2237.5,2.476,34.9,130
2024-01-04 20:18:00,145.94,46.94,7.818,2292.2,0.972,71.2,115
2024-01-04 20:19:00,151.66,35.7,8.64,2435.8,1.431,98.4,130
2024-01-04 20:20:00,152.98,,8.563,2280.2,2.354,68.7,130
2024-01-04 20:21:00,157.12,35.32,8.309,2358.0,0.53,97.6,130
2024-01-04 20:22:00,130.1,59.39,7.643,2265.5,1.278,36.2,100
2024-01-04 20:23:00,145.73,36.75,8.179,2256.1,0.663,96.6,115
2024-01-04 20:24:00,154.72,35.04,8.078,2366.1,0.501,98.7,130
2024-01-04 20:25:00,137.12,34.76,8.532,1991.3,1.576,99.9,100
2024-01-04 20:26:00,146.04,35.44,7.839,2355.3,1.292,97.4,115
2024-01-04 20:27:00,143.34,48.73,8.662,2206.1,1.457,67.3,115
2024-01-04 20:28:00,153.23,34.84,8.587,2523.6,0.793,96.2,130
2024-01-04 20:29:00,143.69,47.57,7.65,2161.9,1.359,63.3,115
2024-01-04 20:30:00,126.45,46.8,8.112,2108.0,2.412,72.4,90
2024-01-04 20:31:00,149.24,35.7,8.179,2376.0,2.329,99.3,130
2024-01-04 20:32:00,155.39,36.24,8.602,2109.9,0.589,97.3,130
2024-01-04 20:33:00,152.79,34.12,7.925,2452.2,0.839,96.8,130
2024-01-04 20:34:00,155.48,46.28,8.283,2369.4,1.402,64.5,130
2024-01-04 20:35:00,155.86,36.23,8.64,2190.4,0.535,99.6,130
2024-01-04 20:36:00,130.84,35.58,8.301,2179.6,0.796,98.9,100
2024-01-04 20:37:00,124.43,60.17,7.457,2099.1,0.726,25.5,90
2024-01-04 20:38:00,155.39,47.57,8.002,2299.3,2.167,64.8,130
2024-01-04 20:39:00,145.22,46.29,8.562,2182.3,1.569,76.3,115
2024-01-04 20:40:00,144.69,47.84,8.512,2224.6,0.594,70.3,115
2024-01-04 20:41:00,141.95,36.16,7.3,2298.9,0.661,98.8,115
2024-01-04 20:42:00,142.33,35.69,8.28,2295.7,1.284,97.3,115
2024-01-04 20:43:00,151.55,35.87,8.578,2310.7,0.758,95.4,130
2024-01-04 20:44:00,146.39,36.43,8.416,2248.3,1.374,96.2,115
2024-01-04 20:45:00,144.71,46.52,8.461,2219.8,0.627,62.7,115
2024-01-04 20:46:00,134.87,36.03,9.025,2072.2,0.504,98.0,100
2024-01-04 20:47:00,,48.4,8.183,2145.4,0.687,76.8,100
2024-01-04 20:48:00,154.92,36.01,8.322,2251.2,1.395,96.5,130
2024-01-04 20:49:00,156.58,46.82,7.824,2230.4,1.24,66.1,130
2024-01-04 20:50:00,120.4,37.35,7.946,1876.5,0.581,98.9,90
2024-01-04 20:51:00,143.66,47.18,8.067,2197.3,0.922,74.7,115
2024-01-04 20:52:00,121.07,48.12,8.54,2132.8,0.659,76.5,90
2024-01-04 20:53:00,153.95,35.16,7.901,2407.8,1.314,98.2,130
2024-01-04 20:54:00,142.75,47.85,8.694,2265.7,1.05,74.8,115
2024-01-04 20:55:00,145.95,35.06,7.763,2126.4,0.834,95.2,115
2024-01-04 20:56:00,125.42,47.26,8.456,2057.6,1.221,79.8,90
2024-01-04 20:57:00,158.23,35.01,8.421,2217.6,1.592,97.8,130
2024-01-04 20:58:00,154.86,48.52,8.303,2462.8,0.532,74.8,130
2024-01-04 20:59:00,145.85,59.82,8.594,2199.0,0.538,14.8,115
2024-01-04 21:00:00,123.61,46.11,7.903,2030.5,2.116,62.9,90
2024-01-04 21:01:00,122.24,47.08,8.014,2143.8,2.231,67.3,90
2024-01-04 21:02:00,127.09,60.43,7.815,2066.9,0.707,18.2,90
2024-01-04 21:03:00,128.11,46.98,8.204,2155.7,2.38,63.1,90
2024-01-04 21:04:00,156.76,46.35,8.152,2220.1,1.205,67.2,130
2024-01-04 21:05:00,155.33,60.83,8.543,2317.1,2.139,22.6,130
2024-01-04 21:06:00,152.56,36.51,8.355,2350.6,0.694,97.5,130
2024-01-04 21:07:00,157.85,34.18,8.476,2100.6,1.349,95.0,130
2024-01-04 21:08:00,136.45,59.3,8.121,2095.4,1.211,24.6,100
2024-01-04 21:09:00,130.06,35.37,8.362,2020.9,1.048,95.3,90
2024-01-04 21:10:00,152.11,35.08,8.925,2314.4,1.484,97.1,130
2024-01-04 21:11:00,147.16,47.42,7.662,2205.2,0.589,74.5,115
2024-01-04 21:12:00,126.37,36.97,7.464,2093.7,0.654,98.3,90
2024-01-04 21:13:00,144.14,46.7,8.455,2211.2,0.594,72.6,115
2024-01-04 21:14:00,158.41,48.26,7.861,2401.8,2.222,68.1,130
2024-01-04 21:15:00,146.01,58.83,7.647,2398.9,1.381,31.7,115
2024-01-04 21:16:00,152.66,35.86,8.414,2190.0,1.302,95.7,130
2024-01-04 21:17:00,144.7,35.02,7.798,2232.0,1.394,96.9,115
2024-01-04 21:18:00,142.63,60.38,8.816,2316.9,0.625,35.6,115
2024-01-04 21:19:00,153.83,45.59,8.263,2253.8,0.714,76.9,130
2024-01-04 21:20:00,126.76,34.47,8.119,2092.4,1.261,95.3,90
2024-01-04 21:21:00,147.47,47.38,7.871,2199.6,2.138,70.6,115
2024-01-04 21:22:00,145.55,46.5,8.286,2149.7,0.503,68.9,115
2024-01-04 21:23:00,123.12,35.24,7.564,1988.7,0.684,99.9,90
2024-01-04 21:24:00,155.95,36.97,7.213,2112.3,1.29,97.9,130
2024-01-04 21:25:00,156.81,35.61,7.578,2323.3,0.609,96.5,130
2024-01-04 21:26:00,130.07,36.22,8.655,2168.5,0.548,96.0,100
2024-01-04 21:27:00,155.29,34.89,7.83,2233.9,1.203,98.5,130
2024-01-04 21:28:00,134.52,45.93,7.626,2127.6,0.644,60.9,100
2024-01-04 21:29:00,157.38,46.94,8.164,2194.6,1.484,78.8,130
2024-01-04 21:30:00,155.96,45.81,9.09,2352.6,2.024,63.7,130
2024-01-04 21:31:00,146.21,34.94,8.637,2198.0,2.121,97.2,115
2024-01-04 21:32:00,153.8,35.69,7.88,2371.6,0.839,97.5,130
2024-01-04 21:33:00,135.0,59.91,7.873,2124.2,1.238,11.3,100
2024-01-04 21:34:00,147.36,35.77,7.882,2151.0,0.831,97.0,115
2024-01-04 21:35:00,124.84,47.48,7.836,2027.1,2.484,66.5,90
2024-01-04 21:36:00,135.44,59.04,8.418,2270.6,1.202,21.2,100
2024-01-04 21:37:00,151.16,46.25,8.066,2477.7,2.154,67.6,130
2024-01-04 21:38:00,134.83,45.26,7.755,2029.4,0.512,78.2,100
2024-01-04 21:39:00,139.97,35.2,7.665,2302.5,1.338,96.6,115
2024-01-04 21:40:00,133.71,47.59,9.12,2061.3,1.205,67.5,100
2024-01-04 21:41:00,135.16,36.69,8.495,2089.2,0.697,96.5,100
2024-01-04 21:42:00,146.92,47.15,7.858,2246.7,0.663,74.7,115
2024-01-04 21:43:00,142.5,61.1,8.685,2269.1,1.295,14.8,115
2024-01-04 21:44:00,145.93,35.81,7.739,2171.7,1.324,96.6,115
2024-01-04 21:45:00,158.67,47.09,8.145,2358.8,1.423,70.9,130
2024-01-04 21:46:00,153.4,46.51,8.101,2404.7,1.237,79.7,130
2024-01-04 21:47:00,141.13,45.09,8.273,2288.3,0.763,67.7,115
2024-01-04 21:48:00,155.72,36.48,7.823,2232.7,0.707,97.1,130
2024-01-04 21:49:00,152.02,46.96,8.251,2274.4,1.418,61.4,130
2024-01-04 21:50:00,152.95,48.11,7.501,2380.0,0.585,73.3,130
2024-01-04 21:51:00,147.31,59.24,8.049,2354.1,0.549,23.3,115
2024-01-04 21:52:00,159.69,48.94,8.734,2208.3,0.71,72.3,130
2024-01-04 21:53:00,132.5,35.3,8.61,2174.2,1.688,96.3,100
2024-01-04 21:54:00,153.16,46.45,7.922,2368.7,1.246,78.9,130
2024-01-04 21:55:00,143.9,46.83,7.59,2118.3,2.231,61.6,115
2024-01-04 21:56:00,143.63,60.14,7.327,2311.5,0.611,16.8,115
2024-01-04 21:57:00,139.83,46.94,8.447,2319.2,1.286,71.0,100
2024-01-04 21:58:00,153.67,35.09,8.311,2363.1,0.832,97.7,130
2024-01-04 21:59:00,124.03,45.56,8.354,2115.3,1.259,69.9,90
2024-01-04 22:00:00,129.04,34.86,8.876,2009.9,1.344,96.0,90
2024-01-04 22:01:00,136.44,47.86,8.261,2110.8,0.585,64.0,100
2024-01-04 22:02:00,127.46,59.3,8.291,2018.2,0.917,12.7,90
2024-01-04 22:03:00,142.73,34.13,7.641,2159.2,0.566,97.6,115
2024-01-04 22:04:00,143.67,46.16,8.85,2210.6,0.732,75.2,115
2024-01-04 22:05:00,132.4,35.43,8.134,2174.7,0.678,95.3,100
2024-01-04 22:06:00,137.0,34.89,7.873,2081.4,1.28,95.5,100
2024-01-04 22:07:00,128.06,59.78,8.283,2042.2,1.259,37.6,90
2024-01-04 22:08:00,133.5,59.36,9.0,2175.5,0.826,31.8,100
2024-01-04 22:09:00,124.09,36.31,9.054,1900.7,0.643,96.9,90
2024-01-04 22:10:00,154.2,47.39,7.812,2385.9,0.689,69.5,130
2024-01-04 22:11:00,131.13,48.77,8.67,2167.0,1.154,76.0,100
2024-01-04 22:12:00,133.32,59.69,8.334,2168.1,1.302,26.9,100
2024-01-04 22:13:00,136.93,59.77,8.595,2242.5,1.537,19.4,100
2024-01-04 22:14:00,152.81,36.45,8.311,2385.1,0.704,98.1,130
2024-01-04 22:15:00,135.23,60.31,8.446,2198.6,0.68,28.6,100
2024-01-04 22:16:00,121.73,46.25,8.729,2092.4,2.111,71.9,90
2024-01-04 22:17:00,154.64,35.95,7.5,2309.2,0.987,97.0,130
2024-01-04 22:18:00,143.59,47.32,8.344,2183.5,0.552,77.5,115
2024-01-04 22:19:00,151.95,58.56,7.732,2233.1,1.328,15.4,130
2024-01-04 22:20:00,126.98,34.98,8.015,2101.0,1.479,98.1,90
2024-01-04 22:21:00,147.12,60.15,8.2,2261.5,0.648,32.0,115
2024-01-04 22:22:00,152.58,36.66,7.797,2321.3,2.101,98.2,130
2024-01-04 22:23:00,154.46,36.06,7.967,2202.5,1.095,99.6,130
2024-01-04 22:24:00,135.11,46.55,7.64,1937.6,1.204,73.3,100
2024-01-04 22:25:00,150.46,46.43,7.963,2314.4,0.519,78.3,130
2024-01-04 22:26:00,141.51,47.64,8.405,2083.3,1.251,70.4,115
2024-01-04 22:27:00,128.22,45.06,8.546,2095.4,2.283,63.4,90
2024-01-04 22:28:00,122.34,34.85,7.892,2225.9,1.209,95.5,90
2024-01-04 22:29:00,158.15,36.63,8.731,2336.5,1.712,97.1,130
2024-01-04 22:30:00,121.64,47.24,8.431,2035.1,2.311,74.8,90
2024-01-04 22:31:00,136.65,34.89,8.773,2066.3,0.771,99.3,100
2024-01-04 22:32:00,154.22,34.54,7.492,2263.9,1.449,98.4,130
2024-01-04 22:33:00,154.57,36.17,8.325,2307.0,2.332,98.6,130
2024-01-04 22:34:00,159.64,47.06,8.444,2395.8,1.535,67.8,130
2024-01-04 22:35:00,131.86,,7.513,2161.2,0.583,65.5,100
2024-01-04 22:36:00,156.49,47.3,9.166,2286.7,0.55,78.3,130
2024-01-04 22:37:00,156.38,35.63,7.945,2363.8,0.585,96.9,130
2024-01-04 22:38:00,143.39,60.07,8.418,2268.1,0.51,24.9,100
2024-01-04 22:39:00,142.31,34.44,8.571,2255.1,1.882,95.0,115
2024-01-04 22:40:00,133.44,46.18,8.24,2165.3,0.769,73.2,100
2024-01-04 22:41:00,137.04,47.6,8.754,2017.2,0.548,79.6,100
2024-01-04 22:42:00,154.5,47.45,8.998,2201.1,0.559,71.6,130
2024-01-04 22:43:00,123.84,35.81,7.756,1950.8,1.481,96.4,90
2024-01-04 22:44:00,157.39,59.53,8.246,2294.7,1.492,25.3,130
2024-01-04 22:45:00,144.33,36.11,8.566,2163.3,1.311,98.9,115
2024-01-04 22:46:00,142.77,59.7,7.547,2190.3,0.546,15.1,115
2024-01-04 22:47:00,156.82,61.04,8.626,2242.3,0.508,27.9,130
2024-01-04 22:48:00,125.94,46.4,8.883,2009.3,0.721,70.8,90
2024-01-04 22:49:00,144.22,46.58,8.714,2081.7,0.803,67.6,115
2024-01-04 22:50:00,154.1,46.88,8.375,2327.6,0.523,77.0,130
2024-01-04 22:51:00,122.71,47.68,8.816,2126.0,1.2,79.3,90
2024-01-04 22:52:00,146.81,59.97,8.343,2235.6,0.588,36.3,115
2024-01-04 22:53:00,134.1,47.03,7.672,2179.2,2.32,64.1,100
2024-01-04 22:54:00,143.08,35.19,7.991,2267.2,1.015,99.9,115
2024-01-04 22:55:00,131.79,35.71,8.098,2184.0,0.923,97.7,100
2024-01-04 22:56:00,155.98,46.94,8.174,2377.7,1.433,72.7,130
2024-01-04 22:57:00,153.73,34.87,8.162,2405.3,1.536,96.0,130
2024-01-04 22:58:00,139.97,35.6,8.065,2356.3,1.288,95.8,115
2024-01-04 22:59:00,151.99,60.12,8.288,2155.9,2.156,10.9,130
2024-01-04 23:00:00,134.42,37.38,8.802,2187.4,0.527,99.6,100
2024-01-04 23:01:00,154.49,35.01,8.286,2213.2,2.14,97.8,130
2024-01-04 23:02:00,154.39,59.33,8.451,2422.5,1.159,35.9,130
2024-01-04 23:03:00,154.04,60.22,7.322,2315.3,2.632,12.6,130
2024-01-04 23:04:00,131.31,34.71,8.25,2172.1,0.51,99.4,100
2024-01-04 23:05:00,132.81,46.14,8.635,2159.4,0.627,63.8,100
2024-01-04 23:06:00,157.96,58.85,8.699,2326.8,1.293,27.6,130
2024-01-04 23:07:00,147.59,46.38,8.658,2361.8,0.711,67.2,115
2024-01-04 23:08:00,156.44,46.4,8.321,2409.2,0.58,65.5,130
2024-01-04 23:09:00,146.22,34.47,8.366,2358.4,0.566,98.8,115
2024-01-04 23:10:00,157.26,35.3,7.931,2294.4,1.531,95.7,130
2024-01-04 23:11:00,142.2,33.61,8.538,2060.0,2.688,97.4,115
2024-01-04 23:12:00,145.08,47.39,7.933,2289.8,1.245,73.2,115
2024-01-04 23:13:00,122.2,46.55,8.472,1980.7,2.154,64.7,90
2024-01-04 23:14:00,152.24,46.67,8.217,2281.0,1.309,72.6,130
2024-01-04 23:15:00,135.92,47.47,8.206,2145.0,0.745,67.6,100
2024-01-04 23:16:00,147.37,60.3,8.6,2230.2,0.537,22.7,115
2024-01-04 23:17:00,124.52,35.0,8.424,2121.5,1.326,98.2,90
2024-01-04 23:18:00,159.12,35.86,8.313,2236.1,0.868,99.1,130
2024-01-04 23:19:00,155.53,48.24,8.001,2360.1,0.553,64.8,130
2024-01-04 23:20:00,123.06,34.69,8.841,2054.8,0.51,99.5,90
2024-01-04 23:21:00,152.28,47.6,8.333,2518.2,1.675,78.0,130
2024-01-04 23:22:00,157.55,46.11,8.499,2182.8,0.81,65.1,130
2024-01-04 23:23:00,155.32,36.44,8.232,2320.2,2.34,95.6,130
2024-01-04 23:24:00,136.69,46.43,7.923,2199.2,1.218,76.8,100
2024-01-04 23:25:00,148.36,34.9,8.342,2277.1,1.659,97.4,130
2024-01-04 23:26:00,125.61,36.42,7.962,2024.1,2.173,97.7,90
2024-01-04 23:27:00,143.72,47.58,8.375,2336.0,0.548,71.1,115
2024-01-04 23:28:00,151.52,34.96,6.894,2377.3,1.334,97.7,130
2024-01-04 23:29:00,144.84,60.1,8.04,2166.1,2.612,39.7,115
2024-01-04 23:30:00,157.73,46.43,8.194,2191.4,2.243,76.4,130
2024-01-04 23:31:00,150.67,45.73,7.818,2277.1,1.39,64.7,115
2024-01-04 23:32:00,135.61,47.15,8.346,2175.8,1.122,72.9,100
2024-01-04 23:33:00,143.23,35.21,8.031,2275.7,1.321,95.6,115
2024-01-04 23:34:00,153.08,46.24,8.198,2299.5,0.506,76.4,130
2024-01-04 23:35:00,137.41,36.54,7.979,2218.7,2.164,97.5,100
2024-01-04 23:36:00,132.51,34.77,8.589,2278.0,2.172,96.1,100
2024-01-04 23:37:00,136.56,47.12,8.418,2272.4,2.405,61.9,100
2024-01-04 23:38:00,135.73,36.36,8.319,2084.5,1.227,95.4,100
2024-01-04 23:39:00,155.46,46.8,8.225,2510.0,0.538,73.8,130
2024-01-04 23:40:00,121.08,46.41,9.212,2122.7,0.691,78.6,90
2024-01-04 23:41:00,154.11,47.24,8.137,2195.9,2.128,71.6,130
2024-01-04 23:42:00,151.35,47.36,7.921,2345.0,0.637,71.4,130
2024-01-04 23:43:00,133.53,60.7,7.731,2168.4,0.507,21.9,100
2024-01-04 23:44:00,127.29,37.0,8.562,2060.7,1.421,96.3,90
2024-01-04 23:45:00,138.08,,8.852,2133.7,0.978,78.8,100
2024-01-04 23:46:00,155.53,47.16,7.861,2366.2,1.616,72.1,130
2024-01-04 23:47:00,153.57,34.48,8.086,2366.5,0.515,99.8,130
2024-01-04 23:48:00,148.97,36.03,8.056,2183.1,1.379,96.2,115
2024-01-04 23:49:00,123.54,35.65,8.15,2027.1,2.122,95.8,90
2024-01-04 23:50:00,152.16,59.86,7.493,2264.0,0.511,29.7,130
2024-01-04 23:51:00,136.74,46.51,8.523,2136.0,0.689,65.9,100
2024-01-04 23:52:00,156.14,35.22,8.676,2380.9,0.67,99.4,130
2024-01-04 23:53:00,133.64,35.69,7.438,2246.2,2.12,96.7,100
2024-01-04 23:54:00,125.25,34.73,8.903,2052.9,0.589,98.9,90
2024-01-04 23:55:00,146.11,46.75,8.847,2317.9,0.576,76.2,115
2024-01-04 23:56:00,155.51,60.01,6.972,2345.3,1.284,32.4,130
2024-01-04 23:57:00,136.15,45.77,7.331,2160.6,0.581,77.0,100
2024-01-04 23:58:00,143.74,46.16,8.147,2379.4,2.448,70.7,115
2024-01-04 23:59:00,136.32,34.97,8.726,2176.3,2.187,96.8,100
2024-01-05 00:00:00,145.04,48.25,8.316,2219.2,1.28,76.8,115
2024-01-05 00:01:00,153.82,34.84,8.209,2376.9,1.206,98.8,130
2024-01-05 00:02:00,134.39,35.46,8.429,2051.5,0.813,95.6,100
2024-01-05 00:03:00,154.76,46.17,7.877,2292.5,1.416,70.0,130
2024-01-05 00:04:00,121.39,46.38,8.711,2090.9,1.284,76.5,90
2024-01-05 00:05:00,153.41,34.35,8.159,2367.5,0.62,99.0,130
2024-01-05 00:06:00,135.16,36.04,7.547,2169.3,0.816,97.9,100
2024-01-05 00:07:00,151.62,45.94,7.882,2206.9,2.184,60.3,130
2024-01-05 00:08:00,153.45,47.73,8.348,2239.2,0.628,64.5,130
2024-01-05 00:09:00,160.96,47.37,8.084,2275.5,1.204,72.2,130
2024-01-05 00:10:00,132.18,35.44,8.043,2169.3,1.001,98.9,100
2024-01-05 00:11:00,144.04,47.75,8.281,2126.2,0.593,60.2,115
2024-01-05 00:12:00,122.92,37.98,8.343,2182.7,2.17,97.0,90
2024-01-05 00:13:00,154.71,60.38,7.708,2335.0,0.688,39.8,130
2024-01-05 00:14:00,132.96,59.1,8.689,2172.9,1.35,23.0,100
2024-01-05 00:15:00,134.39,48.19,8.148,2136.1,0.602,75.2,100
2024-01-05 00:16:00,153.2,47.15,8.368,2194.5,1.011,70.8,130
2024-01-05 00:17:00,147.64,48.69,8.239,2237.3,2.19,75.6,115
2024-01-05 00:18:00,145.2,46.6,8.036,2289.9,2.484,63.0,115
2024-01-05 00:19:00,152.49,48.03,8.565,2297.7,2.411,67.0,130
2024-01-05 00:20:00,157.1,47.0,8.232,2395.5,2.567,70.3,130
2024-01-05 00:21:00,132.6,49.13,8.229,2145.0,2.166,60.3,100
2024-01-05 00:22:00,151.09,35.27,7.205,,2.115,95.4,130
2024-01-05 00:23:00,134.99,49.4,8.528,2141.1,0.609,78.5,100
2024-01-05 00:24:00,129.77,47.35,8.132,2100.3,2.175,73.3,90
2024-01-05 00:25:00,140.43,36.18,8.502,2299.5,0.513,97.9,115
2024-01-05 00:26:00,141.67,36.86,8.858,2143.6,0.515,95.3,115
2024-01-05 00:27:00,156.88,46.37,8.529,2361.8,0.538,77.8,130
2024-01-05 00:28:00,123.39,36.28,8.222,2154.3,0.595,95.3,90
2024-01-05 00:29:00,156.53,35.27,8.085,2485.2,1.747,99.1,130
2024-01-05 00:30:00,142.91,35.62,9.21,2235.7,0.714,99.3,115
2024-01-05 00:31:00,125.35,60.07,8.393,1902.1,0.602,15.0,90
2024-01-05 00:32:00,149.36,35.96,8.284,2087.5,0.821,99.2,115
2024-01-05 00:33:00,132.01,60.42,8.127,2079.0,0.668,11.6,100
2024-01-05 00:34:00,147.56,35.04,7.841,2332.6,1.308,96.5,115
2024-01-05 00:35:00,156.7,35.6,7.42,2485.7,0.531,97.4,130
2024-01-05 00:36:00,131.28,45.13,8.808,2117.5,1.024,66.8,100
2024-01-05 00:37:00,156.4,36.29,7.888,2314.3,0.696,98.8,130
2024-01-05 00:38:00,135.18,61.36,8.124,1943.5,0.616,12.6,100
2024-01-05 00:39:00,155.23,35.65,8.158,2362.1,1.315,99.3,130
2024-01-05 00:40:00,125.84,45.72,8.773,2080.8,0.79,71.9,90
2024-01-05 00:41:00,154.12,47.59,7.893,2290.0,0.54,68.2,130
2024-01-05 00:42:00,145.18,59.39,8.303,2152.9,0.608,34.1,115
2024-01-05 00:43:00,145.6,35.65,8.405,2201.8,0.513,97.4,115
2024-01-05 00:44:00,146.87,60.55,7.646,2122.4,2.117,40.0,115
2024-01-05 00:45:00,151.18,47.44,7.609,2241.1,0.649,70.2,130
2024-01-05 00:46:00,148.23,47.86,7.914,2128.4,2.196,78.9,115
2024-01-05 00:47:00,152.11,35.62,8.297,2228.6,1.454,97.5,130
2024-01-05 00:48:00,146.9,47.14,8.247,2137.6,1.364,64.6,115
2024-01-05 00:49:00,155.2,60.59,8.152,2356.2,2.492,14.1,130
2024-01-05 00:50:00,141.8,46.94,8.461,2138.0,1.317,78.2,115
2024-01-05 00:51:00,156.32,46.45,7.857,2305.8,1.295,80.0,130
2024-01-05 00:52:00,122.64,47.36,8.132,1982.6,0.676,71.8,90
2024-01-05 00:53:00,147.67,46.1,8.155,2145.8,1.219,74.5,115
2024-01-05 00:54:00,153.22,35.44,7.868,2222.6,1.379,96.4,130
2024-01-05 00:55:00,141.26,45.9,9.121,2308.2,1.293,77.2,115
2024-01-05 00:56:00,128.83,46.56,7.336,2055.4,2.613,66.9,90
2024-01-05 00:57:00,155.45,46.59,8.696,2250.2,2.317,60.4,130
2024-01-05 00:58:00,137.17,34.71,8.52,2069.7,0.64,96.8,100
2024-01-05 00:59:00,142.87,36.38,8.523,2122.5,1.445,98.1,115
2024-01-05 01:00:00,150.27,36.31,8.238,2252.5,1.275,96.6,130
2024-01-05 01:01:00,139.19,48.05,8.733,2035.1,0.882,79.4,100
2024-01-05 01:02:00,154.98,59.85,8.021,2275.2,0.529,17.1,130
2024-01-05 01:03:00,156.23,46.65,8.357,2253.4,0.825,78.9,130
2024-01-05 01:04:00,136.64,47.64,8.229,2087.7,1.604,69.4,100
2024-01-05 01:05:00,144.16,47.1,8.107,2329.1,2.137,74.4,115
2024-01-05 01:06:00,125.57,35.6,8.249,2050.5,0.63,97.4,90
2024-01-05 01:07:00,148.98,33.46,7.82,2215.4,1.644,96.7,115
2024-01-05 01:08:00,134.92,36.11,7.934,2252.6,1.84,99.5,100
2024-01-05 01:09:00,137.36,47.5,8.832,2041.3,1.534,73.5,100
2024-01-05 01:10:00,150.02,35.5,9.353,2271.0,1.066,96.0,130
2024-01-05 01:11:00,137.81,47.65,8.408,2026.1,1.753,67.2,100
2024-01-05 01:12:00,141.19,60.48,8.533,2235.6,2.88,35.5,115
2024-01-05 01:13:00,157.52,34.94,8.301,2358.6,0.607,95.9,130
2024-01-05 01:14:00,145.98,59.82,8.382,2036.0,0.568,30.2,115
2024-01-05 01:15:00,154.76,46.19,8.418,2378.8,2.3,67.6,130
2024-01-05 01:16:00,134.75,48.17,8.614,2174.9,0.542,72.4,100
2024-01-05 01:17:00,144.37,36.28,8.815,2232.9,2.263,96.3,115
2024-01-05 01:18:00,122.95,34.85,7.846,1970.7,0.673,98.0,90
2024-01-05 01:19:00,154.49,47.5,9.331,2371.8,0.828,60.4,130
2024-01-05 01:20:00,150.52,35.72,8.255,2364.6,0.59,99.5,115
2024-01-05 01:21:00,158.26,46.45,8.255,2277.4,0.684,76.2,130
2024-01-05 01:22:00,142.82,47.1,8.035,2204.6,0.967,76.5,115
2024-01-05 01:23:00,135.67,36.19,8.036,2151.8,1.31,95.3,100
2024-01-05 01:24:00,135.24,36.25,8.447,2118.0,0.67,97.1,100
2024-01-05 01:25:00,134.64,37.37,8.455,2135.7,2.41,96.0,100
2024-01-05 01:26:00,122.49,47.08,8.426,2152.3,1.257,73.1,90
2024-01-05 01:27:00,156.11,35.31,8.018,2304.7,0.522,96.7,130
2024-01-05 01:28:00,157.12,35.95,7.12,2333.2,0.729,97.0,130
2024-01-05 01:29:00,132.92,35.35,7.482,2312.7,1.293,98.2,100
2024-01-05 01:30:00,149.89,59.53,8.205,2347.1,0.596,34.0,115
2024-01-05 01:31:00,158.81,34.76,8.334,2226.3,1.032,98.9,130
2024-01-05 01:32:00,146.37,44.26,8.032,2369.5,2.205,79.3,115
2024-01-05 01:33:00,141.92,47.59,7.923,2340.2,1.114,71.4,115
2024-01-05 01:34:00,156.0,45.69,8.319,2429.6,0.522,76.6,130
2024-01-05 01:35:00,135.7,46.3,8.157,2100.0,1.284,79.9,100
2024-01-05 01:36:00,146.28,35.73,8.009,2246.9,1.436,96.6,115
2024-01-05 01:37:00,158.98,35.24,7.554,2278.7,0.527,95.6,130
2024-01-05 01:38:00,154.56,48.72,7.862,2319.7,2.198,69.2,130
2024-01-05 01:39:00,130.12,34.29,8.573,2210.1,1.582,95.3,90
2024-01-05 01:40:00,126.02,48.79,7.815,2081.2,1.487,72.8,90
2024-01-05 01:41:00,134.27,61.1,8.465,2012.4,0.566,38.4,100
2024-01-05 01:42:00,161.0,47.73,8.755,2280.2,2.188,79.0,130
2024-01-05 01:43:00,127.07,48.15,7.884,2017.6,0.641,76.6,90
2024-01-05 01:44:00,133.86,47.32,8.022,2293.2,1.463,62.6,100
2024-01-05 01:45:00,135.21,45.64,8.595,2085.0,0.533,79.8,100
2024-01-05 01:46:00,136.59,47.41,8.693,2117.4,1.35,79.9,100
2024-01-05 01:47:00,154.62,45.82,7.942,2280.2,0.515,67.1,130
2024-01-05 01:48:00,145.33,46.58,7.551,2358.0,0.601,77.0,115
2024-01-05 01:49:00,152.96,46.94,8.702,2386.8,2.142,65.2,130
2024-01-05 01:50:00,150.79,59.27,8.434,2355.4,0.574,18.1,130
2024-01-05 01:51:00,135.27,36.26,8.36,2168.6,0.581,97.4,100
2024-01-05 01:52:00,125.35,35.33,8.566,2087.2,1.494,97.2,90
2024-01-05 01:53:00,136.32,35.83,7.726,2156.1,1.262,97.0,100
2024-01-05 01:54:00,143.56,59.99,8.356,2394.4,0.718,27.7,115
2024-01-05 01:55:00,151.65,35.6,8.086,2208.6,0.652,98.5,130
2024-01-05 01:56:00,152.59,34.79,8.441,2088.8,2.426,99.1,130
2024-01-05 01:57:00,157.64,34.56,8.52,2345.4,1.278,97.9,130
2024-01-05 01:58:00,143.33,59.88,8.591,2342.2,1.546,11.6,115
2024-01-05 01:59:00,143.89,34.73,8.439,2244.8,2.17,98.2,115
2024-01-05 02:00:00,154.22,36.61,8.3,2151.6,1.373,99.0,130
2024-01-05 02:01:00,123.45,34.4,8.314,2129.7,0.7,98.4,90
2024-01-05 02:02:00,153.27,37.37,8.347,2224.8,0.655,98.9,130
2024-01-05 02:03:00,132.82,47.24,7.95,2047.3,0.892,62.2,100
2024-01-05 02:04:00,148.5,47.06,8.052,2151.8,2.124,60.9,115
2024-01-05 02:05:00,156.7,59.57,8.361,2181.3,0.682,18.3,130
2024-01-05 02:06:00,138.12,36.03,8.46,2166.3,0.641,99.2,100
2024-01-05 02:07:00,138.62,59.84,7.94,2098.2,2.208,34.1,100
2024-01-05 02:08:00,139.13,47.24,7.769,2123.6,0.585,65.0,115
2024-01-05 02:09:00,145.86,47.67,7.53,2420.4,1.233,63.0,115
2024-01-05 02:10:00,153.53,47.54,7.695,2267.5,0.71,69.2,130
2024-01-05 02:11:00,137.79,60.99,7.984,2154.1,1.225,36.5,100
2024-01-05 02:12:00,676.56,35.93,8.021,2194.3,0.854,97.2,90
2024-01-05 02:13:00,152.36,34.74,8.087,2364.2,0.619,96.4,130
2024-01-05 02:14:00,151.41,58.34,7.718,2462.7,1.386,11.2,130
2024-01-05 02:15:00,124.24,60.17,7.475,2014.3,1.216,17.2,90
2024-01-05 02:16:00,157.29,60.18,8.251,2393.8,1.22,33.5,130
2024-01-05 02:17:00,135.64,37.04,8.251,2189.2,1.254,97.4,100
2024-01-05 02:18:00,141.99,46.91,8.449,2309.6,1.503,72.4,115
2024-01-05 02:19:00,150.38,47.3,8.526,2297.5,1.333,75.4,115
2024-01-05 02:20:00,146.62,60.62,8.357,2168.2,1.274,26.0,115
2024-01-05 02:21:00,156.94,35.91,8.246,2535.9,1.579,95.8,130
2024-01-05 02:22:00,158.21,36.18,8.55,2129.1,1.243,95.2,130
2024-01-05 02:23:00,130.9,34.85,8.77,2080.9,1.26,99.5,100
2024-01-05 02:24:00,132.72,34.72,7.929,2204.5,0.8,99.1,100
2024-01-05 02:25:00,137.06,59.78,8.508,2173.3,0.505,36.3,100
2024-01-05 02:26:00,142.97,58.26,7.95,2240.7,0.55,21.0,115
2024-01-05 02:27:00,154.31,59.97,8.288,2367.2,2.247,29.5,130
2024-01-05 02:28:00,154.81,46.47,8.628,2242.6,1.693,68.1,130
2024-01-05 02:29:00,131.81,60.26,8.091,2217.2,1.262,11.9,100
2024-01-05 02:30:00,144.1,46.79,7.819,2219.7,0.548,74.1,115
2024-01-05 02:31:00,157.29,46.19,8.016,2422.1,1.237,64.8,130
2024-01-05 02:32:00,156.82,36.55,7.819,2285.6,2.249,95.1,130
2024-01-05 02:33:00,157.78,35.57,7.77,2347.4,2.113,99.1,130
2024-01-05 02:34:00,157.52,36.19,8.683,2361.0,0.565,99.7,130
2024-01-05 02:35:00,136.01,35.65,8.413,2222.4,1.353,97.1,100
2024-01-05 02:36:00,125.82,60.37,7.912,2073.0,0.515,26.3,90
2024-01-05 02:37:00,125.63,34.41,7.806,2047.1,0.736,97.7,90
2024-01-05 02:38:00,123.43,48.02,7.834,2008.0,1.348,70.6,90
2024-01-05 02:39:00,122.43,36.2,7.912,2108.9,1.447,95.4,90
2024-01-05 02:40:00,143.28,46.98,8.661,2078.2,1.284,62.7,115
2024-01-05 02:41:00,154.18,35.73,8.156,2334.7,0.609,96.2,130
2024-01-05 02:42:00,133.36,47.8,9.053,2180.7,1.027,72.7,100
2024-01-05 02:43:00,156.03,46.7,8.184,2459.9,0.547,69.3,130
2024-01-05 02:44:00,155.5,34.23,7.97,2257.1,0.508,98.0,130
2024-01-05 02:45:00,155.77,59.72,8.571,2325.0,2.006,11.9,130
2024-01-05 02:46:00,145.88,35.62,7.532,2242.7,0.501,99.4,115
2024-01-05 02:47:00,157.99,35.47,8.275,2221.5,0.938,95.7,130
2024-01-05 02:48:00,154.98,36.55,7.715,2309.6,0.85,99.0,130
2024-01-05 02:49:00,147.52,34.73,7.327,2122.7,1.334,99.8,115
2024-01-05 02:50:00,126.29,34.83,8.153,2147.0,1.444,98.6,90
2024-01-05 02:51:00,147.82,59.15,8.534,2277.3,1.222,30.4,115
2024-01-05 02:52:00,129.04,35.84,8.286,2104.5,0.789,99.3,90
2024-01-05 02:53:00,156.44,34.28,8.237,2259.0,0.806,99.0,130
2024-01-05 02:54:00,155.26,36.1,7.16,2423.5,0.511,99.3,130
2024-01-05 02:55:00,145.24,59.25,8.138,2143.2,0.638,30.8,115
2024-01-05 02:56:00,143.82,34.88,8.142,2234.0,1.092,99.1,115
2024-01-05 02:57:00,133.74,36.92,8.449,2056.5,1.104,95.8,100
2024-01-05 02:58:00,137.26,36.49,7.777,2135.3,2.034,97.9,100
2024-01-05 02:59:00,132.59,47.1,8.532,2251.7,2.314,68.4,100
2024-01-05 03:00:00,129.04,58.95,7.996,2107.8,0.53,25.2,90
2024-01-05 03:01:00,154.62,48.61,8.08,2236.3,2.207,62.9,130
2024-01-05 03:02:00,162.16,35.34,8.411,2268.2,0.76,98.6,130
2024-01-05 03:03:00,143.27,-11.02,7.724,2199.6,1.267,95.9,115
2024-01-05 03:04:00,155.63,47.73,8.53,2243.3,1.532,79.9,130
2024-01-05 03:05:00,154.12,58.43,7.658,2331.8,2.495,36.9,130
2024-01-05 03:06:00,153.02,46.49,8.462,2484.7,0.788,61.3,130
2024-01-05 03:07:00,157.66,46.95,8.106,2265.2,0.584,63.2,130
2024-01-05 03:08:00,152.24,35.6,8.138,2464.4,0.771,97.3,130
2024-01-05 03:09:00,153.31,34.46,6.974,2309.7,0.515,98.7,130
2024-01-05 03:10:00,136.47,47.26,7.964,2175.8,2.182,62.5,100
2024-01-05 03:11:00,146.86,47.03,8.116,2250.9,1.49,61.9,115
2024-01-05 03:12:00,131.52,61.33,8.819,2014.3,1.517,36.0,100
2024-01-05 03:13:00,136.45,36.3,8.186,2186.4,1.277,95.7,100
2024-01-05 03:14:00,155.32,46.78,7.939,2115.4,2.745,62.9,130
2024-01-05 03:15:00,152.71,46.84,8.533,2326.7,0.564,70.5,130
2024-01-05 03:16:00,153.03,47.81,7.998,2323.0,0.716,64.1,130
2024-01-05 03:17:00,129.92,35.73,8.613,2027.2,2.522,95.2,100
2024-01-05 03:18:00,139.29,34.4,8.305,2155.2,0.66,99.2,100
2024-01-05 03:19:00,157.54,37.18,7.84,2286.6,0.606,98.5,130
2024-01-05 03:20:00,151.78,46.21,8.575,2297.7,0.548,74.7,130
2024-01-05 03:21:00,127.0,48.98,8.44,2058.5,1.244,77.9,90
2024-01-05 03:22:00,143.56,60.34,8.558,2182.9,1.235,12.8,115
2024-01-05 03:23:00,137.29,34.99,8.127,2156.1,0.617,96.9,100
2024-01-05 03:24:00,153.76,58.11,8.44,2379.3,1.359,35.2,130
2024-01-05 03:25:00,154.09,36.12,8.968,2290.9,1.565,99.7,130
2024-01-05 03:26:00,134.28,34.26,8.269,2146.0,2.149,99.1,100
2024-01-05 03:27:00,133.36,35.79,8.041,2201.9,1.481,96.6,100
2024-01-05 03:28:00,138.5,48.55,8.818,2331.6,1.437,64.1,100
2024-01-05 03:29:00,147.25,46.09,8.467,2214.6,1.401,75.5,115
2024-01-05 03:30:00,145.27,60.59,8.02,2093.8,0.583,18.4,115
2024-01-05 03:31:00,137.56,34.85,8.894,2078.3,0.577,95.5,100
2024-01-05 03:32:00,150.93,36.41,7.719,2358.2,0.785,98.5,130
2024-01-05 03:33:00,151.93,47.05,8.412,2431.0,0.564,63.9,130
2024-01-05 03:34:00,126.19,46.98,8.659,1994.3,0.58,73.7,90
2024-01-05 03:35:00,156.84,36.47,8.629,2306.5,1.172,98.5,130
2024-01-05 03:36:00,145.7,36.0,7.84,2231.5,1.796,99.5,115
2024-01-05 03:37:00,130.29,46.36,7.704,2088.5,0.5,63.5,100
2024-01-05 03:38:00,122.34,48.43,8.292,2192.8,0.732,70.9,90
2024-01-05 03:39:00,146.04,45.77,8.482,2323.1,1.353,65.1,115
2024-01-05 03:40:00,151.07,60.22,7.769,2257.5,2.223,21.6,115
2024-01-05 03:41:00,138.04,34.84,8.321,2116.4,1.264,98.5,100
2024-01-05 03:42:00,138.94,34.31,7.617,2226.5,0.642,95.3,100
2024-01-05 03:43:00,135.85,34.59,8.624,2191.1,0.622,96.2,100
2024-01-05 03:44:00,145.83,59.96,7.971,2195.0,0.603,15.9,115
2024-01-05 03:45:00,152.42,35.78,8.134,2387.7,0.879,96.9,130
2024-01-05 03:46:00,147.38,47.85,8.546,2259.5,1.263,66.7,115
2024-01-05 03:47:00,124.82,48.18,8.508,1937.1,0.682,74.5,90
2024-01-05 03:48:00,126.73,47.22,8.39,1990.6,1.599,64.6,90
2024-01-05 03:49:00,155.08,59.65,8.612,2203.6,1.973,25.2,130
2024-01-05 03:50:00,145.7,36.33,8.364,2312.5,0.685,97.7,115
2024-01-05 03:51:00,144.78,35.01,8.779,2173.8,1.347,95.8,115
2024-01-05 03:52:00,125.56,45.72,7.516,2120.2,0.867,74.4,90
2024-01-05 03:53:00,137.5,47.75,8.176,2323.7,0.542,72.3,100
2024-01-05 03:54:00,141.83,48.06,8.159,2293.5,1.399,70.6,115
2024-01-05 03:55:00,151.27,59.34,8.112,2276.5,2.113,10.5,130
2024-01-05 03:56:00,146.06,37.07,8.399,2170.5,2.316,99.6,115
2024-01-05 03:57:00,158.6,35.97,8.286,2285.5,2.418,96.8,130
2024-01-05 03:58:00,139.23,60.35,8.53,2067.8,0.513,25.8,100
2024-01-05 03:59:00,131.94,59.59,7.726,2058.4,0.877,30.2,100
2024-01-05 04:00:00,143.99,36.31,9.117,2165.6,0.526,95.8,115
2024-01-05 04:01:00,141.3,34.28,8.044,2272.6,0.539,97.5,115
2024-01-05 04:02:00,123.62,46.73,8.315,2028.3,0.862,69.3,90
2024-01-05 04:03:00,157.81,46.41,8.118,2292.0,1.227,79.5,130
2024-01-05 04:04:00,154.97,34.45,8.232,2347.5,1.424,96.6,130
2024-01-05 04:05:00,124.07,47.69,7.986,2128.2,2.17,60.6,90
2024-01-05 04:06:00,136.36,60.27,8.282,1995.7,2.157,19.1,100
2024-01-05 04:07:00,133.01,36.14,8.432,2012.1,0.71,95.6,100
2024-01-05 04:08:00,158.98,35.28,7.239,2279.1,2.123,96.3,130
2024-01-05 04:09:00,155.02,36.29,8.069,2220.8,0.671,98.2,130
2024-01-05 04:10:00,154.0,35.56,8.053,2378.4,1.017,98.8,130
2024-01-05 04:11:00,156.47,35.12,9.128,2272.9,1.581,96.2,130
2024-01-05 04:12:00,137.35,46.49,8.544,2293.8,0.881,69.2,100
2024-01-05 04:13:00,158.99,45.41,8.8,2271.0,2.172,64.4,130
2024-01-05 04:14:00,134.48,60.93,8.423,2174.7,1.442,14.2,100
2024-01-05 04:15:00,157.72,60.84,8.233,2256.6,2.403,28.5,130
2024-01-05 04:16:00,155.25,37.84,8.346,2349.0,2.563,99.1,130
2024-01-05 04:17:00,123.47,35.23,8.649,2110.8,1.261,99.6,90
2024-01-05 04:18:00,153.06,34.97,8.9,2381.0,0.786,98.2,130
2024-01-05 04:19:00,152.26,34.14,8.321,2299.3,0.553,97.6,130
2024-01-05 04:20:00,153.15,47.77,7.951,2411.6,0.506,62.7,130
2024-01-05 04:21:00,157.79,60.58,8.57,2334.0,0.631,32.3,130
2024-01-05 04:22:00,146.77,36.74,7.859,2178.5,2.39,99.9,115
2024-01-05 04:23:00,151.9,34.77,8.356,2259.1,0.548,97.4,130
2024-01-05 04:24:00,130.63,36.07,8.473,2208.3,2.11,99.6,100
2024-01-05 04:25:00,132.22,35.08,8.157,2251.1,1.294,98.8,100
2024-01-05 04:26:00,143.06,36.57,7.838,2140.2,0.545,96.1,115
2024-01-05 04:27:00,154.24,35.93,8.018,2370.1,0.596,96.1,130
2024-01-05 04:28:00,147.93,58.76,8.073,2111.1,1.007,31.4,115
2024-01-05 04:29:00,153.63,35.4,7.779,2260.6,0.772,96.9,130
2024-01-05 04:30:00,149.2,33.94,8.046,2269.2,1.293,95.1,115
2024-01-05 04:31:00,130.8,46.07,7.619,2082.2,0.579,63.7,100
2024-01-05 04:32:00,154.13,34.62,8.436,2427.3,1.708,96.2,130
2024-01-05 04:33:00,136.96,46.49,8.333,2198.7,0.939,64.9,100
2024-01-05 04:34:00,127.12,35.29,8.306,1975.5,1.385,97.4,90
2024-01-05 04:35:00,134.16,60.13,8.046,2202.4,2.189,18.7,100
2024-01-05 04:36:00,157.5,35.59,8.099,2204.4,0.814,97.7,130
2024-01-05 04:37:00,147.03,59.98,7.868,2230.3,0.718,37.0,115
2024-01-05 04:38:00,123.29,35.77,8.402,2140.2,1.366,97.1,90
2024-01-05 04:39:00,155.79,59.0,7.657,2366.7,2.368,17.7,130
2024-01-05 04:40:00,136.76,47.06,8.234,2143.1,0.529,65.6,100
2024-01-05 04:41:00,153.47,48.15,7.947,2282.5,1.032,69.2,130
2024-01-05 04:42:00,159.24,35.37,8.903,2217.4,1.222,98.0,130
2024-01-05 04:43:00,132.91,47.4,8.411,2164.6,0.588,63.9,100
2024-01-05 04:44:00,135.36,60.32,8.2,2214.4,1.087,19.0,100
2024-01-05 04:45:00,131.88,36.19,7.758,2315.2,0.818,99.9,100
2024-01-05 04:46:00,125.26,47.23,7.655,2033.5,1.766,75.5,90
2024-01-05 04:47:00,152.33,36.18,8.398,2377.7,0.999,95.6,130
2024-01-05 04:48:00,154.26,60.41,8.92,2371.2,0.545,26.5,130
2024-01-05 04:49:00,121.03,36.03,8.364,2031.9,0.56,97.1,90
2024-01-05 04:50:00,157.0,47.35,8.27,2367.7,2.16,62.9,130
2024-01-05 04:51:00,135.89,59.19,8.276,2084.7,0.52,35.0,100
2024-01-05 04:52:00,147.72,34.56,8.241,2250.6,2.201,99.8,115
2024-01-05 04:53:00,154.13,35.22,8.281,2293.1,1.29,95.8,130
2024-01-05 04:54:00,157.83,36.74,7.926,2345.5,0.584,96.4,130
2024-01-05 04:55:00,145.1,46.86,7.811,2271.9,0.586,65.6,115
2024-01-05 04:56:00,125.28,47.25,8.244,2027.7,1.213,67.4,90
2024-01-05 04:57:00,140.29,45.43,8.797,2149.2,1.241,79.4,100
2024-01-05 04:58:00,143.79,35.65,8.511,2219.7,1.27,98.7,115
2024-01-05 04:59:00,148.07,47.07,7.707,2142.8,1.64,78.2,115
2024-01-05 05:00:00,156.2,44.86,8.098,2280.4,1.722,62.6,130
2024-01-05 05:01:00,153.57,47.23,8.492,2263.7,0.567,64.8,130
2024-01-05 05:02:00,141.71,45.68,8.807,2139.8,2.337,63.3,115
2024-01-05 05:03:00,152.42,46.42,8.917,2245.7,1.58,67.5,130
2024-01-05 05:04:00,157.83,36.3,8.116,2289.3,0.641,98.7,130
2024-01-05 05:05:00,149.34,47.13,8.53,2234.4,1.482,65.9,115
2024-01-05 05:06:00,145.23,35.14,8.3,2130.5,1.945,98.3,115
2024-01-05 05:07:00,155.36,59.57,8.152,2406.0,0.535,35.0,130
2024-01-05 05:08:00,146.94,,8.225,2279.1,0.515,98.4,115
2024-01-05 05:09:00,145.18,35.63,8.23,2223.2,0.704,99.4,115
2024-01-05 05:10:00,157.75,59.04,8.67,2212.5,0.642,27.0,130
2024-01-05 05:11:00,125.73,36.4,7.638,2053.0,0.57,98.6,90
2024-01-05 05:12:00,155.34,46.08,8.387,2288.1,0.997,68.4,130
2024-01-05 05:13:00,123.25,34.12,8.816,1983.6,0.874,98.5,90
2024-01-05 05:14:00,152.64,36.29,8.773,2217.1,0.561,96.6,130
2024-01-05 05:15:00,117.1,46.65,8.428,2131.3,2.398,68.4,90
2024-01-05 05:16:00,158.09,47.06,7.897,2284.1,0.853,62.3,130
2024-01-05 05:17:00,134.63,47.52,8.511,2220.8,0.579,69.3,100
2024-01-05 05:18:00,154.0,59.42,8.73,2308.9,0.521,16.2,130
2024-01-05 05:19:00,130.12,60.11,7.994,2210.1,1.58,33.3,100
2024-01-05 05:20:00,143.4,60.52,8.343,2287.5,0.52,23.1,115
2024-01-05 05:21:00,153.07,48.31,8.118,2347.3,0.63,78.1,130
2024-01-05 05:22:00,133.01,35.09,7.954,2244.6,0.543,99.3,100
2024-01-05 05:23:00,155.83,59.63,8.074,2318.0,2.625,27.0,130
2024-01-05 05:24:00,125.31,60.45,8.251,1950.4,1.223,33.5,90
2024-01-05 05:25:00,151.6,35.67,7.833,2203.2,0.525,95.4,130
2024-01-05 05:26:00,141.76,46.89,7.767,2177.8,0.742,71.0,115
2024-01-05 05:27:00,131.75,61.27,7.844,2209.4,0.546,12.4,100
2024-01-05 05:28:00,159.53,58.65,8.331,2278.0,0.528,34.0,130
2024-01-05 05:29:00,158.73,34.36,7.614,2326.4,1.237,98.2,130
2024-01-05 05:30:00,132.87,34.16,7.313,2192.9,0.681,99.2,100
2024-01-05 05:31:00,130.06,47.96,8.749,2163.2,1.25,65.0,100
2024-01-05 05:32:00,125.32,35.91,7.795,1886.7,0.595,95.0,90
2024-01-05 05:33:00,155.12,45.9,8.122,2215.0,1.579,65.7,130
2024-01-05 05:34:00,145.79,35.4,8.569,2371.3,0.539,97.3,115
2024-01-05 05:35:00,156.85,35.48,7.625,2336.1,0.85,95.3,130
2024-01-05 05:36:00,156.13,33.73,7.624,2094.0,1.499,97.9,130
2024-01-05 05:37:00,132.21,47.15,7.947,2155.6,0.856,69.5,100
2024-01-05 05:38:00,155.74,59.06,8.585,2454.2,1.285,35.2,130
2024-01-05 05:39:00,147.13,47.57,8.191,2251.9,2.228,65.5,115
2024-01-05 05:40:00,143.19,34.58,8.197,2233.6,0.746,98.4,115
2024-01-05 05:41:00,135.75,47.18,8.082,2003.7,2.108,76.3,100
2024-01-05 05:42:00,123.62,36.54,8.425,2048.3,0.718,98.1,90
2024-01-05 05:43:00,139.99,36.28,8.773,2018.5,0.526,99.8,100
2024-01-05 05:44:00,141.68,60.41,9.394,2132.2,1.268,19.1,115
2024-01-05 05:45:00,137.89,,8.141,2033.9,1.532,98.1,100
2024-01-05 05:46:00,140.82,34.3,8.81,2369.2,0.702,97.9,115
2024-01-05 05:47:00,159.48,35.15,8.6,2368.2,1.394,96.7,130
2024-01-05 05:48:00,152.15,35.32,8.307,2422.1,2.151,96.6,130
2024-01-05 05:49:00,155.47,35.26,7.316,2204.1,0.72,99.6,130
2024-01-05 05:50:00,140.93,45.77,8.049,2245.3,2.128,77.7,115
2024-01-05 05:51:00,131.63,35.85,8.065,2069.4,1.869,97.3,100
2024-01-05 05:52:00,157.24,59.06,8.344,2237.9,2.158,36.9,130
2024-01-05 05:53:00,157.57,36.74,8.121,2347.6,0.851,95.6,130
2024-01-05 05:54:00,125.6,35.62,7.975,2084.3,1.706,99.7,90
2024-01-05 05:55:00,136.85,47.78,9.012,2172.9,0.538,70.9,100
2024-01-05 05:56:00,137.61,36.27,8.723,2049.5,2.102,96.7,100
2024-01-05 05:57:00,153.29,48.66,7.391,2320.2,1.615,73.4,130
2024-01-05 05:58:00,151.5,47.15,8.088,2337.8,0.789,69.2,130
2024-01-05 05:59:00,154.97,46.69,8.452,2256.0,0.534,77.2,130
2024-01-05 06:00:00,,35.2,8.732,2288.2,2.455,97.8,130
2024-01-05 06:01:00,155.97,36.7,8.032,2178.4,1.533,96.7,130
2024-01-05 06:02:00,146.37,34.44,8.114,2057.5,0.624,97.1,115
2024-01-05 06:03:00,153.3,59.3,8.238,2470.7,1.087,13.7,130
2024-01-05 06:04:00,156.76,35.69,8.465,2326.4,2.275,98.4,130
2024-01-05 06:05:00,156.64,35.38,7.586,2281.3,0.617,95.9,130
2024-01-05 06:06:00,146.81,47.77,7.394,2293.9,0.503,67.6,115
2024-01-05 06:07:00,143.98,58.93,8.702,2160.4,2.711,36.6,115
2024-01-05 06:08:00,146.95,46.95,7.804,2238.8,0.527,79.7,115
2024-01-05 06:09:00,156.3,35.35,9.049,2398.5,0.57,99.6,130
2024-01-05 06:10:00,156.6,34.64,7.855,2221.8,0.761,97.9,130
2024-01-05 06:11:00,159.19,36.2,8.126,2270.6,2.101,98.4,130
2024-01-05 06:12:00,155.82,46.93,8.347,2199.5,0.656,69.3,130
2024-01-05 06:13:00,123.48,35.39,7.347,2136.8,1.235,96.2,90
2024-01-05 06:14:00,122.22,59.34,9.346,2086.4,2.105,20.8,90
2024-01-05 06:15:00,147.82,46.7,8.042,2323.7,0.705,68.7,115
2024-01-05 06:16:00,125.89,34.68,7.865,2137.4,2.285,95.5,90
2024-01-05 06:17:00,149.18,60.69,7.733,2209.1,0.765,33.1,115
2024-01-05 06:18:00,149.93,36.33,8.345,2342.9,1.393,98.3,130
2024-01-05 06:19:00,127.28,48.34,8.316,2103.7,0.617,67.9,90
2024-01-05 06:20:00,154.35,35.85,7.747,2368.7,1.33,99.6,130
2024-01-05 06:21:00,134.12,46.73,7.651,2267.3,0.55,70.5,100
2024-01-05 06:22:00,153.09,35.12,8.622,2222.8,0.517,96.8,130
2024-01-05 06:23:00,157.25,60.39,7.938,2159.9,2.494,25.8,130
2024-01-05 06:24:00,146.53,60.16,7.512,2145.9,0.735,26.7,115
2024-01-05 06:25:00,142.14,35.36,8.141,2267.8,2.126,96.7,115
2024-01-05 06:26:00,155.41,46.79,8.039,2343.1,0.561,67.9,130
2024-01-05 06:27:00,156.77,36.44,8.98,2264.5,0.898,97.5,130
2024-01-05 06:28:00,155.45,35.15,7.991,2288.3,2.743,98.7,130
2024-01-05 06:29:00,127.77,48.08,8.077,2003.3,0.813,64.3,90
2024-01-05 06:30:00,134.27,47.15,8.288,2141.4,2.269,71.9,100
2024-01-05 06:31:00,139.36,35.21,7.972,2174.5,0.907,97.1,115
2024-01-05 06:32:00,155.47,34.87,8.376,2440.9,0.697,96.4,130
2024-01-05 06:33:00,135.45,35.38,7.793,2255.8,1.44,96.7,100
2024-01-05 06:34:00,155.78,47.4,8.104,2367.9,0.851,72.5,130
2024-01-05 06:35:00,157.77,35.2,8.363,2312.5,0.587,97.8,130
2024-01-05 06:36:00,,60.68,8.655,2401.1,1.507,31.6,130
2024-01-05 06:37:00,124.4,35.16,7.966,2077.9,0.546,97.5,90
2024-01-05 06:38:00,152.69,35.4,7.961,2322.9,0.543,99.8,130
2024-01-05 06:39:00,151.98,58.97,8.816,2171.8,2.434,24.9,130
2024-01-05 06:40:00,144.82,47.45,7.979,2250.9,2.266,60.3,115
2024-01-05 06:41:00,156.75,59.79,8.177,2206.7,0.607,12.7,130
2024-01-05 06:42:00,145.75,48.26,8.885,2197.8,1.348,63.3,115
2024-01-05 06:43:00,143.28,36.06,8.227,2243.5,1.963,95.1,115
2024-01-05 06:44:00,144.64,47.07,8.101,2158.1,1.649,69.2,115
2024-01-05 06:45:00,157.32,60.98,8.131,2348.3,0.642,22.5,130
2024-01-05 06:46:00,156.71,47.32,7.904,2394.1,2.258,76.4,130
2024-01-05 06:47:00,133.62,36.31,8.38,2079.3,0.691,97.8,100
2024-01-05 06:48:00,123.46,34.81,7.83,2079.4,1.513,97.2,90
2024-01-05 06:49:00,150.71,47.37,8.511,2210.3,2.514,60.7,130
2024-01-05 06:50:00,153.93,60.4,8.206,2216.6,1.232,33.3,130
2024-01-05 06:51:00,150.66,34.26,8.294,2334.8,2.298,98.1,130
2024-01-05 06:52:00,150.17,36.71,8.892,2287.1,0.552,97.9,115
2024-01-05 06:53:00,132.86,46.07,7.62,2029.3,0.694,70.5,100
2024-01-05 06:54:00,157.77,58.96,8.21,2473.9,2.138,27.8,130
2024-01-05 06:55:00,139.55,57.72,8.455,2110.2,0.83,33.3,100
2024-01-05 06:56:00,135.54,60.38,7.954,2166.6,1.416,10.2,100
2024-01-05 06:57:00,124.75,34.19,8.58,2027.3,0.902,95.8,90
2024-01-05 06:58:00,151.69,35.09,7.982,2287.2,1.778,99.8,130
2024-01-05 06:59:00,153.74,47.67,8.317,2431.5,1.743,75.3,130
2024-01-05 07:00:00,159.01,35.65,8.151,2430.4,0.531,99.2,130
2024-01-05 07:01:00,125.88,46.5,8.265,1938.0,0.595,61.0,90
2024-01-05 07:02:00,135.07,34.23,8.23,2104.9,1.332,98.3,100
2024-01-05 07:03:00,148.28,35.41,8.187,2466.1,0.811,98.5,115
2024-01-05 07:04:00,156.74,,8.011,2275.4,1.203,27.0,130
2024-01-05 07:05:00,,47.56,7.934,2343.8,1.719,72.8,130
2024-01-05 07:06:00,155.54,36.93,8.326,2400.9,0.605,95.2,130
2024-01-05 07:07:00,143.08,59.48,8.221,2298.3,1.399,11.1,115
2024-01-05 07:08:00,153.6,45.95,7.923,2084.6,1.289,77.4,130
2024-01-05 07:09:00,154.48,47.25,8.337,2336.7,0.929,78.3,130
2024-01-05 07:10:00,136.39,35.67,8.015,2289.9,0.59,97.5,100
2024-01-05 07:11:00,151.88,47.0,8.822,2312.4,1.333,69.0,130
2024-01-05 07:12:00,145.19,34.9,9.196,2146.7,2.394,97.9,115
2024-01-05 07:13:00,154.03,44.88,8.756,2228.2,0.772,69.9,130
2024-01-05 07:14:00,132.75,34.69,8.733,2134.1,0.744,97.1,100
2024-01-05 07:15:00,144.04,35.95,8.526,2284.0,0.502,95.8,115
2024-01-05 07:16:00,119.2,35.73,8.116,2301.2,1.244,96.6,90
2024-01-05 07:17:00,143.11,47.77,7.44,2206.8,0.55,76.3,115
2024-01-05 07:18:00,122.25,35.78,7.79,2115.0,1.258,98.4,90
2024-01-05 07:19:00,124.3,36.09,7.929,1946.4,0.52,95.8,90
2024-01-05 07:20:00,139.3,47.61,8.683,2095.2,2.429,60.5,115
2024-01-05 07:21:00,125.48,60.02,8.302,2030.2,1.283,22.2,90
2024-01-05 07:22:00,157.27,60.02,7.936,2345.6,2.399,10.8,130
2024-01-05 07:23:00,154.71,57.67,7.462,2303.1,1.036,14.4,130
2024-01-05 07:24:00,156.25,34.97,9.127,2314.3,1.275,96.0,130
2024-01-05 07:25:00,143.72,46.51,8.413,2208.0,1.321,60.4,115
2024-01-05 07:26:00,131.11,46.91,8.563,2147.8,1.218,78.0,100
2024-01-05 07:27:00,135.0,34.76,7.986,2126.5,0.57,100.0,100
2024-01-05 07:28:00,156.7,47.75,8.145,2202.0,2.258,69.8,130
2024-01-05 07:29:00,141.69,46.29,8.062,2110.7,0.54,67.5,115
2024-01-05 07:30:00,153.84,60.88,8.226,2418.8,0.654,25.8,130
2024-01-05 07:31:00,134.38,34.73,8.938,2084.1,0.575,95.3,100
2024-01-05 07:32:00,162.13,35.02,7.718,2290.8,2.122,96.8,130
2024-01-05 07:33:00,125.56,34.96,8.183,2165.2,1.294,97.3,90
2024-01-05 07:34:00,150.24,46.6,8.344,2288.4,0.508,64.3,130
2024-01-05 07:35:00,149.62,36.44,8.153,2380.2,0.628,99.9,130
2024-01-05 07:36:00,126.83,59.74,8.598,1999.0,1.281,26.3,90
2024-01-05 07:37:00,151.21,59.76,7.506,2354.4,0.592,39.6,115
2024-01-05 07:38:00,154.3,59.41,8.954,2328.2,2.193,35.3,130
2024-01-05 07:39:00,144.15,35.29,7.652,2227.9,2.526,96.5,115
2024-01-05 07:40:00,156.08,47.17,7.748,2296.8,0.638,68.7,130
2024-01-05 07:41:00,123.0,46.83,8.02,2131.2,0.558,66.4,90
2024-01-05 07:42:00,138.64,59.88,7.941,2248.9,2.415,39.6,115
2024-01-05 07:43:00,157.59,47.81,8.37,2054.2,0.617,75.3,130
2024-01-05 07:44:00,143.47,35.72,8.323,2194.2,0.531,96.7,115
2024-01-05 07:45:00,157.63,46.08,8.245,2335.8,1.8,78.1,130
2024-01-05 07:46:00,133.1,35.43,7.633,2072.5,0.506,98.0,100
2024-01-05 07:47:00,125.3,46.57,8.144,2029.7,2.347,72.2,90
2024-01-05 07:48:00,127.14,35.92,8.208,2039.0,1.576,99.8,90
2024-01-05 07:49:00,157.68,35.58,8.693,2437.6,2.187,98.9,130
2024-01-05 07:50:00,155.58,47.9,8.28,2357.8,0.534,71.2,130
2024-01-05 07:51:00,155.46,46.41,8.353,2336.3,0.615,77.6,130
2024-01-05 07:52:00,136.55,35.35,8.985,2056.7,2.232,95.2,100
2024-01-05 07:53:00,146.16,34.65,7.736,2175.2,3.725,96.8,115
2024-01-05 07:54:00,141.77,46.97,8.045,2298.0,1.204,61.3,115
2024-01-05 07:55:00,121.82,45.77,7.746,2122.8,0.713,70.7,90
2024-01-05 07:56:00,149.73,35.76,8.843,2196.4,1.526,98.2,130
2024-01-05 07:57:00,156.92,35.46,8.87,2422.0,0.692,100.0,130
2024-01-05 07:58:00,154.01,47.12,8.811,2241.1,1.399,60.9,130
2024-01-05 07:59:00,157.05,47.63,8.419,2338.7,1.616,60.4,130
2024-01-05 08:00:00,156.01,47.18,8.352,2528.7,1.367,76.2,130
2024-01-05 08:01:00,142.49,34.48,8.017,2196.5,1.627,98.2,115
2024-01-05 08:02:00,154.7,46.56,8.508,2323.4,1.247,63.1,130
2024-01-05 08:03:00,153.86,35.44,7.687,2265.3,0.645,98.4,130
2024-01-05 08:04:00,133.48,46.74,7.686,2164.0,0.507,77.5,100
2024-01-05 08:05:00,157.29,46.84,8.032,2424.0,1.525,64.9,130
2024-01-05 08:06:00,141.28,48.3,8.955,2134.4,0.8,73.7,100
2024-01-05 08:07:00,157.79,35.58,7.995,2286.5,0.655,96.2,130
2024-01-05 08:08:00,144.93,35.81,8.049,2318.3,0.601,99.1,115
2024-01-05 08:09:00,128.15,45.39,8.315,1968.9,0.592,75.8,90
2024-01-05 08:10:00,159.28,36.1,8.559,2316.6,2.145,97.7,130
2024-01-05 08:11:00,141.52,37.78,8.701,2171.8,0.612,97.9,115
2024-01-05 08:12:00,128.06,48.08,7.752,2051.0,1.272,72.1,90
2024-01-05 08:13:00,146.92,46.65,8.161,2159.0,1.372,63.7,115
2024-01-05 08:14:00,157.97,48.82,8.29,2195.7,0.809,68.9,130
2024-01-05 08:15:00,157.03,47.02,8.33,2133.3,2.337,67.9,130
2024-01-05 08:16:00,134.43,35.75,8.546,2113.8,0.644,99.9,100
2024-01-05 08:17:00,130.08,46.79,8.528,2088.2,2.694,62.0,90
2024-01-05 08:18:00,155.85,35.27,8.21,2375.1,0.544,95.9,130
2024-01-05 08:19:00,153.91,45.2,8.661,2203.2,0.704,71.5,130
2024-01-05 08:20:00,156.26,36.13,8.588,2322.2,0.518,98.5,130
2024-01-05 08:21:00,157.43,46.76,8.555,2354.7,0.724,79.0,130
2024-01-05 08:22:00,155.24,59.85,7.988,2338.8,2.358,18.2,130
2024-01-05 08:23:00,155.98,47.22,8.485,2330.6,0.805,77.1,130
2024-01-05 08:24:00,155.22,59.67,8.681,2137.0,1.418,28.4,130
2024-01-05 08:25:00,153.35,35.71,7.994,2300.4,0.526,96.0,130
2024-01-05 08:26:00,122.95,47.96,8.253,2063.4,2.109,69.0,90
2024-01-05 08:27:00,151.49,35.82,8.826,2353.6,1.451,97.6,130
2024-01-05 08:28:00,158.8,46.88,8.359,2421.0,0.82,70.2,130
2024-01-05 08:29:00,154.44,59.9,8.165,2289.3,0.507,12.3,130
2024-01-05 08:30:00,116.43,47.16,8.785,2042.4,1.232,66.1,90
2024-01-05 08:31:00,135.99,34.83,8.012,2160.4,0.812,99.9,100
2024-01-05 08:32:00,135.94,35.67,7.522,2151.7,1.187,95.7,100
2024-01-05 08:33:00,150.33,47.55,7.888,2344.6,1.347,72.3,130
2024-01-05 08:34:00,132.92,47.07,8.654,2192.3,2.133,78.5,100
2024-01-05 08:35:00,142.81,59.66,8.408,2215.9,2.178,39.8,115
2024-01-05 08:36:00,153.14,35.27,8.227,2349.9,1.504,98.2,130
2024-01-05 08:37:00,148.03,36.02,8.624,2212.5,1.357,95.6,115
2024-01-05 08:38:00,134.63,46.12,8.267,2034.0,2.112,69.7,100
2024-01-05 08:39:00,133.93,34.85,8.111,2057.5,1.274,96.1,100
2024-01-05 08:40:00,127.81,58.71,8.534,1883.2,0.78,31.8,90
2024-01-05 08:41:00,126.24,35.53,8.047,2203.0,2.179,99.0,90
2024-01-05 08:42:00,150.65,60.69,8.396,2412.8,0.613,14.1,130
2024-01-05 08:43:00,143.46,36.57,7.882,2312.8,0.971,98.6,115
2024-01-05 08:44:00,155.8,48.24,7.778,2292.7,2.035,72.3,130
2024-01-05 08:45:00,122.67,34.95,7.854,2148.1,0.783,98.7,90
2024-01-05 08:46:00,160.07,35.7,8.19,2381.8,0.555,99.0,130
2024-01-05 08:47:00,125.28,35.18,7.941,1953.7,0.556,97.9,90
2024-01-05 08:48:00,153.12,36.82,7.952,2247.1,1.273,96.8,130
2024-01-05 08:49:00,152.19,36.54,8.139,2353.0,2.135,96.2,130
2024-01-05 08:50:00,157.32,60.13,8.171,2270.9,0.539,25.8,130
2024-01-05 08:51:00,153.38,46.5,7.58,2253.4,0.559,79.4,130
2024-01-05 08:52:00,125.95,44.24,7.191,2135.9,0.716,69.9,90
2024-01-05 08:53:00,152.12,34.35,8.36,2243.7,1.39,98.9,130
2024-01-05 08:54:00,145.18,45.52,8.256,2428.5,1.283,62.8,115
2024-01-05 08:55:00,153.41,34.34,7.652,2437.5,0.544,99.9,130
2024-01-05 08:56:00,154.21,37.0,8.375,2292.9,0.696,98.4,130
2024-01-05 08:57:00,153.01,45.96,8.374,2410.0,1.228,60.6,130
2024-01-05 08:58:00,157.56,46.15,8.079,2324.9,1.232,70.4,130
2024-01-05 08:59:00,123.77,46.26,8.984,2036.7,0.597,68.0,90
2024-01-05 09:00:00,144.64,49.08,8.708,2388.2,0.668,72.2,115
2024-01-05 09:01:00,154.76,46.95,8.04,2341.2,0.761,70.9,130
2024-01-05 09:02:00,149.03,60.8,8.048,2158.4,2.332,12.3,115
2024-01-05 09:03:00,157.23,35.64,7.617,2346.8,2.195,98.7,130
2024-01-05 09:04:00,156.98,33.91,8.69,2444.2,1.413,98.3,130
2024-01-05 09:05:00,141.06,48.23,8.299,2230.2,2.147,79.4,115
2024-01-05 09:06:00,153.36,47.32,8.529,2326.8,1.336,65.5,130
2024-01-05 09:07:00,137.97,59.9,7.346,2126.0,2.291,25.9,100
2024-01-05 09:08:00,142.07,36.91,8.511,2258.2,0.773,97.8,115
2024-01-05 09:09:00,135.21,35.22,7.996,2071.8,0.517,97.7,100
2024-01-05 09:10:00,122.34,59.88,8.434,2006.4,1.221,36.5,90
2024-01-05 09:11:00,152.59,59.72,8.408,2282.6,1.215,20.9,130
2024-01-05 09:12:00,159.2,36.36,8.192,2323.4,0.658,99.2,130
2024-01-05 09:13:00,156.8,36.15,7.921,2399.0,0.669,98.9,130
2024-01-05 09:14:00,157.46,60.22,8.36,2298.2,0.502,24.2,130
2024-01-05 09:15:00,136.96,34.66,7.866,2216.2,0.714,99.2,100
2024-01-05 09:16:00,134.65,46.7,8.62,2114.8,0.788,63.6,100
2024-01-05 09:17:00,143.27,46.16,7.911,2277.1,1.225,71.7,115
2024-01-05 09:18:00,143.99,36.43,8.209,2325.9,2.182,99.1,115
2024-01-05 09:19:00,154.52,34.24,7.902,2300.8,1.579,98.3,130
2024-01-05 09:20:00,149.44,48.28,8.263,2258.1,2.332,64.5,115
2024-01-05 09:21:00,131.66,36.53,7.787,2103.1,2.173,97.8,100
2024-01-05 09:22:00,143.62,46.27,7.876,2276.9,0.771,60.8,115
2024-01-05 09:23:00,152.72,35.17,9.118,2085.9,0.937,99.1,130
2024-01-05 09:24:00,137.64,46.43,8.538,2019.9,0.574,65.1,100
2024-01-05 09:25:00,159.63,35.84,8.348,2355.8,2.331,96.8,130
2024-01-05 09:26:00,145.77,36.63,8.406,2099.1,0.52,97.8,115
2024-01-05 09:27:00,145.98,60.95,8.322,2190.9,1.212,37.9,115
2024-01-05 09:28:00,155.23,35.15,8.164,2422.3,0.677,97.4,130
2024-01-05 09:29:00,136.09,36.5,8.503,2219.1,2.236,95.6,100
2024-01-05 09:30:00,126.93,36.44,7.869,2261.6,0.832,98.4,90
2024-01-05 09:31:00,156.06,46.85,8.838,2316.0,2.403,68.3,130
2024-01-05 09:32:00,126.25,35.49,8.248,2063.4,0.568,99.2,90
2024-01-05 09:33:00,146.94,36.73,8.521,2230.8,0.644,99.3,115
2024-01-05 09:34:00,130.55,47.85,8.829,2076.0,1.482,78.1,100
2024-01-05 09:35:00,125.01,36.48,8.396,2052.9,2.163,95.2,90
2024-01-05 09:36:00,145.76,62.07,7.876,2129.2,1.29,23.9,115
2024-01-05 09:37:00,136.04,60.44,8.688,2243.8,2.112,17.9,100
2024-01-05 09:38:00,154.57,47.26,8.878,2369.1,1.228,76.8,130
2024-01-05 09:39:00,155.4,36.59,7.421,2217.2,1.388,99.9,130
2024-01-05 09:40:00,133.2,37.09,8.159,2096.8,0.637,99.6,100
2024-01-05 09:41:00,120.56,59.51,8.317,2101.2,0.537,26.4,90
2024-01-05 09:42:00,127.46,35.34,8.094,2091.7,0.501,95.3,90
2024-01-05 09:43:00,142.16,59.19,7.702,2146.0,2.137,36.6,115
2024-01-05 09:44:00,144.6,60.27,7.847,2235.3,2.377,37.3,115
2024-01-05 09:45:00,153.13,60.71,7.46,2355.7,1.22,31.3,130
2024-01-05 09:46:00,128.97,46.24,8.582,2118.0,0.603,66.5,90
2024-01-05 09:47:00,154.8,36.41,8.749,2444.8,0.555,95.4,130
2024-01-05 09:48:00,134.22,35.14,8.744,2170.0,2.259,96.0,100
2024-01-05 09:49:00,146.87,35.07,8.188,2130.7,0.643,96.6,115
2024-01-05 09:50:00,150.39,60.9,8.309,2144.8,2.914,27.4,115
2024-01-05 09:51:00,156.01,46.5,8.628,2410.5,0.796,70.0,130
2024-01-05 09:52:00,124.06,45.88,8.107,2198.9,1.057,63.8,90
2024-01-05 09:53:00,146.74,47.59,7.82,2227.2,2.273,62.2,115
2024-01-05 09:54:00,121.07,59.89,7.972,2100.6,0.768,12.1,90
2024-01-05 09:55:00,155.12,36.46,8.27,2317.4,0.951,95.6,130
2024-01-05 09:56:00,149.98,47.67,7.915,2206.2,2.108,64.9,115
2024-01-05 09:57:00,135.39,34.1,8.389,2030.7,1.694,99.9,100
2024-01-05 09:58:00,135.27,48.05,7.658,2188.2,1.248,75.1,100
2024-01-05 09:59:00,125.05,61.52,8.103,2212.6,1.444,27.5,90
2024-01-05 10:00:00,154.01,36.33,8.362,2323.6,0.797,95.9,130
2024-01-05 10:01:00,155.79,60.86,8.253,2285.8,0.523,19.7,130
2024-01-05 10:02:00,146.94,35.3,7.906,2195.5,1.112,98.1,115
2024-01-05 10:03:00,154.17,35.12,8.494,2349.8,1.022,97.3,130
2024-01-05 10:04:00,118.77,60.17,8.305,2162.1,0.713,29.7,90
2024-01-05 10:05:00,156.16,36.24,7.364,2352.6,1.234,96.2,130
2024-01-05 10:06:00,150.33,47.72,8.382,2080.4,0.667,60.5,115
2024-01-05 10:07:00,154.06,59.65,8.031,2449.4,1.284,35.6,130
2024-01-05 10:08:00,141.32,35.07,7.99,2296.7,1.034,97.4,115
2024-01-05 10:09:00,156.69,45.81,7.868,2295.6,0.604,70.6,130
2024-01-05 10:10:00,159.36,36.02,7.799,2267.6,0.737,99.9,130
2024-01-05 10:11:00,156.32,35.19,8.283,2274.3,2.303,95.2,130
2024-01-05 10:12:00,159.31,35.26,8.418,2379.0,0.563,99.0,130
2024-01-05 10:13:00,126.98,48.38,8.261,1912.0,1.353,68.4,90
2024-01-05 10:14:00,156.77,47.48,8.58,2351.1,1.306,79.5,130
2024-01-05 10:15:00,143.7,35.76,8.433,2252.4,0.594,98.8,115
2024-01-05 10:16:00,125.71,60.66,7.397,2091.3,1.599,10.3,90
2024-01-05 10:17:00,134.93,48.14,7.833,2057.0,2.13,73.4,100
2024-01-05 10:18:00,124.84,45.71,8.675,1933.7,1.306,64.6,90
2024-01-05 10:19:00,124.37,59.55,7.692,2249.6,0.501,19.6,90
2024-01-05 10:20:00,145.56,46.81,7.106,2240.6,1.261,73.8,115
2024-01-05 10:21:00,131.76,34.72,8.933,2304.9,1.394,100.0,100
2024-01-05 10:22:00,157.03,35.29,8.319,2382.3,0.518,95.3,130
2024-01-05 10:23:00,142.81,58.76,7.927,2239.0,0.563,39.5,115
2024-01-05 10:24:00,134.37,60.74,7.861,2168.6,0.924,24.1,100
2024-01-05 10:25:00,145.83,46.59,8.452,2316.4,0.735,74.9,115
2024-01-05 10:26:00,132.68,35.66,8.391,2245.4,0.515,99.6,100
2024-01-05 10:27:00,130.08,60.04,8.331,2188.1,1.475,36.8,100
2024-01-05 10:28:00,154.04,35.95,8.125,2397.4,1.081,96.3,130
2024-01-05 10:29:00,121.42,58.03,7.688,2161.2,2.131,34.8,90
2024-01-05 10:30:00,146.78,35.86,8.186,2256.4,1.71,96.6,115
2024-01-05 10:31:00,152.12,46.78,8.626,2261.7,2.26,74.8,130
2024-01-05 10:32:00,128.71,35.83,7.983,2109.8,1.73,98.1,90
2024-01-05 10:33:00,144.99,46.06,8.44,2170.1,1.189,75.4,115
2024-01-05 10:34:00,135.15,35.83,8.038,2119.6,0.737,98.5,100
2024-01-05 10:35:00,140.05,48.04,8.52,2261.8,2.169,76.6,115
2024-01-05 10:36:00,155.36,35.65,7.808,2303.7,1.017,99.9,130
2024-01-05 10:37:00,134.8,34.93,8.205,2255.2,0.67,95.8,100
2024-01-05 10:38:00,141.75,59.46,8.383,2177.2,0.584,39.0,115
2024-01-05 10:39:00,155.22,35.96,7.93,2139.7,0.623,98.7,130
2024-01-05 10:40:00,154.01,35.96,8.345,2414.8,0.604,97.9,130
2024-01-05 10:41:00,124.46,60.29,8.188,2073.8,1.048,31.3,90
2024-01-05 10:42:00,155.06,46.97,8.182,2317.6,0.843,63.6,130
2024-01-05 10:43:00,123.82,60.16,7.929,2006.9,1.206,38.6,90
2024-01-05 10:44:00,155.62,35.45,8.599,2159.3,0.502,97.5,130
2024-01-05 10:45:00,144.78,35.2,7.822,2164.5,1.214,98.5,115
2024-01-05 10:46:00,126.18,60.61,8.312,2115.6,1.389,28.4,90
2024-01-05 10:47:00,153.68,47.25,7.86,2293.9,1.537,68.1,130
2024-01-05 10:48:00,142.34,36.53,8.174,2203.4,0.645,99.3,115
2024-01-05 10:49:00,133.23,36.39,8.457,2014.1,1.353,96.7,100
2024-01-05 10:50:00,138.61,47.22,8.084,2294.9,0.555,79.9,100
2024-01-05 10:51:00,147.39,35.98,6.97,2225.3,0.623,97.4,115
2024-01-05 10:52:00,148.03,46.23,7.662,2417.4,1.259,70.1,115
2024-01-05 10:53:00,138.21,46.94,7.337,2179.3,0.564,62.5,100
2024-01-05 10:54:00,133.83,35.77,8.227,2274.1,0.599,96.3,100
2024-01-05 10:55:00,135.74,45.73,8.198,2092.6,0.51,72.8,100
2024-01-05 10:56:00,155.19,47.34,8.06,2188.8,1.12,78.4,130
2024-01-05 10:57:00,126.65,46.23,7.949,2055.1,0.991,69.8,90
2024-01-05 10:58:00,144.28,34.82,8.288,2274.8,2.418,97.4,115
2024-01-05 10:59:00,155.23,35.08,7.621,2363.5,0.668,95.6,130
2024-01-05 11:00:00,155.18,46.98,8.582,2341.6,0.835,79.0,130
2024-01-05 11:01:00,156.33,45.94,8.23,2493.3,1.931,66.8,130
2024-01-05 11:02:00,156.64,47.69,7.822,2341.3,1.267,77.2,130
2024-01-05 11:03:00,155.23,35.64,8.033,2285.2,2.191,99.4,130
2024-01-05 11:04:00,155.31,48.54,8.147,2291.3,2.361,74.8,130
2024-01-05 11:05:00,135.56,35.74,7.648,2085.6,1.406,95.4,100
2024-01-05 11:06:00,159.12,47.46,8.468,2333.5,2.448,71.1,130
2024-01-05 11:07:00,150.68,46.32,8.586,2396.5,0.585,66.6,130
2024-01-05 11:08:00,152.58,59.05,8.247,2422.7,1.274,39.4,130
2024-01-05 11:09:00,156.68,47.5,8.576,2286.3,2.276,70.5,130
2024-01-05 11:10:00,155.67,34.63,9.26,2305.8,1.232,98.3,130
2024-01-05 11:11:00,145.66,47.51,7.449,2178.7,2.108,67.4,115
2024-01-05 11:12:00,126.67,61.37,8.221,2147.5,0.556,27.7,90
2024-01-05 11:13:00,125.53,47.76,7.663,1971.2,0.534,74.4,90
2024-01-05 11:14:00,123.6,47.46,8.824,2012.2,2.101,69.0,90
2024-01-05 11:15:00,156.57,60.22,8.299,1977.4,0.801,15.6,130
2024-01-05 11:16:00,155.05,46.69,7.921,2215.7,1.357,60.1,130
2024-01-05 11:17:00,153.88,46.91,8.096,2262.7,0.721,71.9,130
2024-01-05 11:18:00,136.73,46.55,8.735,2109.1,1.236,70.5,100
2024-01-05 11:19:00,156.63,45.95,8.381,2206.4,2.159,70.3,130
2024-01-05 11:20:00,145.54,47.03,8.432,2139.6,0.512,72.1,115
2024-01-05 11:21:00,159.29,36.39,8.795,2410.9,1.696,97.7,130
2024-01-05 11:22:00,158.32,45.97,8.582,2247.6,0.522,60.9,130
2024-01-05 11:23:00,127.5,48.12,8.65,1925.3,2.119,63.0,90
2024-01-05 11:24:00,141.42,47.97,8.149,2066.6,1.39,60.2,100
2024-01-05 11:25:00,134.63,47.32,7.298,2067.6,0.581,64.8,100
2024-01-05 11:26:00,143.84,35.82,8.241,2224.4,0.937,97.4,115
2024-01-05 11:27:00,127.15,46.85,7.934,2098.8,2.456,67.5,90
2024-01-05 11:28:00,144.37,35.53,8.515,2121.7,2.505,99.2,115
2024-01-05 11:29:00,125.03,59.63,7.492,2094.0,0.766,27.0,90
2024-01-05 11:30:00,152.54,47.03,8.531,2422.0,0.528,72.5,130
2024-01-05 11:31:00,146.52,35.61,8.275,2311.3,1.213,96.0,115
2024-01-05 11:32:00,131.32,48.5,8.342,2196.3,1.213,76.1,100
2024-01-05 11:33:00,154.76,47.45,8.448,2342.6,2.424,71.0,130
2024-01-05 11:34:00,875.76,46.83,8.189,2044.6,0.714,79.9,90
2024-01-05 11:35:00,123.91,35.42,8.067,2183.5,1.992,97.7,90
2024-01-05 11:36:00,140.61,59.43,8.654,2264.3,1.406,34.0,115
2024-01-05 11:37:00,150.59,35.06,8.437,2245.6,2.157,98.6,130
2024-01-05 11:38:00,143.13,47.73,8.476,2217.9,0.519,63.6,115
2024-01-05 11:39:00,126.35,35.1,8.167,2015.9,0.591,96.6,90
2024-01-05 11:40:00,145.72,46.51,8.244,2218.9,0.545,70.0,115
2024-01-05 11:41:00,154.96,35.03,8.195,2407.2,2.298,95.7,130
2024-01-05 11:42:00,142.79,46.42,7.502,2215.9,0.52,71.4,115
2024-01-05 11:43:00,155.85,36.4,7.648,2246.4,0.796,97.7,130
2024-01-05 11:44:00,130.5,60.11,8.151,2233.3,1.439,28.9,100
2024-01-05 11:45:00,149.01,59.77,7.449,2412.1,0.767,31.0,130
2024-01-05 11:46:00,144.39,47.02,8.156,2167.2,1.173,76.2,115
2024-01-05 11:47:00,133.63,60.17,7.842,2268.4,0.71,32.1,100
2024-01-05 11:48:00,157.53,46.4,8.17,2387.0,1.511,77.6,130
2024-01-05 11:49:00,155.39,34.39,8.268,2265.8,1.218,98.1,130
2024-01-05 11:50:00,159.13,36.57,7.457,2407.5,2.673,98.8,130
2024-01-05 11:51:00,153.63,47.79,8.33,2211.4,2.149,77.3,130
2024-01-05 11:52:00,156.22,35.8,8.02,2271.5,0.636,97.3,130
2024-01-05 11:53:00,124.37,47.74,7.271,1982.4,1.83,75.7,90
2024-01-05 11:54:00,138.45,48.53,8.016,2071.9,0.54,65.7,100
2024-01-05 11:55:00,124.49,35.07,8.352,2138.1,0.507,99.8,90
2024-01-05 11:56:00,127.14,34.6,8.038,2068.8,0.57,97.7,90
2024-01-05 11:57:00,152.31,36.03,8.013,2221.1,0.534,98.4,130
2024-01-05 11:58:00,153.96,45.83,8.262,2262.8,0.721,67.4,130
2024-01-05 11:59:00,154.79,35.53,8.008,2256.8,0.565,97.8,130
2024-01-05 12:00:00,138.16,59.76,8.093,2170.1,1.213,30.6,100
2024-01-05 12:01:00,129.51,60.54,7.669,2331.8,0.947,29.3,100
2024-01-05 12:02:00,154.17,59.61,7.993,2326.5,1.21,14.2,130
2024-01-05 12:03:00,154.08,36.46,8.954,2331.8,0.563,95.6,130
2024-01-05 12:04:00,139.81,34.9,8.271,2353.3,0.555,98.6,115
2024-01-05 12:05:00,143.84,36.06,8.308,2186.6,0.505,98.4,115
2024-01-05 12:06:00,121.15,46.47,7.943,2176.6,0.536,66.0,90
2024-01-05 12:07:00,149.17,47.44,8.042,2276.0,0.837,69.4,130
2024-01-05 12:08:00,124.34,59.19,8.109,2041.2,1.208,29.5,90
2024-01-05 12:09:00,144.26,46.98,8.55,2203.6,1.205,79.0,115
2024-01-05 12:10:00,134.39,48.06,8.68,2141.4,0.701,65.3,100
2024-01-05 12:11:00,125.63,35.59,8.018,2056.0,0.519,95.4,90
2024-01-05 12:12:00,122.8,47.95,8.191,2098.7,2.193,69.8,90
2024-01-05 12:13:00,159.48,59.98,8.106,2276.1,0.5,36.9,130
2024-01-05 12:14:00,154.92,59.6,8.505,2318.0,0.59,36.2,130
2024-01-05 12:15:00,148.22,60.14,8.387,2101.1,1.277,32.7,115
2024-01-05 12:16:00,140.8,47.49,8.164,2292.6,1.39,65.3,115
2024-01-05 12:17:00,142.91,33.98,8.604,2320.6,1.338,96.6,115
2024-01-05 12:18:00,126.72,35.92,8.407,2087.7,1.427,97.8,90
2024-01-05 12:19:00,154.43,34.75,7.892,2369.8,1.049,97.7,130
2024-01-05 12:20:00,142.32,46.05,8.203,2163.0,0.817,68.4,115
2024-01-05 12:21:00,150.4,47.43,8.129,2431.4,1.042,62.4,130
2024-01-05 12:22:00,126.83,61.07,7.805,2085.2,1.211,20.7,90
2024-01-05 12:23:00,126.63,35.67,8.11,1941.6,3.028,98.4,90
2024-01-05 12:24:00,145.61,34.42,8.656,2327.2,0.578,98.1,115
2024-01-05 12:25:00,153.76,59.46,8.638,2367.4,0.565,15.4,130
2024-01-05 12:26:00,132.22,46.67,8.565,2299.7,0.603,65.3,100
2024-01-05 12:27:00,134.87,47.16,8.512,2283.1,0.806,71.9,100
2024-01-05 12:28:00,151.71,35.44,8.283,2417.3,1.117,99.8,130
2024-01-05 12:29:00,123.12,35.9,7.959,2107.9,1.362,99.9,90
2024-01-05 12:30:00,128.15,36.3,8.426,2127.0,2.134,96.1,90
2024-01-05 12:31:00,140.37,47.28,7.541,2143.7,0.548,70.9,115
2024-01-05 12:32:00,146.69,60.72,7.931,2207.8,0.604,19.6,115
2024-01-05 12:33:00,158.74,59.78,8.642,2548.7,0.591,27.9,130
2024-01-05 12:34:00,147.04,49.64,8.003,2091.8,0.554,62.0,115
2024-01-05 12:35:00,146.0,60.44,8.456,2254.8,0.88,39.8,115
2024-01-05 12:36:00,153.84,36.05,8.055,2306.8,1.266,96.1,130
2024-01-05 12:37:00,153.39,36.91,8.42,2378.3,0.68,97.9,130
2024-01-05 12:38:00,149.38,60.07,7.584,2325.9,2.231,36.5,130
2024-01-05 12:39:00,155.09,34.98,8.709,2407.2,1.714,99.4,130
2024-01-05 12:40:00,143.99,61.05,7.754,2231.2,1.398,28.6,115
2024-01-05 12:41:00,143.25,48.09,7.655,2291.9,0.581,69.8,115
2024-01-05 12:42:00,144.95,47.12,8.687,2259.3,1.404,76.7,115
2024-01-05 12:43:00,155.16,48.41,8.199,2286.7,0.577,68.4,130
2024-01-05 12:44:00,143.41,46.93,8.078,2195.3,0.519,70.8,115
2024-01-05 12:45:00,139.03,47.75,8.827,2252.2,0.633,71.6,100
2024-01-05 12:46:00,146.83,48.21,8.492,2280.0,2.494,67.4,115
2024-01-05 12:47:00,127.24,35.58,8.02,2149.7,0.98,99.7,90
2024-01-05 12:48:00,144.74,60.37,8.146,2330.4,0.657,27.0,115
2024-01-05 12:49:00,146.28,60.82,8.63,2188.6,0.74,12.9,115
2024-01-05 12:50:00,152.76,59.71,7.815,2288.3,0.689,26.2,130
2024-01-05 12:51:00,136.67,34.85,8.777,2122.7,0.833,99.8,100
2024-01-05 12:52:00,124.49,61.07,8.023,2152.5,0.522,11.9,90
2024-01-05 12:53:00,122.45,35.75,7.851,2077.3,1.303,97.9,90
2024-01-05 12:54:00,124.94,46.6,8.635,2084.7,0.558,62.9,90
2024-01-05 12:55:00,154.27,47.08,8.494,2225.6,1.201,78.7,130
2024-01-05 12:56:00,150.81,47.41,7.489,2295.9,1.554,63.8,115
2024-01-05 12:57:00,146.09,58.74,8.157,2298.6,0.529,25.5,115
2024-01-05 12:58:00,148.95,47.57,7.758,2274.9,1.278,66.0,115
2024-01-05 12:59:00,157.83,47.33,8.519,2323.0,1.603,73.2,130
2024-01-05 13:00:00,125.09,36.82,8.888,2153.5,1.456,95.5,90
2024-01-05 13:01:00,123.89,46.82,8.415,2066.1,1.368,78.3,90
2024-01-05 13:02:00,140.65,61.1,7.896,2343.6,1.274,35.3,115
2024-01-05 13:03:00,152.82,35.46,8.556,2367.2,0.645,95.6,130
2024-01-05 13:04:00,156.66,60.11,8.18,2209.0,1.212,16.9,130
2024-01-05 13:05:00,134.24,35.72,8.17,2139.3,0.76,96.3,100
2024-01-05 13:06:00,155.94,37.17,8.006,2336.0,1.254,97.6,130
2024-01-05 13:07:00,119.92,46.01,8.242,2014.3,0.63,69.7,90
2024-01-05 13:08:00,136.13,60.4,8.172,2236.4,2.12,19.3,100
2024-01-05 13:09:00,147.74,60.03,7.238,2071.9,0.748,22.1,115
2024-01-05 13:10:00,140.56,35.48,8.21,2294.3,1.652,96.5,115
2024-01-05 13:11:00,155.93,35.97,8.145,2365.2,1.322,98.1,130
2024-01-05 13:12:00,128.36,36.38,8.339,1911.0,2.117,96.1,90
2024-01-05 13:13:00,149.2,35.93,7.397,2238.3,1.78,98.6,115
2024-01-05 13:14:00,123.74,36.49,8.405,2035.2,0.618,96.2,90
2024-01-05 13:15:00,146.95,59.8,8.211,2343.4,2.117,24.4,115
2024-01-05 13:16:00,138.57,46.96,8.398,2083.0,1.242,77.5,100
2024-01-05 13:17:00,156.0,34.7,7.548,2373.9,1.226,96.5,130
2024-01-05 13:18:00,148.21,48.59,7.706,2309.9,2.144,76.2,115
2024-01-05 13:19:00,134.91,59.85,7.45,2118.6,0.534,29.9,100
2024-01-05 13:20:00,135.99,35.26,8.259,2253.8,1.012,99.1,100
2024-01-05 13:21:00,133.45,47.49,8.062,2116.8,1.247,76.8,100
2024-01-05 13:22:00,154.59,36.39,8.142,2416.6,1.317,97.8,130
2024-01-05 13:23:00,126.08,34.95,7.643,2278.3,0.762,97.4,90
2024-01-05 13:24:00,123.26,60.95,7.716,2144.4,1.426,30.0,90
2024-01-05 13:25:00,154.44,35.26,7.202,2359.0,1.127,98.7,130
2024-01-05 13:26:00,126.9,48.14,7.662,2032.2,1.876,66.6,90
2024-01-05 13:27:00,160.13,46.57,7.94,2458.6,2.269,78.1,130
2024-01-05 13:28:00,129.88,47.59,7.961,2221.1,0.779,79.4,100
2024-01-05 13:29:00,159.94,60.03,8.173,2273.2,1.298,33.6,130
2024-01-05 13:30:00,124.35,46.1,8.505,2189.9,1.312,73.2,90
2024-01-05 13:31:00,157.41,58.87,7.924,2318.8,0.522,38.3,130
2024-01-05 13:32:00,147.9,46.41,8.396,2284.1,0.724,64.1,115
2024-01-05 13:33:00,148.91,47.79,8.511,2197.2,0.563,76.8,115
2024-01-05 13:34:00,153.18,33.95,8.66,2234.9,1.217,95.9,130
2024-01-05 13:35:00,144.44,35.77,8.396,2159.1,0.521,96.5,115
2024-01-05 13:36:00,154.87,60.2,8.229,2279.5,0.756,12.7,130
2024-01-05 13:37:00,134.11,45.65,7.768,2191.1,0.552,61.2,100
2024-01-05 13:38:00,128.3,46.36,8.309,2046.2,0.794,69.0,90
2024-01-05 13:39:00,134.81,59.36,8.049,2086.7,1.673,35.3,100
2024-01-05 13:40:00,120.95,35.54,8.751,1993.9,1.283,95.4,90
2024-01-05 13:41:00,153.42,36.67,8.237,2411.3,0.816,96.6,130
2024-01-05 13:42:00,151.05,47.86,8.136,2300.2,1.312,78.9,130
2024-01-05 13:43:00,144.43,46.71,8.766,2073.4,1.496,66.4,115
2024-01-05 13:44:00,156.68,59.34,8.007,2309.4,0.573,21.8,130
2024-01-05 13:45:00,123.36,34.25,8.199,2036.8,1.036,96.1,90
2024-01-05 13:46:00,153.99,59.7,9.004,2326.4,2.972,17.9,130
2024-01-05 13:47:00,124.31,34.78,8.306,2024.6,1.298,97.7,90
2024-01-05 13:48:00,155.35,35.47,8.65,2413.0,1.244,98.6,130
2024-01-05 13:49:00,136.29,47.0,8.802,2137.7,0.731,68.0,100
2024-01-05 13:50:00,157.02,35.12,7.979,2293.2,2.275,98.7,130
2024-01-05 13:51:00,160.64,35.14,8.564,2284.7,2.153,95.8,130
2024-01-05 13:52:00,135.31,46.44,8.067,2187.9,2.434,66.5,100
2024-01-05 13:53:00,156.84,59.59,9.016,2341.6,2.46,13.8,130
2024-01-05 13:54:00,131.03,48.15,8.777,2118.7,2.359,75.4,100
2024-01-05 13:55:00,144.05,35.91,8.497,2231.9,2.186,95.5,115
2024-01-05 13:56:00,154.32,35.93,8.618,2289.8,1.049,99.4,130
2024-01-05 13:57:00,122.46,36.31,7.922,2138.0,2.225,95.2,90
2024-01-05 13:58:00,143.66,36.24,8.887,2126.9,0.602,97.7,115
2024-01-05 13:59:00,134.73,36.64,7.838,2122.8,2.143,99.3,100
2024-01-05 14:00:00,143.74,35.97,8.363,2214.4,0.572,98.2,115
2024-01-05 14:01:00,151.5,60.16,7.914,2341.6,1.2,30.1,115
2024-01-05 14:02:00,156.28,46.53,8.544,2404.0,0.716,72.2,130
2024-01-05 14:03:00,160.0,34.84,8.898,2341.4,1.386,98.3,130
2024-01-05 14:04:00,148.73,36.21,8.381,2150.4,0.603,98.0,115
2024-01-05 14:05:00,143.4,35.41,8.326,2234.6,1.183,97.3,115
2024-01-05 14:06:00,155.09,58.91,8.155,2460.4,2.336,37.3,130
2024-01-05 14:07:00,133.91,33.83,8.24,2138.1,1.256,96.1,100
2024-01-05 14:08:00,134.6,37.22,8.066,2160.3,0.595,99.9,100
2024-01-05 14:09:00,152.56,59.21,8.853,2324.9,0.645,25.9,130
2024-01-05 14:10:00,153.9,46.45,8.518,2242.0,0.658,63.0,130
2024-01-05 14:11:00,145.9,60.98,8.061,2165.3,1.264,27.7,115
2024-01-05 14:12:00,155.83,46.03,8.224,2245.2,2.157,79.2,130
2024-01-05 14:13:00,155.63,60.43,9.366,2286.1,1.271,10.6,130
2024-01-05 14:14:00,154.85,48.46,8.309,2345.4,1.161,70.4,130
2024-01-05 14:15:00,127.15,48.69,8.781,2083.6,0.589,64.8,90
2024-01-05 14:16:00,134.36,35.14,7.969,2190.6,2.194,97.3,100
2024-01-05 14:17:00,158.48,35.49,8.389,2482.8,0.755,95.9,130
2024-01-05 14:18:00,150.38,35.18,7.95,2517.6,1.236,95.3,130
2024-01-05 14:19:00,136.64,46.99,7.986,2157.5,0.706,68.7,100
2024-01-05 14:20:00,146.22,61.04,8.517,2303.9,1.419,11.6,115
2024-01-05 14:21:00,133.31,34.38,7.842,2202.7,2.113,99.5,100
2024-01-05 14:22:00,124.11,60.52,7.723,2156.2,0.542,22.8,90
2024-01-05 14:23:00,146.16,35.34,8.474,2313.3,1.326,98.2,115
2024-01-05 14:24:00,157.29,36.59,8.005,2267.7,1.561,99.1,130
2024-01-05 14:25:00,130.63,48.05,8.088,2308.5,0.764,78.4,100
2024-01-05 14:26:00,126.57,35.17,7.48,2192.5,0.913,97.8,90
2024-01-05 14:27:00,143.86,59.91,7.692,2307.3,1.581,25.7,115
2024-01-05 14:28:00,137.81,47.71,8.288,2204.9,0.643,79.9,100
2024-01-05 14:29:00,150.4,36.29,8.107,2341.9,2.295,98.2,130
2024-01-05 14:30:00,161.11,45.02,8.564,2326.4,1.007,66.4,130
2024-01-05 14:31:00,132.78,36.21,7.84,2213.0,0.77,95.0,100
2024-01-05 14:32:00,128.57,61.32,8.134,2090.3,0.589,11.0,90
2024-01-05 14:33:00,144.83,47.2,8.219,2260.2,0.586,78.5,115
2024-01-05 14:34:00,132.95,36.26,8.118,2151.9,0.591,99.2,100
2024-01-05 14:35:00,155.66,36.52,8.439,2299.3,0.637,97.7,130
2024-01-05 14:36:00,157.57,47.18,7.766,2463.3,1.29,61.0,130
2024-01-05 14:37:00,141.12,47.65,8.405,2246.9,2.142,69.1,115
2024-01-05 14:38:00,156.75,35.51,8.656,2287.2,1.381,95.4,130
2024-01-05 14:39:00,144.97,46.96,7.871,2253.3,0.907,66.3,115
2024-01-05 14:40:00,156.44,34.97,8.36,2223.4,2.236,98.4,130
2024-01-05 14:41:00,135.03,47.14,8.343,2235.3,0.549,74.5,100
2024-01-05 14:42:00,133.57,37.01,8.436,2161.0,0.835,95.7,100
2024-01-05 14:43:00,142.22,34.78,8.201,2213.9,0.782,99.4,115
2024-01-05 14:44:00,156.68,47.49,8.767,2285.7,0.741,62.6,130
2024-01-05 14:45:00,146.67,47.26,9.044,2113.8,2.325,64.8,115
2024-01-05 14:46:00,126.66,36.68,8.45,2226.1,0.805,97.0,90
2024-01-05 14:47:00,146.07,48.33,8.326,2256.0,1.555,64.3,115
2024-01-05 14:48:00,157.36,34.76,8.206,2465.0,0.957,96.9,130
2024-01-05 14:49:00,158.52,46.54,7.675,2300.0,1.388,62.5,130
2024-01-05 14:50:00,150.31,59.58,7.629,2357.2,1.3,22.7,130
2024-01-05 14:51:00,149.15,46.61,7.738,2379.5,0.519,61.2,130
2024-01-05 14:52:00,139.29,35.18,8.306,2199.9,1.456,95.2,100
2024-01-05 14:53:00,131.65,47.28,8.123,2124.6,1.23,68.9,100
2024-01-05 14:54:00,152.28,34.82,8.811,2179.0,1.606,95.3,130
2024-01-05 14:55:00,154.28,34.93,7.198,2501.3,1.304,95.8,130
2024-01-05 14:56:00,150.87,46.37,8.216,2262.2,1.618,68.6,130
2024-01-05 14:57:00,124.05,60.39,8.373,2283.6,0.646,28.3,90
2024-01-05 14:58:00,142.63,35.45,8.559,2192.4,1.321,98.2,115
2024-01-05 14:59:00,134.42,46.81,8.257,2271.0,0.59,69.7,100
2024-01-05 15:00:00,145.7,-8.84,8.346,2287.5,0.513,99.1,115
2024-01-05 15:01:00,144.14,45.72,8.27,2291.1,2.102,63.1,115
2024-01-05 15:02:00,154.01,48.31,8.376,2270.4,0.642,61.9,130
2024-01-05 15:03:00,155.64,35.27,8.192,2288.1,0.963,97.3,130
2024-01-05 15:04:00,147.61,49.17,9.046,2209.3,0.676,79.3,115
2024-01-05 15:05:00,149.01,47.62,8.431,2252.0,0.897,68.6,115
2024-01-05 15:06:00,154.45,48.46,8.279,2303.2,2.162,76.3,130
2024-01-05 15:07:00,159.56,47.79,7.905,2277.5,2.139,122.8,130
2024-01-05 15:08:00,157.19,47.13,8.063,2244.8,0.716,64.7,130
2024-01-05 15:09:00,141.92,35.02,8.804,2172.6,1.308,98.7,115
2024-01-05 15:10:00,141.85,46.22,7.206,2272.7,0.547,68.8,115
2024-01-05 15:11:00,123.56,47.9,8.223,2013.9,1.255,65.0,90
2024-01-05 15:12:00,158.61,35.71,8.19,2222.1,2.156,97.5,130
2024-01-05 15:13:00,153.75,47.49,8.4,2321.3,0.762,67.8,130
2024-01-05 15:14:00,150.27,47.65,8.306,2135.4,2.188,77.2,130
2024-01-05 15:15:00,144.43,35.78,8.806,2229.5,2.159,99.0,115
2024-01-05 15:16:00,140.05,35.12,8.239,2236.3,1.634,96.1,115
2024-01-05 15:17:00,132.36,36.31,8.174,2195.0,0.507,96.6,100
2024-01-05 15:18:00,153.53,35.34,8.581,2337.3,1.466,97.6,130
2024-01-05 15:19:00,145.37,60.07,8.813,2127.8,2.747,25.5,115
2024-01-05 15:20:00,127.56,36.07,8.475,2055.1,0.697,96.0,90
2024-01-05 15:21:00,126.74,46.95,8.605,2122.2,0.659,62.5,90
2024-01-05 15:22:00,122.05,45.55,8.113,2103.4,0.513,71.5,90
2024-01-05 15:23:00,134.07,47.83,8.25,2087.5,0.64,75.6,100
2024-01-05 15:24:00,125.19,61.0,8.794,2103.3,2.19,21.1,90
2024-01-05 15:25:00,154.34,45.54,8.411,2383.2,0.801,62.0,130
2024-01-05 15:26:00,154.33,34.67,8.103,2231.9,0.834,95.9,130
2024-01-05 15:27:00,150.69,48.62,8.213,2153.2,1.237,64.1,130
2024-01-05 15:28:00,132.12,47.19,8.615,2291.9,0.648,61.9,100
2024-01-05 15:29:00,123.99,60.0,8.65,2095.2,0.893,23.2,90
2024-01-05 15:30:00,147.27,59.66,7.863,2273.4,1.396,21.9,130
2024-01-05 15:31:00,146.6,34.68,8.345,2190.7,0.631,95.6,115
2024-01-05 15:32:00,131.57,46.84,8.197,2161.7,0.957,68.4,100
2024-01-05 15:33:00,126.72,47.78,8.174,2153.3,1.179,68.7,90
2024-01-05 15:34:00,146.5,46.99,8.732,2109.2,1.254,76.1,115
2024-01-05 15:35:00,123.64,35.99,8.105,2037.9,2.14,98.4,90
2024-01-05 15:36:00,157.5,61.41,7.97,2442.3,2.5,25.9,130
2024-01-05 15:37:00,156.86,46.54,7.874,2376.0,0.556,74.1,130
2024-01-05 15:38:00,144.23,47.24,8.13,2289.1,1.577,77.8,115
2024-01-05 15:39:00,153.95,47.8,7.906,2342.6,2.172,71.5,130
2024-01-05 15:40:00,157.74,46.25,7.854,2334.8,0.504,63.2,130
2024-01-05 15:41:00,135.58,35.64,7.844,2112.5,2.21,97.6,100
2024-01-05 15:42:00,137.61,37.0,7.868,2105.3,2.108,95.7,100
2024-01-05 15:43:00,129.03,35.23,7.896,2214.5,0.547,95.1,100
2024-01-05 15:44:00,155.25,47.85,8.36,2266.8,0.631,60.8,130
2024-01-05 15:45:00,141.06,59.89,7.416,2252.7,0.508,12.6,115
2024-01-05 15:46:00,154.94,48.44,7.919,2322.1,0.507,75.4,130
2024-01-05 15:47:00,156.78,34.18,8.16,2485.4,2.134,99.3,130
2024-01-05 15:48:00,149.35,35.55,8.659,2217.2,2.224,97.9,115
2024-01-05 15:49:00,152.65,34.32,8.102,2403.5,1.23,95.1,130
2024-01-05 15:50:00,153.69,59.44,8.139,2366.6,1.22,38.4,130
2024-01-05 15:51:00,134.76,46.43,8.165,2140.6,1.395,75.4,100
2024-01-05 15:52:00,152.56,59.79,7.471,2210.5,0.637,31.7,130
2024-01-05 15:53:00,127.45,46.05,8.464,2065.8,1.212,79.2,90
2024-01-05 15:54:00,144.82,35.44,8.447,2301.9,2.107,95.5,115
2024-01-05 15:55:00,125.3,35.87,8.526,1972.0,0.55,97.0,90
2024-01-05 15:56:00,156.55,45.77,9.202,2376.9,0.731,61.5,130
2024-01-05 15:57:00,144.82,46.49,7.681,2337.4,1.156,76.9,115
2024-01-05 15:58:00,152.96,37.53,7.605,2317.7,0.662,98.1,130
2024-01-05 15:59:00,134.84,35.76,8.482,2223.1,0.509,97.0,100
2024-01-05 16:00:00,152.86,58.55,8.065,2321.2,0.56,17.0,130
2024-01-05 16:01:00,155.27,45.88,7.806,2355.7,1.771,72.1,130
2024-01-05 16:02:00,127.49,47.18,8.087,2189.5,1.203,61.0,90
2024-01-05 16:03:00,152.06,47.08,7.953,2185.7,0.684,77.6,130
2024-01-05 16:04:00,151.17,46.53,8.89,2248.8,0.539,74.3,130
2024-01-05 16:05:00,155.12,37.25,9.105,2410.1,2.114,98.5,130
2024-01-05 16:06:00,133.08,49.09,7.546,2264.8,2.159,69.4,100
2024-01-05 16:07:00,155.08,59.79,7.609,2197.4,1.053,19.0,130
2024-01-05 16:08:00,145.8,47.7,7.896,2355.0,0.787,72.4,115
2024-01-05 16:09:00,149.64,36.24,7.924,2104.2,2.138,97.6,130
2024-01-05 16:10:00,146.72,36.34,7.89,2280.0,0.514,96.8,115
2024-01-05 16:11:00,132.08,46.49,8.122,2167.5,0.636,75.9,100
2024-01-05 16:12:00,144.94,37.05,8.021,2171.4,0.511,98.8,115
2024-01-05 16:13:00,143.35,35.45,7.659,2176.3,0.604,97.7,115
2024-01-05 16:14:00,153.62,47.34,7.789,2259.2,0.822,78.6,130
2024-01-05 16:15:00,159.23,60.0,8.819,2293.7,0.639,23.8,130
2024-01-05 16:16:00,155.8,35.39,8.057,2468.9,1.654,98.1,130
2024-01-05 16:17:00,147.26,35.72,8.037,2295.8,2.413,99.1,115
2024-01-05 16:18:00,145.38,34.55,7.592,2344.8,2.262,96.3,115
2024-01-05 16:19:00,126.55,33.92,8.015,2044.2,0.813,98.9,90
2024-01-05 16:20:00,156.04,35.33,8.584,2328.4,0.52,97.1,130
2024-01-05 16:21:00,145.64,,8.438,2144.3,1.245,73.6,115
2024-01-05 16:22:00,147.77,60.44,8.524,2207.7,1.441,31.0,115
2024-01-05 16:23:00,145.39,47.35,7.719,2185.8,0.501,60.6,115
2024-01-05 16:24:00,130.71,47.01,7.712,2109.1,0.501,66.1,90
2024-01-05 16:25:00,157.4,36.69,8.653,2253.5,0.596,98.3,130
2024-01-05 16:26:00,152.15,47.0,8.531,2243.1,0.904,66.9,130
2024-01-05 16:27:00,134.56,34.33,8.097,2181.7,1.291,97.7,100
2024-01-05 16:28:00,155.99,46.82,8.541,2305.7,2.31,65.8,130
2024-01-05 16:29:00,155.11,47.94,7.719,2254.0,1.1,61.6,130
2024-01-05 16:30:00,156.72,58.49,7.702,2242.3,2.476,34.3,130
2024-01-05 16:31:00,156.99,46.92,7.553,2253.9,2.145,67.1,130
2024-01-05 16:32:00,141.6,35.96,8.345,2295.2,0.603,95.1,115
2024-01-05 16:33:00,,37.62,8.287,2343.4,1.396,99.4,130
2024-01-05 16:34:00,143.76,36.47,7.991,2169.6,1.233,97.7,115
2024-01-05 16:35:00,143.51,47.11,7.888,2172.8,0.575,74.0,115
2024-01-05 16:36:00,143.5,47.42,9.166,2138.2,0.782,65.3,115
2024-01-05 16:37:00,127.02,45.48,8.096,2038.5,1.285,70.0,90
2024-01-05 16:38:00,154.33,46.16,8.755,2319.8,1.721,68.6,130
2024-01-05 16:39:00,123.34,36.02,8.141,1999.7,1.304,95.4,90
2024-01-05 16:40:00,143.94,,8.0,2405.0,0.55,98.5,115
2024-01-05 16:41:00,130.51,35.73,8.767,2199.9,0.547,97.4,100
2024-01-05 16:42:00,142.89,47.03,8.516,2227.4,0.732,66.6,115
2024-01-05 16:43:00,141.9,35.5,8.19,2236.8,0.592,99.6,115
2024-01-05 16:44:00,124.33,60.08,8.653,1958.7,1.254,23.8,90
2024-01-05 16:45:00,126.66,34.66,9.208,1974.1,2.337,95.2,90
2024-01-05 16:46:00,156.38,46.82,7.907,2415.8,1.309,74.4,130
2024-01-05 16:47:00,158.14,46.0,8.389,2440.8,1.574,77.7,130
2024-01-05 16:48:00,147.58,46.5,8.036,2052.8,1.359,66.2,115
2024-01-05 16:49:00,123.68,36.46,7.826,2107.6,1.916,96.1,90
2024-01-05 16:50:00,155.05,59.86,7.815,2420.5,1.294,27.6,130
2024-01-05 16:51:00,134.92,47.48,8.837,2122.7,0.566,63.3,100
2024-01-05 16:52:00,129.62,35.59,7.47,2271.5,2.307,98.8,100
2024-01-05 16:53:00,131.96,46.69,8.403,2211.4,0.746,76.4,100
2024-01-05 16:54:00,144.58,46.19,7.87,2266.1,0.503,60.1,115
2024-01-05 16:55:00,144.57,46.68,8.909,2210.4,0.721,71.9,115
2024-01-05 16:56:00,126.28,47.15,8.091,2077.4,0.54,69.6,90
2024-01-05 16:57:00,146.16,35.96,8.054,2194.2,1.838,97.4,115
2024-01-05 16:58:00,130.57,35.6,8.828,2173.7,0.672,95.0,100
2024-01-05 16:59:00,156.3,47.52,8.551,2330.2,2.127,70.3,130
2024-01-05 17:00:00,135.45,34.28,8.422,2115.3,0.511,95.4,100
2024-01-05 17:01:00,156.56,47.69,8.522,2154.2,0.923,71.0,130
2024-01-05 17:02:00,157.67,59.1,7.767,2294.4,0.88,36.1,130
2024-01-05 17:03:00,134.64,47.79,8.497,2068.6,1.314,74.0,100
2024-01-05 17:04:00,148.11,47.4,8.12,2140.3,2.118,76.1,115
2024-01-05 17:05:00,132.78,58.5,8.344,2094.8,0.599,25.3,100
2024-01-05 17:06:00,152.64,36.09,8.394,2376.2,0.786,97.4,130
2024-01-05 17:07:00,146.07,36.3,7.756,2141.1,2.317,98.2,115
2024-01-05 17:08:00,144.08,48.01,8.438,2159.0,0.901,66.9,115
2024-01-05 17:09:00,145.65,34.89,8.125,2286.5,0.778,99.7,115
2024-01-05 17:10:00,159.98,35.64,7.704,2248.7,0.58,96.4,130
2024-01-05 17:11:00,135.98,36.06,8.141,2059.8,0.583,99.6,100
2024-01-05 17:12:00,135.53,36.09,8.208,2214.7,0.709,99.1,100
2024-01-05 17:13:00,152.83,47.33,8.437,2299.6,0.574,77.0,130
2024-01-05 17:14:00,150.75,35.16,7.245,2315.2,2.504,95.9,130
2024-01-05 17:15:00,134.82,47.79,8.355,2132.1,1.279,76.6,100
2024-01-05 17:16:00,137.67,47.8,7.995,2183.9,2.234,63.3,100
2024-01-05 17:17:00,134.19,59.88,8.524,2204.8,1.209,37.5,100
2024-01-05 17:18:00,136.0,59.37,8.199,2140.2,1.225,24.5,100
2024-01-05 17:19:00,158.57,46.42,8.067,2190.1,1.228,65.3,130
2024-01-05 17:20:00,158.5,48.09,8.129,2333.8,2.184,69.7,130
2024-01-05 17:21:00,156.07,60.76,8.333,2282.8,0.525,27.3,130
2024-01-05 17:22:00,155.43,35.48,8.563,2378.6,0.622,99.3,130
2024-01-05 17:23:00,131.2,59.84,7.844,2078.4,1.263,13.1,100
2024-01-05 17:24:00,153.42,34.09,8.063,2284.8,2.164,95.3,130
2024-01-05 17:25:00,124.3,46.93,8.788,1951.5,2.218,60.6,90
2024-01-05 17:26:00,132.87,34.55,8.056,2212.7,1.585,98.8,100
2024-01-05 17:27:00,125.62,47.13,8.347,2168.0,0.787,68.9,90
2024-01-05 17:28:00,129.78,60.95,7.706,2031.0,0.93,13.3,90
2024-01-05 17:29:00,148.79,46.22,7.514,2214.5,3.025,65.6,115
2024-01-05 17:30:00,135.61,35.69,7.784,2085.2,0.502,98.8,100
2024-01-05 17:31:00,156.95,36.3,7.924,2252.9,0.736,95.2,130
2024-01-05 17:32:00,153.18,47.18,8.616,2365.5,2.126,66.5,130
2024-01-05 17:33:00,138.66,46.58,8.66,2109.7,1.052,77.7,100
2024-01-05 17:34:00,151.1,35.51,7.43,2348.0,1.251,100.0,130
2024-01-05 17:35:00,127.28,47.77,7.984,2068.8,1.286,63.1,90
2024-01-05 17:36:00,136.24,35.71,8.479,2210.0,1.273,95.5,100
2024-01-05 17:37:00,133.11,47.0,8.158,2118.6,0.904,62.6,100
2024-01-05 17:38:00,154.48,60.92,8.802,2396.8,0.51,34.8,130
2024-01-05 17:39:00,132.16,47.41,8.469,2300.0,1.21,70.5,100
2024-01-05 17:40:00,152.27,46.04,8.093,2174.0,0.842,78.6,130
2024-01-05 17:41:00,131.02,36.01,8.129,2142.6,0.515,95.8,100
2024-01-05 17:42:00,156.92,36.26,8.177,2302.6,2.482,97.9,130
2024-01-05 17:43:00,138.01,46.01,7.862,2092.7,1.017,68.0,100
2024-01-05 17:44:00,149.6,33.69,8.576,2342.6,0.505,99.4,130
2024-01-05 17:45:00,159.6,59.17,8.497,2399.6,0.55,12.8,130
2024-01-05 17:46:00,144.97,46.92,8.382,2072.1,0.505,72.0,115
2024-01-05 17:47:00,155.72,60.81,8.297,2146.0,2.115,14.1,130
2024-01-05 17:48:00,131.32,34.79,7.793,2282.6,0.653,95.6,100
2024-01-05 17:49:00,158.3,35.94,8.402,2290.8,0.762,99.1,130
2024-01-05 17:50:00,155.5,33.19,8.252,2317.2,2.231,98.5,130
2024-01-05 17:51:00,147.85,35.64,9.001,2144.5,1.298,95.1,115
2024-01-05 17:52:00,158.05,35.17,7.683,2313.5,0.546,99.9,130
2024-01-05 17:53:00,158.34,37.18,7.911,2419.5,2.154,96.8,130
2024-01-05 17:54:00,133.38,33.99,7.565,2189.7,1.375,98.0,100
2024-01-05 17:55:00,154.48,35.49,8.113,2325.4,0.887,98.6,130
2024-01-05 17:56:00,153.47,45.48,7.504,2168.4,1.304,65.4,130
2024-01-05 17:57:00,157.24,59.56,8.674,2369.4,2.661,32.2,130
2024-01-05 17:58:00,145.83,45.64,8.637,2230.8,0.511,75.4,115
2024-01-05 17:59:00,147.67,61.84,8.136,2181.4,1.553,17.2,115
2024-01-05 18:00:00,157.78,35.22,7.795,2361.4,2.183,99.2,130
2024-01-05 18:01:00,130.68,46.83,7.59,2082.2,1.606,78.0,100
2024-01-05 18:02:00,158.38,35.47,7.918,2354.9,1.004,98.2,130
2024-01-05 18:03:00,147.38,59.09,8.45,2327.4,0.741,34.8,115
2024-01-05 18:04:00,154.08,47.84,7.885,2322.3,1.288,74.0,130
2024-01-05 18:05:00,145.87,47.51,8.963,2196.1,0.622,70.4,115
2024-01-05 18:06:00,124.69,36.23,8.796,2024.2,2.26,96.3,90
2024-01-05 18:07:00,146.54,46.03,8.2,2260.6,0.624,69.1,115
2024-01-05 18:08:00,124.07,47.91,8.015,2035.4,0.813,76.4,90
2024-01-05 18:09:00,156.2,36.32,7.972,2499.3,1.495,99.2,130
2024-01-05 18:10:00,155.17,35.31,8.839,2196.8,1.203,99.4,130
2024-01-05 18:11:00,153.92,47.72,7.937,2299.6,0.533,70.3,130
2024-01-05 18:12:00,155.48,47.22,8.574,2331.8,0.59,72.8,130
2024-01-05 18:13:00,161.77,45.72,8.209,2322.3,1.423,66.7,130
2024-01-05 18:14:00,153.29,35.35,8.485,2265.1,2.152,97.1,130
2024-01-05 18:15:00,144.38,59.61,7.872,2328.6,1.278,37.8,115
2024-01-05 18:16:00,153.33,47.07,8.067,2363.3,0.624,66.2,130
2024-01-05 18:17:00,153.59,60.82,8.19,2369.2,0.678,38.0,130
2024-01-05 18:18:00,157.04,45.69,7.947,2256.6,2.564,60.8,130
2024-01-05 18:19:00,126.79,35.15,8.7,2037.8,2.427,96.7,90
2024-01-05 18:20:00,154.99,46.34,7.894,2349.1,0.589,77.7,130
2024-01-05 18:21:00,137.57,59.38,7.969,2062.0,1.492,17.0,100
2024-01-05 18:22:00,146.98,46.34,8.743,2283.2,0.858,71.4,115
2024-01-05 18:23:00,144.59,60.05,8.666,2221.9,1.348,15.0,115
2024-01-05 18:24:00,151.17,60.42,8.835,2395.2,2.17,25.2,130
2024-01-05 18:25:00,157.07,35.78,7.437,2275.8,1.073,99.5,130
2024-01-05 18:26:00,145.42,35.65,8.28,2375.1,1.855,99.7,115
2024-01-05 18:27:00,155.06,36.0,8.236,2342.8,0.551,96.6,130
2024-01-05 18:28:00,153.83,37.4,7.975,2351.6,0.807,97.9,130
2024-01-05 18:29:00,156.86,35.61,8.33,2254.6,1.209,96.6,130
2024-01-05 18:30:00,125.87,60.82,8.071,2090.3,0.5,32.5,90
2024-01-05 18:31:00,144.41,36.27,8.265,2186.1,1.287,99.7,115
2024-01-05 18:32:00,141.94,36.92,9.561,2106.8,0.624,95.1,115
2024-01-05 18:33:00,147.67,35.95,8.327,2214.3,1.358,97.4,115
2024-01-05 18:34:00,126.51,46.32,8.344,2163.0,0.595,74.1,90
2024-01-05 18:35:00,145.64,47.24,8.528,2224.9,1.228,63.7,115
2024-01-05 18:36:00,138.36,35.7,8.272,2206.5,1.285,95.9,115
2024-01-05 18:37:00,124.91,36.15,7.761,2045.4,2.445,97.0,90
2024-01-05 18:38:00,134.4,34.8,7.541,2329.3,2.182,97.3,100
2024-01-05 18:39:00,153.45,61.01,8.188,2358.7,0.679,23.4,130
2024-01-05 18:40:00,156.89,47.0,8.092,2182.8,0.728,62.5,130
2024-01-05 18:41:00,136.79,47.67,7.415,2106.5,1.464,76.0,100
2024-01-05 18:42:00,136.09,35.75,8.852,2117.9,1.334,97.1,100
2024-01-05 18:43:00,147.59,47.1,8.243,2172.3,0.527,75.0,115
2024-01-05 18:44:00,142.44,60.19,8.776,2235.1,0.962,14.4,115
2024-01-05 18:45:00,143.87,36.04,7.307,2184.1,1.26,96.7,115
2024-01-05 18:46:00,145.19,61.57,8.783,2189.0,2.183,10.4,115
2024-01-05 18:47:00,926.67,33.89,8.006,2162.3,2.397,97.0,100
2024-01-05 18:48:00,156.82,47.43,8.704,2186.7,0.788,61.5,130
2024-01-05 18:49:00,123.69,35.54,8.286,1897.9,0.953,96.0,90
2024-01-05 18:50:00,138.25,46.86,8.381,2249.4,0.507,79.3,100
2024-01-05 18:51:00,142.67,33.61,8.382,2297.0,0.915,99.1,115
2024-01-05 18:52:00,160.33,35.96,8.03,2339.5,1.514,98.2,130
2024-01-05 18:53:00,160.07,59.9,7.941,2334.4,1.349,25.9,130
2024-01-05 18:54:00,144.76,59.33,8.056,2214.9,0.535,29.0,115
2024-01-05 18:55:00,137.87,47.03,7.611,2391.3,0.657,68.7,100
2024-01-05 18:56:00,144.0,35.27,8.008,2245.4,0.543,100.0,115
2024-01-05 18:57:00,157.53,34.11,7.921,2518.6,2.77,96.9,130
2024-01-05 18:58:00,144.56,47.07,7.602,2395.0,0.747,75.5,115
2024-01-05 18:59:00,131.79,35.96,8.383,2186.9,0.681,99.0,100
2024-01-05 19:00:00,146.17,46.56,8.203,2293.2,1.536,75.3,130
2024-01-05 19:01:00,144.33,35.71,8.298,2231.3,1.352,96.7,115
2024-01-05 19:02:00,135.7,35.59,8.479,2117.9,2.112,96.2,100
2024-01-05 19:03:00,148.33,47.84,8.105,2266.9,0.56,75.6,115
2024-01-05 19:04:00,135.09,46.92,7.825,2203.9,2.0,73.4,100
2024-01-05 19:05:00,147.51,60.64,8.322,2132.1,0.881,37.0,115
2024-01-05 19:06:00,123.87,46.75,7.031,2279.2,2.625,71.5,90
2024-01-05 19:07:00,154.16,48.57,8.157,2247.5,1.221,77.9,130
2024-01-05 19:08:00,147.64,59.65,8.506,2015.1,2.157,33.7,115
2024-01-05 19:09:00,148.84,46.45,8.619,2303.5,0.513,76.6,130
2024-01-05 19:10:00,155.03,46.92,7.988,2218.1,1.545,70.7,130
2024-01-05 19:11:00,154.0,46.42,7.303,2305.7,0.538,76.9,130
2024-01-05 19:12:00,158.4,34.5,7.147,2315.7,0.606,97.9,130
2024-01-05 19:13:00,123.68,60.58,8.455,2105.6,0.563,14.3,90
2024-01-05 19:14:00,126.29,33.05,8.058,2150.5,1.733,98.8,90
2024-01-05 19:15:00,157.3,34.93,9.007,2229.4,0.687,98.8,130
2024-01-05 19:16:00,141.27,45.93,7.636,2200.9,2.421,61.1,115
2024-01-05 19:17:00,144.65,60.11,8.337,2284.3,1.384,21.4,115
2024-01-05 19:18:00,133.92,33.75,8.865,2097.4,0.69,95.2,100
2024-01-05 19:19:00,147.37,35.94,8.283,2079.8,1.297,96.9,115
2024-01-05 19:20:00,156.69,47.52,7.563,2359.6,0.555,70.8,130
2024-01-05 19:21:00,134.42,45.69,9.309,2104.8,0.586,70.8,100
2024-01-05 19:22:00,132.38,47.15,8.832,2099.5,1.27,76.0,100
2024-01-05 19:23:00,147.6,35.91,8.109,2239.6,2.335,97.1,115
2024-01-05 19:24:00,124.83,60.75,8.528,2070.3,0.61,38.6,90
2024-01-05 19:25:00,120.95,45.82,8.532,2149.8,2.26,66.7,90
2024-01-05 19:26:00,141.17,34.21,8.457,2130.1,1.495,98.7,115
2024-01-05 19:27:00,146.09,48.2,7.647,2411.0,0.562,75.4,115
2024-01-05 19:28:00,121.81,46.34,8.33,1956.9,1.31,73.1,90
2024-01-05 19:29:00,159.65,46.58,8.784,2279.0,1.347,63.3,130
2024-01-05 19:30:00,152.66,47.51,8.402,2240.5,0.511,70.4,130
2024-01-05 19:31:00,155.0,59.06,8.359,2314.4,2.133,36.8,130
2024-01-05 19:32:00,125.4,59.79,7.985,2071.5,1.213,33.2,90
2024-01-05 19:33:00,133.18,36.21,7.838,2163.3,0.779,99.3,100
2024-01-05 19:34:00,149.4,58.86,7.571,2330.9,2.171,36.0,130
2024-01-05 19:35:00,125.48,35.1,8.503,2174.5,0.61,95.5,90
2024-01-05 19:36:00,133.12,34.6,8.112,2162.5,2.323,97.3,100
2024-01-05 19:37:00,125.29,46.38,7.663,2181.1,1.179,73.8,90
2024-01-05 19:38:00,154.69,47.95,8.591,2170.0,1.533,73.5,130
2024-01-05 19:39:00,145.66,48.12,7.965,2055.3,0.512,77.9,115
2024-01-05 19:40:00,138.9,35.71,7.857,2160.2,1.273,99.0,100
2024-01-05 19:41:00,143.63,35.93,8.002,2256.2,0.51,98.5,115
2024-01-05 19:42:00,133.83,35.9,8.123,2107.3,0.513,98.7,100
2024-01-05 19:43:00,130.84,59.46,8.383,2149.2,0.527,37.6,100
2024-01-05 19:44:00,154.51,35.69,7.85,2396.0,2.177,95.4,130
2024-01-05 19:45:00,136.02,45.96,8.604,2203.6,0.553,62.2,100
2024-01-05 19:46:00,153.79,46.23,8.394,2283.6,1.287,61.4,130
2024-01-05 19:47:00,156.04,59.93,7.994,2325.8,2.445,38.2,130
2024-01-05 19:48:00,154.56,46.15,8.136,2370.7,2.42,72.4,130
2024-01-05 19:49:00,151.74,34.48,8.031,2211.6,0.586,99.8,130
2024-01-05 19:50:00,155.78,46.43,8.226,2245.6,2.316,70.9,130
2024-01-05 19:51:00,134.49,47.92,8.808,2223.9,0.593,67.7,100
2024-01-05 19:52:00,135.31,48.25,8.027,2011.6,1.298,76.5,100
2024-01-05 19:53:00,143.58,35.47,8.276,2142.8,1.425,99.8,115
2024-01-05 19:54:00,133.36,35.97,7.921,2052.9,0.597,98.5,100
2024-01-05 19:55:00,155.39,46.55,8.413,2383.4,0.659,64.0,130
2024-01-05 19:56:00,154.42,58.35,8.311,2223.2,0.524,32.5,130
2024-01-05 19:57:00,149.31,46.29,8.732,2293.4,0.655,63.8,115
2024-01-05 19:58:00,147.0,35.25,7.868,2201.7,2.371,96.0,115
2024-01-05 19:59:00,136.36,35.61,8.476,2292.3,0.939,97.2,100
2024-01-05 20:00:00,144.56,46.92,8.706,2240.3,2.132,79.7,115
2024-01-05 20:01:00,129.93,35.27,8.025,2235.4,0.606,95.3,100
2024-01-05 20:02:00,132.98,46.54,8.149,2186.8,2.233,68.4,100
2024-01-05 20:03:00,123.38,35.78,8.276,2033.9,1.67,98.5,90
2024-01-05 20:04:00,154.31,45.91,8.105,2309.0,2.16,64.9,130
2024-01-05 20:05:00,144.92,60.64,8.271,2230.7,0.536,34.9,115
2024-01-05 20:06:00,146.64,59.53,8.469,2193.1,1.231,17.3,115
2024-01-05 20:07:00,125.68,48.65,8.154,2141.0,0.534,73.7,90
2024-01-05 20:08:00,157.9,35.25,8.151,2510.8,0.907,99.1,130
2024-01-05 20:09:00,144.22,46.62,8.307,2239.3,1.393,74.5,115
2024-01-05 20:10:00,155.64,35.05,8.04,2367.3,1.309,96.2,130
2024-01-05 20:11:00,145.86,35.12,8.06,2272.3,0.903,97.2,115
2024-01-05 20:12:00,155.61,47.49,7.84,2101.2,1.271,68.6,130
2024-01-05 20:13:00,158.2,59.97,8.183,2349.3,1.726,14.9,130
2024-01-05 20:14:00,147.01,60.79,8.379,2265.3,0.784,30.1,115
2024-01-05 20:15:00,151.7,35.87,8.092,2210.1,1.204,98.0,130
2024-01-05 20:16:00,154.71,47.03,7.891,2166.9,1.324,62.7,130
2024-01-05 20:17:00,154.97,47.3,8.162,2344.2,0.87,65.7,130
2024-01-05 20:18:00,160.38,47.96,8.359,2441.6,1.301,71.6,130
2024-01-05 20:19:00,124.18,36.03,8.251,2040.5,2.071,99.6,90
2024-01-05 20:20:00,142.54,60.22,9.092,2203.5,2.475,15.5,115
2024-01-05 20:21:00,136.1,47.34,7.937,2334.7,0.78,73.8,100
2024-01-05 20:22:00,146.24,46.08,8.14,2301.7,2.129,72.2,115
2024-01-05 20:23:00,124.82,49.06,8.512,1972.9,0.523,75.3,90
2024-01-05 20:24:00,144.45,35.92,7.922,2173.0,0.705,96.0,115
2024-01-05 20:25:00,147.37,60.5,8.971,2404.3,0.717,13.7,115
2024-01-05 20:26:00,142.87,35.48,8.202,2177.0,2.132,97.8,115
2024-01-05 20:27:00,134.15,33.66,8.424,2107.3,1.585,96.6,100
2024-01-05 20:28:00,143.69,46.79,8.208,2283.7,0.914,78.6,115
2024-01-05 20:29:00,157.73,35.56,8.607,2288.9,0.608,99.8,130
2024-01-05 20:30:00,155.71,46.34,7.775,2345.5,0.687,76.3,130
2024-01-05 20:31:00,142.34,59.33,8.829,2253.0,0.643,36.0,115
2024-01-05 20:32:00,142.59,35.23,8.293,2218.4,1.207,99.9,115
2024-01-05 20:33:00,159.68,47.62,8.463,2406.7,1.219,78.6,130
2024-01-05 20:34:00,157.71,36.5,7.905,2208.0,2.403,99.5,130
2024-01-05 20:35:00,147.1,47.14,8.335,2239.4,2.234,78.1,115
2024-01-05 20:36:00,135.03,35.05,7.813,2103.6,1.389,95.9,100
2024-01-05 20:37:00,158.77,35.21,8.67,2441.4,0.69,96.4,130
2024-01-05 20:38:00,152.24,60.08,7.684,2296.0,0.595,35.0,130
2024-01-05 20:39:00,136.88,47.17,8.262,2303.8,1.206,65.7,100
2024-01-05 20:40:00,143.89,35.85,8.045,2196.3,0.809,95.6,115
2024-01-05 20:41:00,154.38,35.15,7.575,2318.7,1.326,98.2,130
2024-01-05 20:42:00,136.81,47.42,7.826,2237.0,2.13,64.3,100
2024-01-05 20:43:00,144.64,35.86,8.38,2153.6,2.104,117.0,115
2024-01-05 20:44:00,143.91,46.68,7.841,2350.7,0.504,71.9,115
2024-01-05 20:45:00,123.76,45.62,7.932,2072.1,0.507,71.8,90
2024-01-05 20:46:00,120.03,34.79,8.349,2102.9,2.134,96.8,90
2024-01-05 20:47:00,156.91,36.75,8.566,2353.7,2.153,97.2,130
2024-01-05 20:48:00,152.48,34.15,8.464,2303.9,0.557,114.9,130
2024-01-05 20:49:00,159.65,36.55,8.181,2245.2,1.4,98.0,130
2024-01-05 20:50:00,154.28,58.62,8.287,2317.5,1.255,23.4,130
2024-01-05 20:51:00,158.27,34.88,8.247,2149.1,0.724,96.0,130
2024-01-05 20:52:00,150.48,46.7,7.785,2205.1,0.847,65.2,130
2024-01-05 20:53:00,126.83,61.43,8.312,2058.8,2.197,17.8,90
2024-01-05 20:54:00,127.47,47.02,7.782,2193.8,1.453,64.4,90
2024-01-05 20:55:00,148.26,46.83,8.446,2351.4,0.522,76.8,115
2024-01-05 20:56:00,141.18,46.25,8.254,2308.4,1.279,65.9,115
2024-01-05 20:57:00,153.24,47.42,7.334,2186.9,1.43,78.2,130
2024-01-05 20:58:00,156.44,59.59,8.592,2334.1,2.637,39.8,130
2024-01-05 20:59:00,155.37,46.82,7.991,2241.2,0.691,66.3,130
2024-01-05 21:00:00,135.73,35.21,7.958,2144.6,2.19,96.2,100
2024-01-05 21:01:00,154.1,47.58,8.582,2386.4,0.575,61.9,130
2024-01-05 21:02:00,128.88,47.61,8.135,2122.6,1.299,67.8,90
2024-01-05 21:03:00,151.52,34.79,8.439,2332.7,1.412,98.7,115
2024-01-05 21:04:00,155.26,35.0,7.939,2197.3,0.579,97.0,130
2024-01-05 21:05:00,156.13,34.92,8.521,2228.2,0.627,99.8,130
2024-01-05 21:06:00,145.14,47.15,8.279,2350.5,2.385,73.0,115
2024-01-05 21:07:00,128.21,36.23,8.362,2191.7,1.254,95.1,90
2024-01-05 21:08:00,137.07,60.16,8.129,2148.7,0.752,16.8,100
2024-01-05 21:09:00,152.33,58.25,8.852,2308.1,0.787,23.3,130
2024-01-05 21:10:00,143.47,47.61,8.948,2323.8,0.899,75.5,115
2024-01-05 21:11:00,152.48,34.42,7.319,2352.6,0.505,95.0,130
2024-01-05 21:12:00,131.74,46.43,8.571,2118.5,2.124,73.5,90
2024-01-05 21:13:00,136.59,60.16,7.768,2076.0,1.819,11.1,100
2024-01-05 21:14:00,143.51,59.93,8.404,2321.9,2.127,37.5,115
2024-01-05 21:15:00,143.31,36.2,7.489,2214.0,0.634,96.3,115
2024-01-05 21:16:00,147.01,35.01,8.361,2118.6,1.237,96.2,115
2024-01-05 21:17:00,157.26,46.23,7.866,2247.5,0.834,73.4,130
2024-01-05 21:18:00,157.0,46.75,8.016,2262.2,1.22,72.5,130
2024-01-05 21:19:00,153.94,47.78,8.027,2428.2,0.518,77.9,130
2024-01-05 21:20:00,125.76,36.0,7.906,2014.3,0.641,98.1,90
2024-01-05 21:21:00,145.28,47.07,7.917,2260.8,1.254,74.4,115
2024-01-05 21:22:00,152.66,36.56,8.041,,0.717,99.3,130
2024-01-05 21:23:00,122.68,47.92,8.138,2144.9,1.431,62.0,90
2024-01-05 21:24:00,156.03,36.13,8.329,2246.7,1.376,98.2,130
2024-01-05 21:25:00,155.49,59.06,8.944,2341.3,1.56,24.1,130
2024-01-05 21:26:00,156.38,47.63,7.821,2341.2,2.339,67.6,130
2024-01-05 21:27:00,146.98,46.84,8.251,2280.6,0.542,62.8,115
2024-01-05 21:28:00,148.75,46.68,8.509,2256.6,0.516,75.7,115
2024-01-05 21:29:00,143.06,59.45,7.916,2383.2,2.375,25.9,115
2024-01-05 21:30:00,,35.36,7.297,2166.7,1.469,98.9,100
2024-01-05 21:31:00,156.87,46.5,7.436,,0.88,70.4,130
2024-01-05 21:32:00,134.22,35.64,7.312,2201.0,2.145,98.3,100
2024-01-05 21:33:00,155.3,35.36,8.816,2332.0,0.551,96.1,130
2024-01-05 21:34:00,134.28,47.18,8.446,2221.3,0.672,65.1,100
2024-01-05 21:35:00,140.27,35.94,8.502,2165.7,0.534,95.2,100
2024-01-05 21:36:00,135.26,35.26,8.593,2185.9,0.57,96.0,100
2024-01-05 21:37:00,146.13,46.41,7.97,2257.8,0.835,62.8,115
2024-01-05 21:38:00,134.34,33.89,9.121,2169.8,0.581,98.0,100
2024-01-05 21:39:00,153.8,47.62,8.334,2479.5,0.502,73.0,130
2024-01-05 21:40:00,121.74,35.56,8.171,2251.8,0.71,97.6,90
2024-01-05 21:41:00,157.75,35.36,8.644,2336.2,0.54,95.0,130
2024-01-05 21:42:00,156.92,47.94,8.467,2410.8,1.244,64.0,130
2024-01-05 21:43:00,144.25,45.97,8.734,2326.1,0.503,63.0,115
2024-01-05 21:44:00,132.75,47.04,8.758,2237.4,0.673,60.4,100
2024-01-05 21:45:00,155.45,34.73,8.059,2353.6,0.665,97.1,130
2024-01-05 21:46:00,123.76,36.02,8.275,2123.1,0.52,96.2,90
2024-01-05 21:47:00,124.44,45.22,7.836,2115.7,0.51,71.9,90
2024-01-05 21:48:00,141.84,36.14,7.549,2172.5,0.635,96.8,115
2024-01-05 21:49:00,145.54,36.11,8.535,2224.8,1.504,97.3,115
2024-01-05 21:50:00,135.59,59.26,8.583,2054.3,1.815,33.8,100
2024-01-05 21:51:00,157.74,47.05,7.407,2356.1,2.116,77.1,130
2024-01-05 21:52:00,144.62,34.78,7.913,2264.5,1.446,99.6,115
2024-01-05 21:53:00,124.17,35.84,8.222,2125.9,0.543,96.3,90
2024-01-05 21:54:00,121.11,36.16,8.261,2008.0,0.507,96.6,90
2024-01-05 21:55:00,127.75,46.2,9.018,2147.2,1.282,79.8,90
2024-01-05 21:56:00,157.23,58.96,7.949,2347.7,0.671,22.2,130
2024-01-05 21:57:00,155.07,47.88,8.131,2488.6,0.684,77.1,130
2024-01-05 21:58:00,151.68,48.55,8.46,2374.5,0.51,71.6,130
2024-01-05 21:59:00,141.96,47.4,8.06,2182.2,1.726,64.0,115
2024-01-05 22:00:00,153.63,35.95,7.998,2202.0,2.111,97.9,130
2024-01-05 22:01:00,157.41,59.73,7.965,2327.5,2.149,27.5,130
2024-01-05 22:02:00,145.73,35.64,8.293,2147.7,0.613,96.9,115
2024-01-05 22:03:00,131.27,47.28,8.13,2091.2,1.082,67.7,100
2024-01-05 22:04:00,136.01,35.35,8.473,2072.7,3.047,98.0,100
2024-01-05 22:05:00,132.9,61.08,8.343,2103.5,1.2,32.0,100
2024-01-05 22:06:00,153.69,47.14,7.034,2426.5,0.551,74.8,130
2024-01-05 22:07:00,157.43,60.24,7.499,2232.6,1.339,32.2,130
2024-01-05 22:08:00,136.91,35.37,8.0,2116.0,1.437,95.3,100
2024-01-05 22:09:00,147.73,35.45,8.592,2115.6,2.314,96.2,115
2024-01-05 22:10:00,144.94,47.97,7.939,2093.5,1.258,74.3,115
2024-01-05 22:11:00,157.21,47.12,8.35,2287.6,0.544,73.5,130
2024-01-05 22:12:00,153.53,35.64,8.439,2326.6,1.203,99.4,130
2024-01-05 22:13:00,144.36,47.15,8.416,2138.0,2.47,69.7,115
2024-01-05 22:14:00,124.18,59.71,7.981,1948.4,1.295,20.7,90
2024-01-05 22:15:00,125.06,45.87,7.741,1920.3,1.6,73.8,90
2024-01-05 22:16:00,141.78,36.76,7.675,2241.6,2.178,97.8,115
2024-01-05 22:17:00,144.44,60.85,9.388,2304.8,1.482,33.9,115
2024-01-05 22:18:00,138.63,48.0,8.382,2035.7,0.514,74.9,100
2024-01-05 22:19:00,142.27,34.64,8.936,2178.2,1.534,95.8,115
2024-01-05 22:20:00,141.68,61.16,7.867,2316.6,1.643,17.2,115
2024-01-05 22:21:00,121.88,61.57,8.699,2052.9,0.562,30.1,90
2024-01-05 22:22:00,141.65,36.34,8.009,2142.0,0.531,98.9,100
2024-01-05 22:23:00,126.16,36.82,8.188,2100.4,1.244,99.1,90
2024-01-05 22:24:00,154.32,47.64,8.085,2274.5,0.905,63.6,130
2024-01-05 22:25:00,145.17,34.82,7.848,2167.8,1.267,99.7,115
2024-01-05 22:26:00,135.57,35.91,7.854,2174.6,0.553,98.1,100
2024-01-05 22:27:00,153.4,59.18,8.184,2199.5,2.872,38.5,130
2024-01-05 22:28:00,133.71,35.02,7.965,2021.0,0.722,95.4,100
2024-01-05 22:29:00,154.61,47.25,8.251,2254.6,0.857,79.0,130
2024-01-05 22:30:00,133.19,47.15,7.865,2207.0,0.775,80.0,100
2024-01-05 22:31:00,144.01,47.37,8.483,2323.0,1.294,77.4,115
2024-01-05 22:32:00,155.88,45.57,8.016,2272.0,0.897,76.5,130
2024-01-05 22:33:00,142.51,59.88,8.855,2296.4,0.677,12.7,115
2024-01-05 22:34:00,141.52,60.44,8.18,2260.5,1.414,15.9,100
2024-01-05 22:35:00,146.88,47.6,8.159,2233.0,0.579,68.7,115
2024-01-05 22:36:00,141.82,36.15,8.841,2280.9,1.994,95.8,115
2024-01-05 22:37:00,118.81,35.7,8.002,2219.3,1.586,95.1,90
2024-01-05 22:38:00,143.28,35.2,8.037,2173.6,1.232,95.5,115
2024-01-05 22:39:00,146.71,47.4,7.92,2210.7,0.546,78.5,115
2024-01-05 22:40:00,156.23,46.76,8.282,2438.0,1.476,78.5,130
2024-01-05 22:41:00,124.72,60.72,7.906,1994.8,0.505,36.1,90
2024-01-05 22:42:00,153.5,60.34,8.511,2322.4,2.182,23.2,130
2024-01-05 22:43:00,142.74,46.95,8.181,2179.7,2.252,65.4,115
2024-01-05 22:44:00,133.99,34.88,8.536,2259.1,0.546,98.9,100
2024-01-05 22:45:00,152.47,36.4,8.49,2215.2,0.913,97.8,130
2024-01-05 22:46:00,144.0,35.95,7.995,2224.6,0.94,97.4,115
2024-01-05 22:47:00,158.33,48.68,7.905,2226.2,1.129,69.7,130
2024-01-05 22:48:00,133.07,35.92,8.069,2032.7,1.232,95.4,100
2024-01-05 22:49:00,146.53,47.49,8.204,2078.2,1.217,75.0,115
2024-01-05 22:50:00,126.91,58.83,8.334,2056.8,0.662,23.2,90
2024-01-05 22:51:00,122.3,35.75,8.378,2108.7,1.514,96.3,90
2024-01-05 22:52:00,142.89,35.25,8.187,2231.5,2.169,97.4,115
2024-01-05 22:53:00,137.67,60.66,7.928,2168.8,1.255,38.5,100
2024-01-05 22:54:00,142.69,47.27,7.965,2195.2,0.646,66.4,115
2024-01-05 22:55:00,154.86,47.79,8.407,2388.8,1.332,60.8,130
2024-01-05 22:56:00,150.1,37.21,7.94,2288.2,1.331,99.0,115
2024-01-05 22:57:00,127.45,46.36,8.424,2080.0,2.204,71.7,90
2024-01-05 22:58:00,145.21,36.26,8.437,2246.4,0.76,98.8,115
2024-01-05 22:59:00,157.1,60.55,8.814,2272.7,0.691,13.5,130
2024-01-05 23:00:00,154.86,48.58,8.008,2465.6,1.334,60.8,130
2024-01-05 23:01:00,147.55,47.56,8.07,2294.7,1.455,65.1,115
2024-01-05 23:02:00,149.88,47.48,7.275,2301.8,1.261,67.9,130
2024-01-05 23:03:00,144.65,47.68,7.823,2216.2,0.945,72.0,115
2024-01-05 23:04:00,139.78,36.24,7.818,2198.8,1.297,96.5,115
2024-01-05 23:05:00,145.4,36.66,8.402,2206.1,0.579,95.7,115
2024-01-05 23:06:00,154.41,34.84,8.923,2329.7,0.656,95.3,130
2024-01-05 23:07:00,148.4,35.19,8.432,2093.5,1.263,98.0,115
2024-01-05 23:08:00,126.78,36.89,8.596,2050.1,0.563,95.4,90
2024-01-05 23:09:00,123.68,45.43,7.915,2059.5,0.516,65.7,90
2024-01-05 23:10:00,143.98,35.43,7.721,2229.3,1.411,96.8,115
2024-01-05 23:11:00,155.95,47.12,8.103,2324.0,1.688,66.5,130
2024-01-05 23:12:00,123.57,46.86,7.95,2072.6,0.731,63.4,90
2024-01-05 23:13:00,134.92,48.26,7.856,2182.4,1.368,75.8,100
2024-01-05 23:14:00,158.29,47.38,8.287,2299.2,0.749,75.4,130
2024-01-05 23:15:00,152.93,46.69,7.726,2389.0,1.179,69.3,130
2024-01-05 23:16:00,,34.99,8.531,2362.6,0.582,99.3,130
2024-01-05 23:17:00,154.23,47.23,8.04,2489.7,0.613,69.5,130
2024-01-05 23:18:00,162.9,60.93,8.182,2366.1,2.167,19.4,130
2024-01-05 23:19:00,126.52,47.11,8.24,2010.4,0.503,62.9,90
2024-01-05 23:20:00,147.83,59.89,8.013,2217.5,1.285,35.3,115
2024-01-05 23:21:00,136.92,59.44,8.706,2109.4,2.115,13.4,100
2024-01-05 23:22:00,137.09,47.3,7.558,2150.6,2.491,70.1,100
2024-01-05 23:23:00,136.18,47.25,8.713,2237.8,0.751,62.6,100
2024-01-05 23:24:00,125.91,46.42,8.061,2044.1,2.172,77.7,90
2024-01-05 23:25:00,121.37,36.32,8.568,2024.5,2.179,99.7,90
2024-01-05 23:26:00,145.89,36.86,8.28,2271.3,0.669,95.7,115
2024-01-05 23:27:00,124.73,47.04,8.54,2004.8,0.82,65.3,90
2024-01-05 23:28:00,136.36,47.24,8.153,2080.1,0.754,61.9,100
2024-01-05 23:29:00,154.82,46.12,8.295,2340.6,1.206,74.8,130
2024-01-05 23:30:00,136.91,36.09,8.639,2006.7,1.508,95.6,100
2024-01-05 23:31:00,137.35,60.37,8.238,2111.4,0.926,26.2,100
2024-01-05 23:32:00,117.72,59.74,8.732,2138.5,1.219,15.3,90
2024-01-05 23:33:00,153.92,34.91,8.341,2163.3,0.794,98.6,130
2024-01-05 23:34:00,140.36,48.48,7.907,2089.1,2.158,69.0,115
2024-01-05 23:35:00,155.6,60.31,8.058,2195.3,0.538,15.4,130
2024-01-05 23:36:00,154.25,46.27,8.555,2091.5,1.357,77.3,130
2024-01-05 23:37:00,158.39,36.18,7.704,2461.7,0.661,99.3,130
2024-01-05 23:38:00,145.52,35.68,8.517,2239.6,0.627,97.2,115
2024-01-05 23:39:00,133.79,35.55,8.054,2096.4,1.664,97.2,100
2024-01-05 23:40:00,157.35,47.78,7.684,2206.8,0.555,72.5,130
2024-01-05 23:41:00,144.2,44.91,8.283,2406.1,1.385,72.7,115
2024-01-05 23:42:00,153.76,34.05,7.92,2362.4,2.205,99.9,130
2024-01-05 23:43:00,155.98,36.6,7.971,2299.7,0.914,95.9,130
2024-01-05 23:44:00,149.03,46.9,7.95,2327.6,2.129,70.1,115
2024-01-05 23:45:00,157.13,35.16,8.246,2341.1,0.517,96.4,130
2024-01-05 23:46:00,146.42,45.93,8.044,2189.8,1.486,70.5,115
2024-01-05 23:47:00,161.88,47.16,8.356,2261.5,0.672,72.4,130
2024-01-05 23:48:00,153.17,35.75,8.605,2262.8,2.586,95.0,130
2024-01-05 23:49:00,143.11,48.15,8.417,2148.7,0.605,62.9,115
2024-01-05 23:50:00,145.36,35.8,8.922,2318.9,2.285,97.7,115
2024-01-05 23:51:00,158.79,59.76,9.021,2268.6,2.337,16.5,130
2024-01-05 23:52:00,142.65,47.32,8.084,2338.3,1.355,68.1,115
2024-01-05 23:53:00,139.39,36.39,7.739,2083.7,1.224,95.5,100
2024-01-05 23:54:00,131.4,36.21,8.084,2102.1,1.227,97.6,100
2024-01-05 23:55:00,154.7,60.5,8.247,2273.8,0.648,38.6,130
2024-01-05 23:56:00,145.43,47.22,9.09,2158.1,0.511,61.3,115
2024-01-05 23:57:00,132.79,35.03,8.05,2103.1,0.76,97.3,100
2024-01-05 23:58:00,153.45,59.17,8.311,2354.0,2.137,36.7,130
2024-01-05 23:59:00,126.99,34.55,7.928,2166.2,1.534,98.3,90
2024-01-06 00:00:00,128.6,35.82,8.061,2093.9,0.562,99.8,90
2024-01-06 00:01:00,119.71,60.4,7.714,1974.7,0.821,23.3,90
2024-01-06 00:02:00,135.45,60.88,7.615,2102.0,2.298,22.8,100
2024-01-06 00:03:00,134.72,60.45,8.744,2103.7,0.525,14.8,100
2024-01-06 00:04:00,145.27,36.34,8.626,2366.0,1.367,95.5,115
2024-01-06 00:05:00,134.21,46.9,8.052,2228.8,0.954,73.2,100
2024-01-06 00:06:00,131.77,47.62,8.625,2247.1,2.168,73.1,100
2024-01-06 00:07:00,138.86,46.2,7.677,2093.3,2.315,62.1,100
2024-01-06 00:08:00,157.9,35.45,8.131,2208.1,0.508,98.2,130
2024-01-06 00:09:00,154.74,58.53,8.27,2355.9,0.859,29.5,130
2024-01-06 00:10:00,123.78,,8.706,2033.2,0.546,64.5,90
2024-01-06 00:11:00,153.48,36.48,8.279,2333.3,0.688,99.7,130
2024-01-06 00:12:00,128.54,35.56,8.418,2183.0,0.649,99.4,100
2024-01-06 00:13:00,125.88,36.08,8.012,2038.4,1.359,99.5,90
2024-01-06 00:14:00,136.95,60.22,8.306,2230.3,0.559,24.7,100
2024-01-06 00:15:00,125.34,46.54,8.706,1953.2,0.664,72.0,90
2024-01-06 00:16:00,134.78,35.35,7.553,2158.8,1.385,98.4,100
2024-01-06 00:17:00,155.33,47.94,8.654,2364.3,1.311,73.1,130
2024-01-06 00:18:00,132.87,36.07,8.116,2286.2,0.701,98.2,100
2024-01-06 00:19:00,153.75,35.01,7.638,2320.8,1.243,96.9,130
2024-01-06 00:20:00,144.58,58.89,8.093,2330.6,1.344,26.2,115
2024-01-06 00:21:00,156.74,35.67,8.716,2405.3,1.452,96.8,130
2024-01-06 00:22:00,158.45,35.03,8.007,2496.9,0.592,95.0,130
2024-01-06 00:23:00,144.43,59.86,8.32,2255.9,0.606,13.0,115
2024-01-06 00:24:00,152.39,45.84,7.555,2474.2,2.136,60.3,130
2024-01-06 00:25:00,145.09,47.83,7.47,2294.8,2.292,79.8,115
2024-01-06 00:26:00,140.03,46.92,7.769,2027.3,1.226,60.6,100
2024-01-06 00:27:00,152.61,60.04,8.605,2312.3,0.639,34.0,130
2024-01-06 00:28:00,157.21,34.83,8.18,2236.7,1.247,95.8,130
2024-01-06 00:29:00,138.34,35.28,8.64,2272.4,2.143,97.5,100
2024-01-06 00:30:00,134.1,47.1,8.663,2163.5,0.52,75.5,100
2024-01-06 00:31:00,123.25,59.51,7.897,1964.4,0.588,37.1,90
2024-01-06 00:32:00,156.44,35.33,8.827,2380.6,1.604,97.7,130
2024-01-06 00:33:00,125.88,48.11,7.982,2175.7,2.286,62.9,90
2024-01-06 00:34:00,146.74,34.1,8.6,2197.7,0.802,99.4,115
2024-01-06 00:35:00,150.18,47.15,8.584,2194.2,1.224,72.8,115
2024-01-06 00:36:00,155.42,46.37,8.226,2326.1,1.275,70.0,130
2024-01-06 00:37:00,142.02,48.07,8.227,2085.1,1.298,64.5,115
2024-01-06 00:38:00,155.17,35.36,8.328,2366.8,1.593,98.4,130
2024-01-06 00:39:00,155.6,46.16,8.246,2445.3,1.418,77.5,130
2024-01-06 00:40:00,148.17,35.33,8.044,2177.9,0.635,95.3,115
2024-01-06 00:41:00,134.51,47.28,8.01,2297.4,0.571,63.8,100
2024-01-06 00:42:00,133.98,49.22,8.047,2229.6,1.485,69.8,100
2024-01-06 00:43:00,141.57,45.31,8.687,2223.8,0.938,72.1,115
2024-01-06 00:44:00,146.37,34.54,7.565,2280.8,1.354,95.4,115
2024-01-06 00:45:00,153.37,36.54,8.001,2357.8,1.209,95.9,115
2024-01-06 00:46:00,124.44,45.79,8.07,2081.3,0.563,73.7,90
2024-01-06 00:47:00,146.13,47.01,8.109,2261.4,1.474,68.1,115
2024-01-06 00:48:00,153.63,59.61,8.319,2267.2,1.298,18.4,130
2024-01-06 00:49:00,151.8,46.49,7.661,2300.4,0.697,68.8,130
2024-01-06 00:50:00,146.09,46.86,8.61,2286.1,0.649,62.2,115
2024-01-06 00:51:00,145.07,35.23,8.555,2215.6,2.577,95.5,115
2024-01-06 00:52:00,149.04,36.35,8.47,2269.7,0.573,97.7,130
2024-01-06 00:53:00,139.03,48.06,8.117,2242.1,1.318,78.9,100
2024-01-06 00:54:00,136.04,47.34,7.905,2188.6,0.513,78.0,100
2024-01-06 00:55:00,135.18,35.31,8.07,2111.6,0.827,97.5,100
2024-01-06 00:56:00,153.95,35.71,8.224,2450.2,0.579,96.3,130
2024-01-06 00:57:00,156.01,60.64,8.466,2479.1,1.456,35.0,130
2024-01-06 00:58:00,126.13,47.8,8.167,2151.2,0.501,76.6,90
2024-01-06 00:59:00,126.0,47.3,8.344,1974.4,0.904,66.0,90
2024-01-06 01:00:00,157.67,48.22,8.026,2342.6,1.915,79.7,130
2024-01-06 01:01:00,158.24,46.51,8.315,2357.1,0.627,70.1,130
2024-01-06 01:02:00,150.01,60.91,8.1,2103.2,0.632,19.1,115
2024-01-06 01:03:00,152.91,36.06,8.307,2405.4,0.692,98.8,130
2024-01-06 01:04:00,133.57,46.51,7.493,2166.7,1.239,63.6,100
2024-01-06 01:05:00,125.9,60.19,8.395,2159.8,1.364,29.4,90
2024-01-06 01:06:00,153.05,47.24,8.416,2285.6,0.515,62.5,130
2024-01-06 01:07:00,153.45,35.39,8.412,2348.7,0.667,95.7,130
2024-01-06 01:08:00,126.19,35.38,7.805,2112.6,2.209,97.4,90
2024-01-06 01:09:00,157.25,45.78,7.916,2325.1,2.386,77.1,130
2024-01-06 01:10:00,128.19,46.45,7.853,2109.3,2.172,76.2,90
2024-01-06 01:11:00,134.52,35.31,8.332,2139.0,2.617,97.9,100
2024-01-06 01:12:00,126.16,46.54,8.463,1975.4,1.522,60.7,90
2024-01-06 01:13:00,155.61,46.32,7.921,2146.7,1.279,77.7,130
2024-01-06 01:14:00,155.04,47.85,8.726,2260.6,1.287,76.1,130
2024-01-06 01:15:00,142.96,59.92,8.721,2293.3,1.346,30.0,115
2024-01-06 01:16:00,142.64,48.73,8.255,2146.9,1.221,61.1,115
2024-01-06 01:17:00,156.67,35.68,8.348,2394.9,0.734,99.6,130
2024-01-06 01:18:00,122.92,36.33,7.528,2181.3,2.288,96.0,90
2024-01-06 01:19:00,130.56,46.83,7.988,2187.8,1.277,62.1,100
2024-01-06 01:20:00,134.92,34.97,7.699,2136.7,2.303,97.9,100
2024-01-06 01:21:00,158.64,60.21,7.836,2392.0,0.521,31.2,130
2024-01-06 01:22:00,128.01,48.04,8.406,2242.6,1.108,73.2,100
2024-01-06 01:23:00,134.28,46.93,8.502,2132.0,0.514,67.9,100
2024-01-06 01:24:00,146.69,35.86,8.519,2236.8,1.28,99.2,115
2024-01-06 01:25:00,120.44,60.21,8.297,2004.9,1.205,13.5,90
2024-01-06 01:26:00,154.47,46.92,8.409,2332.9,0.602,77.4,130
2024-01-06 01:27:00,152.15,35.46,7.564,2144.6,0.934,97.9,130
2024-01-06 01:28:00,152.48,34.7,7.684,2286.6,0.533,95.1,130
2024-01-06 01:29:00,133.99,35.49,8.116,,1.214,97.8,100
2024-01-06 01:30:00,142.19,47.52,8.439,2223.0,2.123,77.6,115
2024-01-06 01:31:00,151.98,60.24,8.021,2246.4,1.215,36.7,130
2024-01-06 01:32:00,154.85,47.15,7.656,2157.0,1.219,64.3,130
2024-01-06 01:33:00,160.57,60.58,7.923,2257.7,0.711,37.3,130
2024-01-06 01:34:00,156.89,35.66,7.827,2271.9,0.616,96.1,130
2024-01-06 01:35:00,147.53,47.01,7.51,2315.2,1.594,80.0,115
2024-01-06 01:36:00,156.99,47.59,9.09,2258.7,1.27,65.1,130
2024-01-06 01:37:00,153.26,35.61,8.693,2242.2,2.106,95.7,130
2024-01-06 01:38:00,125.78,46.81,7.41,1974.6,0.776,60.2,90
2024-01-06 01:39:00,147.74,47.37,7.431,2321.4,2.278,66.2,115
2024-01-06 01:40:00,137.07,35.47,7.878,2132.2,0.614,98.0,100
2024-01-06 01:41:00,155.49,35.27,7.604,2331.8,0.578,98.1,130
2024-01-06 01:42:00,156.3,35.62,9.153,2186.5,0.959,97.7,130
2024-01-06 01:43:00,151.16,60.13,7.879,2089.6,1.226,36.3,115
2024-01-06 01:44:00,157.1,46.12,8.345,2237.8,0.53,79.4,130
2024-01-06 01:45:00,154.21,35.77,7.998,2439.9,0.503,96.5,130
2024-01-06 01:46:00,124.81,61.48,7.733,1982.7,1.215,16.8,90
2024-01-06 01:47:00,122.36,46.22,8.619,2019.9,0.889,70.7,90
2024-01-06 01:48:00,160.87,35.1,8.462,2311.0,0.816,95.1,130
2024-01-06 01:49:00,159.01,62.22,8.176,2260.0,0.522,14.0,130
2024-01-06 01:50:00,125.21,34.84,9.153,2108.3,0.803,96.7,90
2024-01-06 01:51:00,160.45,48.03,8.294,2243.5,1.405,70.3,130
2024-01-06 01:52:00,146.58,46.82,8.017,2141.9,1.298,66.4,115
2024-01-06 01:53:00,123.92,60.05,8.966,2287.4,0.518,35.9,90
2024-01-06 01:54:00,127.27,35.4,8.362,1995.1,0.684,96.4,90
2024-01-06 01:55:00,146.0,47.34,8.851,2293.6,2.466,71.2,115
2024-01-06 01:56:00,157.09,45.74,8.184,2234.6,1.309,66.0,130
2024-01-06 01:57:00,151.58,35.65,6.994,2186.7,1.31,95.9,130
2024-01-06 01:58:00,122.97,35.18,7.576,2062.8,0.851,99.4,90
2024-01-06 01:59:00,128.72,34.01,8.633,1962.7,0.547,95.4,90
2024-01-06 02:00:00,149.23,47.9,7.964,2198.5,2.138,78.8,115
2024-01-06 02:01:00,138.54,45.31,8.301,2086.3,1.438,60.3,100
2024-01-06 02:02:00,140.55,37.22,8.654,2250.1,0.714,98.9,100
2024-01-06 02:03:00,136.44,35.99,8.272,,0.986,95.5,100
2024-01-06 02:04:00,136.27,45.91,7.856,2204.1,0.581,78.9,100
2024-01-06 02:05:00,132.72,61.07,8.196,2172.8,0.545,40.0,100
2024-01-06 02:06:00,143.55,34.9,8.243,2211.7,2.212,97.6,115
2024-01-06 02:07:00,150.03,46.44,8.037,2249.3,2.197,67.3,130
2024-01-06 02:08:00,134.2,34.06,7.646,2163.8,1.056,96.9,100
2024-01-06 02:09:00,139.85,46.31,8.058,2248.0,0.999,74.6,115
2024-01-06 02:10:00,157.7,46.4,8.163,2341.5,1.312,74.4,130
2024-01-06 02:11:00,135.97,36.15,7.623,2128.5,0.606,98.5,100
2024-01-06 02:12:00,129.93,60.93,7.833,2058.4,1.318,24.2,100
2024-01-06 02:13:00,124.53,46.01,7.913,2140.3,1.463,71.1,90
2024-01-06 02:14:00,159.92,47.22,7.456,2309.7,1.36,61.6,130
2024-01-06 02:15:00,144.69,45.53,8.251,2181.0,1.268,68.4,115
2024-01-06 02:16:00,152.5,35.72,8.295,2229.9,1.493,99.7,130
2024-01-06 02:17:00,120.54,37.23,7.982,2143.8,2.568,98.0,90
2024-01-06 02:18:00,150.61,34.08,7.653,2420.7,0.753,95.7,130
2024-01-06 02:19:00,136.34,59.19,8.363,2196.0,2.143,38.7,100
2024-01-06 02:20:00,133.92,47.58,8.418,2201.4,0.814,60.6,100
2024-01-06 02:21:00,154.12,47.68,8.239,2403.8,1.401,74.2,130
2024-01-06 02:22:00,123.93,34.75,8.217,2041.1,0.731,96.1,90
2024-01-06 02:23:00,124.65,36.68,8.438,2240.7,1.256,97.5,90
2024-01-06 02:24:00,151.93,34.85,8.162,2225.2,0.501,99.0,130
2024-01-06 02:25:00,,48.34,7.833,2290.5,2.197,70.1,130
2024-01-06 02:26:00,151.44,47.37,8.172,2248.3,1.327,69.2,130
2024-01-06 02:27:00,153.11,48.02,8.043,2315.1,0.981,75.2,130
2024-01-06 02:28:00,127.53,60.3,8.172,2208.5,1.393,15.9,90
2024-01-06 02:29:00,125.94,60.53,8.554,2050.9,2.166,34.7,90
2024-01-06 02:30:00,156.71,36.07,7.719,2343.7,1.435,98.5,130
2024-01-06 02:31:00,150.38,47.92,8.271,1997.3,0.519,61.1,115
2024-01-06 02:32:00,144.85,46.97,7.699,2264.2,2.148,65.3,115
2024-01-06 02:33:00,155.05,59.28,7.833,2389.9,1.473,10.7,130
2024-01-06 02:34:00,154.34,35.44,8.83,2319.8,0.571,96.5,130
2024-01-06 02:35:00,153.89,34.97,8.383,2224.7,0.506,97.2,130
2024-01-06 02:36:00,142.47,35.02,8.264,2134.0,0.637,96.6,115
2024-01-06 02:37:00,135.21,36.82,7.537,2105.6,2.315,97.2,100
2024-01-06 02:38:00,135.89,47.5,8.106,2053.3,0.811,70.1,100
2024-01-06 02:39:00,156.03,35.96,7.371,2436.1,0.573,95.3,130
2024-01-06 02:40:00,135.16,60.86,8.215,2187.4,2.211,29.7,100
2024-01-06 02:41:00,137.32,47.49,7.701,2265.6,0.663,65.9,100
2024-01-06 02:42:00,125.07,36.99,8.423,2046.9,2.116,99.1,90
2024-01-06 02:43:00,143.98,33.82,8.265,2168.8,0.544,96.8,115
2024-01-06 02:44:00,122.68,46.2,7.714,2013.8,1.292,78.2,90
2024-01-06 02:45:00,121.13,46.44,8.353,2033.0,0.562,78.4,90
2024-01-06 02:46:00,148.65,45.9,9.037,2190.5,2.225,72.8,115
2024-01-06 02:47:00,153.25,60.09,8.119,2407.7,1.41,35.8,130
2024-01-06 02:48:00,122.69,47.13,8.552,2143.1,2.255,70.2,90
2024-01-06 02:49:00,133.96,48.58,7.359,2171.7,1.498,61.4,100
2024-01-06 02:50:00,124.3,47.72,8.387,1937.2,0.697,66.6,90
2024-01-06 02:51:00,139.1,35.09,7.972,2173.6,0.569,95.2,100
2024-01-06 02:52:00,144.18,47.4,8.092,2205.1,0.526,60.9,115
2024-01-06 02:53:00,161.58,45.54,8.438,2422.5,1.404,73.9,130
2024-01-06 02:54:00,155.16,47.11,8.103,2381.6,2.148,79.6,130
2024-01-06 02:55:00,130.14,35.57,7.553,2081.4,0.577,99.5,90
2024-01-06 02:56:00,157.23,46.28,8.811,2142.2,1.517,67.9,130
2024-01-06 02:57:00,155.9,59.84,7.62,2299.1,2.15,19.8,130
2024-01-06 02:58:00,138.94,46.45,7.864,2097.7,0.654,79.9,100
2024-01-06 02:59:00,137.81,34.75,8.251,2182.4,2.12,96.1,100
2024-01-06 03:00:00,156.59,47.54,8.255,2218.6,0.608,60.8,130
2024-01-06 03:01:00,160.79,36.33,8.371,2331.0,1.985,96.2,130
2024-01-06 03:02:00,143.75,35.91,8.253,2052.5,1.117,99.2,115
2024-01-06 03:03:00,152.51,35.15,8.659,2199.2,1.086,99.1,130
2024-01-06 03:04:00,133.31,34.97,8.396,2079.6,0.681,97.4,100
2024-01-06 03:05:00,159.38,46.67,7.726,2266.3,2.17,73.1,130
2024-01-06 03:06:00,128.63,59.82,7.161,2101.1,2.188,11.5,90
2024-01-06 03:07:00,133.69,34.8,8.26,2017.6,0.546,99.0,100
2024-01-06 03:08:00,129.11,47.84,8.786,2098.7,2.121,71.6,100
2024-01-06 03:09:00,154.49,59.84,7.699,2260.7,1.237,27.3,130
2024-01-06 03:10:00,142.47,36.11,7.78,2285.0,2.226,98.0,115
2024-01-06 03:11:00,143.77,45.88,8.342,2214.7,0.505,73.4,115
2024-01-06 03:12:00,152.36,34.95,8.393,2232.6,1.06,99.0,130
2024-01-06 03:13:00,130.98,36.19,8.649,2063.7,1.365,98.2,100
2024-01-06 03:14:00,149.71,47.7,8.856,2185.8,0.538,66.0,115
2024-01-06 03:15:00,133.29,34.54,8.294,2018.1,0.608,95.1,100
2024-01-06 03:16:00,158.53,47.24,7.829,2440.1,0.594,69.0,130
2024-01-06 03:17:00,154.45,47.26,7.842,2309.7,0.861,60.7,130
2024-01-06 03:18:00,122.17,46.43,7.983,1996.9,0.526,68.7,90
2024-01-06 03:19:00,146.27,35.79,8.612,2145.6,2.212,99.4,115
2024-01-06 03:20:00,144.02,34.24,8.0,2133.4,0.748,97.0,115
2024-01-06 03:21:00,144.48,46.26,8.585,2259.7,0.593,60.7,115
2024-01-06 03:22:00,155.36,35.98,7.59,2177.7,1.289,98.2,130
2024-01-06 03:23:00,132.97,60.02,8.315,2135.8,1.283,17.9,100
2024-01-06 03:24:00,150.95,35.57,7.9,2355.9,1.487,98.5,130
2024-01-06 03:25:00,144.87,46.86,8.409,2183.1,1.225,63.5,115
2024-01-06 03:26:00,147.41,35.93,8.097,2149.1,0.889,95.7,115
2024-01-06 03:27:00,122.75,60.47,8.519,2137.0,0.515,34.3,90
2024-01-06 03:28:00,145.38,47.63,8.026,2139.4,1.277,72.0,115
2024-01-06 03:29:00,158.76,47.1,8.19,2287.8,2.199,61.3,130
2024-01-06 03:30:00,144.78,35.19,8.523,2239.2,1.3,96.3,115
2024-01-06 03:31:00,155.22,46.55,8.159,2261.7,0.542,70.1,130
2024-01-06 03:32:00,155.14,34.65,8.223,2214.1,0.685,100.0,130
2024-01-06 03:33:00,153.29,46.68,8.504,2265.3,0.621,76.8,130
2024-01-06 03:34:00,142.52,46.51,8.169,2257.2,1.368,70.8,115
2024-01-06 03:35:00,152.53,61.28,7.566,2251.7,0.691,37.6,130
2024-01-06 03:36:00,145.92,34.66,7.972,2266.4,0.542,97.3,115
2024-01-06 03:37:00,126.89,47.83,7.431,2049.6,1.006,66.2,90
2024-01-06 03:38:00,137.01,35.29,8.1,2101.6,0.855,95.9,100
2024-01-06 03:39:00,154.05,35.33,8.389,2252.0,0.853,96.2,130
2024-01-06 03:40:00,157.73,35.82,8.25,2328.6,0.652,99.6,130
2024-01-06 03:41:00,135.77,45.87,8.758,2240.2,1.543,67.6,100
2024-01-06 03:42:00,125.18,34.86,8.713,2079.7,0.697,96.1,90
2024-01-06 03:43:00,146.65,34.51,8.303,2232.8,1.32,97.0,130
2024-01-06 03:44:00,132.96,59.7,7.243,2237.5,0.779,15.4,100
2024-01-06 03:45:00,141.2,34.77,8.469,2159.2,0.683,99.2,115
2024-01-06 03:46:00,146.57,61.05,7.891,2368.3,1.2,16.8,115
2024-01-06 03:47:00,125.24,46.53,8.552,2057.1,1.662,68.6,90
2024-01-06 03:48:00,132.32,58.1,8.325,2079.7,1.312,24.0,100
2024-01-06 03:49:00,125.76,46.73,8.462,2114.7,1.37,76.0,90
2024-01-06 03:50:00,151.44,47.65,8.401,2285.1,2.204,78.5,130
2024-01-06 03:51:00,142.39,48.3,9.156,2265.4,0.521,63.5,115
2024-01-06 03:52:00,143.22,35.32,8.408,2237.4,0.859,99.5,115
2024-01-06 03:53:00,156.35,59.59,7.688,2199.7,1.429,25.2,130
2024-01-06 03:54:00,148.5,46.99,8.629,2224.4,0.853,70.2,115
2024-01-06 03:55:00,153.53,47.33,8.028,2350.1,0.632,62.0,130
2024-01-06 03:56:00,158.31,34.6,8.738,2319.0,1.514,99.8,130
2024-01-06 03:57:00,155.12,35.3,8.817,2410.5,0.82,95.3,130
2024-01-06 03:58:00,135.59,46.96,8.449,2175.0,0.582,68.6,100
2024-01-06 03:59:00,124.84,35.54,7.689,2050.6,1.201,99.8,90
2024-01-06 04:00:00,144.51,46.88,8.016,2246.8,2.493,71.5,115
2024-01-06 04:01:00,146.1,34.75,8.736,2190.6,2.141,99.2,115
2024-01-06 04:02:00,156.85,47.27,9.0,2338.8,0.906,65.6,130
2024-01-06 04:03:00,122.79,46.96,8.225,2098.7,1.393,61.4,90
2024-01-06 04:04:00,144.53,35.46,8.09,2130.9,0.701,95.7,115
2024-01-06 04:05:00,139.17,59.13,7.728,2211.8,0.557,11.0,100
2024-01-06 04:06:00,135.44,36.01,7.733,2328.7,1.303,96.9,100
2024-01-06 04:07:00,155.72,34.74,8.293,2353.7,0.575,98.8,130
2024-01-06 04:08:00,147.92,48.29,8.48,2067.6,0.542,71.5,115
2024-01-06 04:09:00,123.75,59.06,7.605,2035.9,2.358,19.4,90
2024-01-06 04:10:00,154.92,60.61,8.532,2207.6,2.12,25.2,130
2024-01-06 04:11:00,137.04,33.97,8.749,2126.7,1.343,98.3,100
2024-01-06 04:12:00,128.1,33.69,8.452,2124.9,2.254,98.7,90
2024-01-06 04:13:00,149.09,59.56,8.861,2252.5,1.822,18.5,130
2024-01-06 04:14:00,123.16,45.19,8.342,2220.8,0.907,65.2,90
2024-01-06 04:15:00,122.5,36.08,8.346,1839.5,1.335,96.5,90
2024-01-06 04:16:00,134.69,35.48,8.339,2130.2,0.872,98.8,100
2024-01-06 04:17:00,152.69,61.12,8.744,2340.3,0.813,28.3,130
2024-01-06 04:18:00,156.66,46.87,8.415,2212.4,2.106,66.0,130
2024-01-06 04:19:00,155.43,35.69,7.988,2223.0,1.011,100.0,130
2024-01-06 04:20:00,137.22,59.79,8.369,2210.5,0.733,22.8,100
2024-01-06 04:21:00,137.38,46.3,8.373,2304.3,0.723,72.7,100
2024-01-06 04:22:00,146.7,35.17,8.115,2393.7,0.75,96.2,115
2024-01-06 04:23:00,154.16,34.54,8.609,2282.3,2.151,96.7,130
2024-01-06 04:24:00,155.26,47.31,8.237,2418.1,1.206,71.5,130
2024-01-06 04:25:00,133.85,59.75,8.482,2144.5,1.253,27.5,100
2024-01-06 04:26:00,131.59,59.92,8.404,2223.3,1.517,12.1,100
2024-01-06 04:27:00,127.38,49.26,7.91,2053.1,1.382,64.1,90
2024-01-06 04:28:00,134.79,35.18,7.808,2059.2,1.29,98.1,100
2024-01-06 04:29:00,131.24,47.25,7.914,2278.1,1.255,63.6,100
2024-01-06 04:30:00,136.34,35.46,8.168,2299.0,2.422,95.0,100
2024-01-06 04:31:00,144.44,36.43,8.837,2196.3,2.222,95.2,115
2024-01-06 04:32:00,139.85,47.19,8.181,2304.9,2.289,66.4,115
2024-01-06 04:33:00,121.57,46.78,8.35,2058.4,1.203,68.8,90
2024-01-06 04:34:00,133.25,48.83,8.549,2324.5,2.212,70.6,100
2024-01-06 04:35:00,155.53,34.81,8.056,2190.6,0.503,99.7,130
2024-01-06 04:36:00,156.97,35.34,8.034,2295.7,2.41,96.3,130
2024-01-06 04:37:00,156.88,60.73,8.621,2194.2,2.157,10.1,130
2024-01-06 04:38:00,146.51,34.85,8.427,2103.1,2.137,95.6,115
2024-01-06 04:39:00,154.91,36.11,7.974,2300.7,2.622,96.1,130
2024-01-06 04:40:00,159.31,35.12,8.035,2274.0,0.504,96.2,130
2024-01-06 04:41:00,146.75,60.8,8.234,2149.1,0.544,10.1,115
2024-01-06 04:42:00,155.56,47.78,8.332,2377.0,0.555,61.6,130
2024-01-06 04:43:00,136.42,35.43,8.698,2253.9,1.546,96.2,100
2024-01-06 04:44:00,144.0,46.2,8.413,2271.0,0.748,77.1,115
2024-01-06 04:45:00,144.86,46.69,7.807,2079.9,1.185,77.9,115
2024-01-06 04:46:00,149.8,59.99,7.885,2337.2,1.437,36.1,130
2024-01-06 04:47:00,154.03,47.71,8.324,2336.4,1.254,78.4,130
2024-01-06 04:48:00,149.4,47.26,8.257,2162.6,2.137,71.6,115
2024-01-06 04:49:00,135.37,35.93,7.862,2177.7,1.482,99.8,100
2024-01-06 04:50:00,135.27,47.28,8.621,2109.4,1.662,60.4,100
2024-01-06 04:51:00,157.5,47.68,7.301,2244.4,1.685,75.7,130
2024-01-06 04:52:00,145.89,35.34,8.334,2135.4,2.395,96.5,115
2024-01-06 04:53:00,153.03,60.13,7.581,2376.7,0.816,35.0,130
2024-01-06 04:54:00,125.06,47.02,8.552,2173.5,0.717,78.9,90
2024-01-06 04:55:00,122.16,35.15,8.094,,2.366,97.3,90
2024-01-06 04:56:00,145.46,36.31,8.499,2308.8,1.225,97.6,115
2024-01-06 04:57:00,132.91,36.29,8.044,2272.1,1.28,97.1,100
2024-01-06 04:58:00,137.32,36.46,8.73,2160.5,0.623,97.0,100
2024-01-06 04:59:00,133.72,59.39,7.454,2143.8,0.718,39.9,100
2024-01-06 05:00:00,132.94,35.78,8.552,2187.6,1.308,98.8,100
2024-01-06 05:01:00,124.72,60.87,7.957,2003.0,0.594,11.4,90
2024-01-06 05:02:00,145.91,36.7,8.35,2273.8,0.666,97.6,115
2024-01-06 05:03:00,141.98,45.79,8.367,2242.1,0.6,62.0,115
2024-01-06 05:04:00,133.7,35.5,7.643,2045.5,1.215,98.9,100
2024-01-06 05:05:00,135.26,35.35,8.599,2046.4,1.897,98.4,100
2024-01-06 05:06:00,138.35,36.77,8.357,2071.2,2.621,96.0,100
2024-01-06 05:07:00,148.68,45.23,8.247,2351.0,1.208,71.8,130
2024-01-06 05:08:00,156.54,46.16,8.354,2283.0,2.251,68.7,130
2024-01-06 05:09:00,154.04,36.65,8.25,2308.0,1.449,95.5,130
2024-01-06 05:10:00,143.76,35.12,8.534,2339.3,1.388,98.2,115
2024-01-06 05:11:00,143.3,58.96,8.011,2265.4,0.587,28.5,115
2024-01-06 05:12:00,124.09,36.71,8.534,2018.6,0.825,97.1,90
2024-01-06 05:13:00,146.55,34.35,8.429,2151.0,1.391,95.7,115
2024-01-06 05:14:00,133.66,47.82,8.131,2174.4,0.555,70.1,100
2024-01-06 05:15:00,159.15,34.25,8.938,2232.3,1.389,96.2,130
2024-01-06 05:16:00,136.56,45.85,8.381,2250.2,1.264,69.5,100
2024-01-06 05:17:00,145.49,47.16,8.278,2249.7,2.281,68.7,115
2024-01-06 05:18:00,134.58,46.32,8.43,2160.3,2.389,68.3,100
2024-01-06 05:19:00,157.97,35.72,8.158,2233.6,0.572,96.5,130
2024-01-06 05:20:00,148.34,36.94,8.68,2279.5,0.566,99.3,115
2024-01-06 05:21:00,142.1,46.88,8.191,2320.3,1.459,75.9,115
2024-01-06 05:22:00,143.25,36.8,8.528,2219.1,0.642,95.2,115
2024-01-06 05:23:00,126.59,35.76,7.773,2144.3,0.53,99.1,90
2024-01-06 05:24:00,127.34,36.26,7.482,2037.6,2.258,95.2,90
2024-01-06 05:25:00,124.25,58.12,8.361,2065.0,2.318,19.4,90
2024-01-06 05:26:00,133.14,36.01,8.046,2316.9,1.335,97.7,100
2024-01-06 05:27:00,125.2,47.39,8.123,2040.3,1.396,74.0,90
2024-01-06 05:28:00,138.69,46.71,7.263,2193.2,0.591,77.7,100
2024-01-06 05:29:00,155.1,48.52,8.88,2278.9,1.62,75.6,130
2024-01-06 05:30:00,141.84,46.61,8.242,2252.4,0.555,66.6,115
2024-01-06 05:31:00,155.27,34.21,8.734,2365.7,1.266,95.6,130
2024-01-06 05:32:00,156.96,47.63,7.643,2237.9,0.797,77.3,130
2024-01-06 05:33:00,154.75,34.36,8.239,2253.6,2.112,98.6,130
2024-01-06 05:34:00,158.15,60.06,8.363,2355.4,2.074,19.5,130
2024-01-06 05:35:00,137.16,48.07,8.254,2162.9,1.398,76.8,100
2024-01-06 05:36:00,144.85,35.9,8.293,2323.8,2.429,96.7,115
2024-01-06 05:37:00,155.11,35.3,7.644,2331.6,0.675,97.7,130
2024-01-06 05:38:00,130.4,46.72,8.327,2298.8,0.809,65.9,100
2024-01-06 05:39:00,138.03,48.01,7.863,2205.7,2.214,67.6,100
2024-01-06 05:40:00,124.18,46.02,7.953,2220.3,2.272,65.8,90
2024-01-06 05:41:00,144.0,47.62,8.207,2365.2,1.417,75.7,115
2024-01-06 05:42:00,143.63,37.25,8.059,2178.6,0.964,95.3,115
2024-01-06 05:43:00,156.14,35.93,8.082,2428.4,1.207,97.2,130
2024-01-06 05:44:00,152.18,46.81,8.65,2385.2,0.523,63.6,130
2024-01-06 05:45:00,152.54,35.37,8.138,2379.6,1.435,95.1,130
2024-01-06 05:46:00,144.87,35.12,8.041,2324.8,0.584,95.1,115
2024-01-06 05:47:00,123.43,46.48,8.151,2045.3,2.326,73.7,90
2024-01-06 05:48:00,155.84,47.09,7.755,2336.3,0.552,67.4,130
2024-01-06 05:49:00,153.53,36.04,8.265,2276.4,2.298,96.0,130
2024-01-06 05:50:00,158.99,48.29,8.489,2494.8,0.63,60.8,130
2024-01-06 05:51:00,136.73,,8.326,2089.8,0.526,69.6,100
2024-01-06 05:52:00,156.7,45.05,8.215,2207.7,2.63,68.8,130
2024-01-06 05:53:00,143.49,61.3,8.441,2164.6,0.814,33.3,115
2024-01-06 05:54:00,161.01,35.55,7.978,2305.6,1.504,99.4,130
2024-01-06 05:55:00,143.9,47.09,8.216,2225.1,0.739,74.5,115
2024-01-06 05:56:00,153.22,60.4,8.759,2381.2,1.204,19.6,130
2024-01-06 05:57:00,146.77,35.35,8.082,2232.5,0.64,97.6,115
2024-01-06 05:58:00,155.49,37.08,8.443,2270.4,0.778,98.9,130
2024-01-06 05:59:00,132.95,35.89,8.453,2188.6,1.249,98.1,100
2024-01-06 06:00:00,150.49,46.64,7.897,2323.2,0.691,64.7,115
2024-01-06 06:01:00,137.44,59.71,8.475,2166.6,1.03,18.0,100
2024-01-06 06:02:00,145.01,46.89,7.957,2299.5,1.48,77.6,115
2024-01-06 06:03:00,161.0,59.38,8.372,2316.7,1.359,34.0,130
2024-01-06 06:04:00,157.03,36.85,7.951,2289.2,0.574,99.0,130
2024-01-06 06:05:00,144.97,47.1,8.312,2285.9,1.402,60.2,115
2024-01-06 06:06:00,150.7,46.06,8.252,2248.3,2.351,66.2,115
2024-01-06 06:07:00,146.65,47.32,8.245,2310.4,0.703,76.0,115
2024-01-06 06:08:00,136.54,48.15,8.309,2273.4,1.482,71.4,100
2024-01-06 06:09:00,134.03,36.35,7.988,2140.9,1.265,98.7,100
2024-01-06 06:10:00,,46.39,7.733,2201.8,0.642,79.2,100
2024-01-06 06:11:00,153.97,59.11,8.233,2395.4,0.659,29.6,130
2024-01-06 06:12:00,148.6,48.14,8.641,2262.8,0.519,71.1,115
2024-01-06 06:13:00,150.98,45.7,8.433,2350.8,1.239,75.1,130
2024-01-06 06:14:00,138.41,60.3,8.379,2161.5,0.573,35.1,100
2024-01-06 06:15:00,152.81,35.05,7.996,2330.4,2.11,98.2,130
2024-01-06 06:16:00,154.86,48.05,8.275,2351.7,1.253,79.5,130
2024-01-06 06:17:00,124.26,34.66,7.868,2021.4,0.648,99.8,90
2024-01-06 06:18:00,143.7,34.86,8.031,2094.1,1.356,97.7,115
2024-01-06 06:19:00,156.72,35.99,8.343,2303.0,2.157,98.9,130
2024-01-06 06:20:00,154.99,36.14,7.473,2296.5,1.086,98.7,130
2024-01-06 06:21:00,143.33,48.09,8.892,2359.6,0.626,74.5,115
2024-01-06 06:22:00,125.38,60.38,7.666,2093.7,1.403,25.2,90
2024-01-06 06:23:00,143.26,47.28,8.955,2275.0,0.506,66.8,115
2024-01-06 06:24:00,123.66,36.34,7.864,2037.1,0.602,95.6,90
2024-01-06 06:25:00,151.26,34.4,7.86,2262.3,0.656,99.4,130
2024-01-06 06:26:00,143.87,34.8,8.041,2163.2,0.575,97.0,115
2024-01-06 06:27:00,136.24,58.97,8.024,2049.2,0.538,38.0,100
2024-01-06 06:28:00,145.09,33.35,7.958,2288.1,2.145,99.3,115
2024-01-06 06:29:00,159.54,47.67,8.052,2334.5,2.226,79.1,130
2024-01-06 06:30:00,151.53,61.14,8.237,2348.2,0.515,37.8,115
2024-01-06 06:31:00,143.84,47.44,7.841,2274.0,0.553,76.4,115
2024-01-06 06:32:00,132.92,60.3,8.536,2169.4,0.754,22.5,100
2024-01-06 06:33:00,137.82,47.07,8.765,1991.5,0.548,74.0,100
2024-01-06 06:34:00,135.84,47.04,7.422,2302.7,0.525,68.5,100
2024-01-06 06:35:00,137.84,48.36,8.942,2153.1,0.517,73.0,100
2024-01-06 06:36:00,156.0,36.74,8.509,2143.3,2.997,99.0,130
2024-01-06 06:37:00,144.51,35.03,8.303,2248.1,0.518,96.3,115
2024-01-06 06:38:00,,36.39,7.97,2085.1,0.614,97.6,100
2024-01-06 06:39:00,126.08,47.98,8.267,2002.3,0.643,73.7,90
2024-01-06 06:40:00,154.47,36.02,8.559,2331.3,1.168,95.5,130
2024-01-06 06:41:00,148.05,35.81,9.244,2183.0,2.543,97.2,115
2024-01-06 06:42:00,151.74,60.28,9.077,2392.1,0.554,27.6,130
2024-01-06 06:43:00,158.04,45.81,7.589,2300.8,2.118,78.5,130
2024-01-06 06:44:00,140.32,45.74,8.117,2262.0,0.615,62.2,115
2024-01-06 06:45:00,145.36,60.63,8.231,2275.3,1.221,28.0,115
2024-01-06 06:46:00,154.17,34.62,8.737,2330.1,2.51,96.4,130
2024-01-06 06:47:00,131.21,34.39,8.166,2167.1,0.743,97.4,100
2024-01-06 06:48:00,129.85,58.34,7.898,2161.3,1.076,18.6,100
2024-01-06 06:49:00,122.26,35.12,8.222,2189.5,1.369,99.2,90
2024-01-06 06:50:00,155.11,35.8,8.046,2377.5,0.591,95.2,130
2024-01-06 06:51:00,143.49,35.86,8.595,2174.7,1.339,97.1,115
2024-01-06 06:52:00,142.4,47.68,9.155,2141.1,0.535,66.6,115
2024-01-06 06:53:00,158.38,35.19,8.564,2246.5,0.624,96.3,130
2024-01-06 06:54:00,141.92,47.09,8.58,2264.2,1.83,72.0,115
2024-01-06 06:55:00,136.7,47.68,8.694,2061.6,2.335,64.3,100
2024-01-06 06:56:00,152.78,60.37,8.382,2257.8,0.513,12.1,130
2024-01-06 06:57:00,122.19,59.53,8.041,1962.6,0.759,25.0,90
2024-01-06 06:58:00,133.49,35.74,8.08,2224.5,1.221,99.4,100
2024-01-06 06:59:00,136.55,45.41,8.638,2203.0,0.599,79.4,100
2024-01-06 07:00:00,131.57,47.0,8.316,2220.3,0.809,75.0,100
2024-01-06 07:01:00,155.72,46.51,7.807,2272.0,0.527,78.9,130
2024-01-06 07:02:00,132.6,36.71,8.724,2009.3,1.269,99.9,100
2024-01-06 07:03:00,153.05,59.22,7.89,2243.2,1.243,12.1,130
2024-01-06 07:04:00,126.0,35.59,7.749,1962.2,0.908,97.4,90
2024-01-06 07:05:00,160.43,59.66,7.849,2201.4,0.532,15.9,130
2024-01-06 07:06:00,152.72,46.55,8.323,2401.0,1.353,75.4,130
2024-01-06 07:07:00,146.8,47.3,8.589,2210.2,1.264,71.0,115
2024-01-06 07:08:00,154.22,46.67,8.302,2333.1,0.642,75.2,130
2024-01-06 07:09:00,143.81,48.48,7.977,2318.3,0.537,61.2,115
2024-01-06 07:10:00,147.68,45.42,7.877,2148.4,0.783,61.3,115
2024-01-06 07:11:00,122.89,36.0,8.508,2119.1,1.406,97.0,90
2024-01-06 07:12:00,142.11,35.43,8.163,2113.8,2.109,96.7,115
2024-01-06 07:13:00,156.15,59.96,8.336,2330.2,1.09,23.2,130
2024-01-06 07:14:00,158.99,47.24,8.144,2395.4,0.947,78.3,130
2024-01-06 07:15:00,146.87,36.3,8.32,2138.9,0.571,98.7,115
2024-01-06 07:16:00,141.48,47.21,8.356,2296.3,0.569,72.3,115
2024-01-06 07:17:00,133.46,60.8,9.17,2168.0,0.638,21.6,100
2024-01-06 07:18:00,157.45,35.54,8.361,2273.7,2.293,95.8,130
2024-01-06 07:19:00,158.95,34.67,8.045,2214.0,0.569,98.4,130
2024-01-06 07:20:00,155.57,35.43,8.27,2329.3,1.517,98.2,130
2024-01-06 07:21:00,153.55,60.92,7.82,2349.5,0.516,28.5,130
2024-01-06 07:22:00,159.12,59.67,7.817,2284.6,2.201,31.6,130
2024-01-06 07:23:00,134.81,34.63,8.7,2071.5,1.362,96.8,100
2024-01-06 07:24:00,153.49,47.5,8.322,2371.0,0.822,76.1,130
2024-01-06 07:25:00,143.06,47.27,8.648,2324.8,2.511,64.2,115
2024-01-06 07:26:00,142.01,46.38,7.55,2306.3,0.556,71.1,115
2024-01-06 07:27:00,162.08,46.81,7.81,2437.1,1.255,62.2,130
2024-01-06 07:28:00,138.55,35.35,8.319,2097.9,2.192,96.2,100
2024-01-06 07:29:00,143.36,35.51,7.87,2116.8,0.612,99.8,115
2024-01-06 07:30:00,149.33,36.02,7.63,2262.8,1.577,97.8,115
2024-01-06 07:31:00,136.33,59.68,7.768,2117.8,2.102,11.4,100
2024-01-06 07:32:00,156.19,60.56,8.072,2389.0,2.331,12.5,130
2024-01-06 07:33:00,123.21,46.57,8.365,1987.0,1.25,60.8,90
2024-01-06 07:34:00,143.71,61.33,8.886,2152.9,0.928,21.8,115
2024-01-06 07:35:00,144.89,36.85,7.779,2235.4,1.276,95.1,115
2024-01-06 07:36:00,120.09,59.31,7.8,2084.0,1.354,27.4,90
2024-01-06 07:37:00,133.78,46.02,7.62,2204.0,1.28,71.6,100
2024-01-06 07:38:00,145.01,47.78,8.429,2222.1,2.211,76.1,115
2024-01-06 07:39:00,138.27,35.71,8.25,1996.6,0.648,96.0,100
2024-01-06 07:40:00,143.46,60.44,7.814,2506.1,0.775,34.1,115
2024-01-06 07:41:00,147.03,46.48,7.868,2232.7,1.226,62.0,115
2024-01-06 07:42:00,149.85,46.89,8.15,2541.1,2.187,70.8,130
2024-01-06 07:43:00,157.92,35.22,8.173,2299.9,0.704,98.8,130
2024-01-06 07:44:00,132.75,60.24,7.784,2065.8,2.278,12.8,100
2024-01-06 07:45:00,155.33,34.5,8.271,2284.6,2.404,97.5,130
2024-01-06 07:46:00,156.02,35.42,7.649,2398.0,2.54,99.1,130
2024-01-06 07:47:00,135.53,46.0,8.22,2199.5,2.12,79.6,100
2024-01-06 07:48:00,154.73,35.09,8.129,2334.6,2.35,95.5,130
2024-01-06 07:49:00,151.9,59.92,8.36,2305.1,2.167,35.1,130
2024-01-06 07:50:00,142.78,35.91,8.685,2240.3,1.331,96.4,115
2024-01-06 07:51:00,147.49,47.47,8.052,2218.1,0.698,71.8,115
2024-01-06 07:52:00,133.51,47.61,8.2,2245.7,0.533,65.8,100
2024-01-06 07:53:00,144.74,45.81,7.408,2303.3,0.585,66.4,115
2024-01-06 07:54:00,141.27,61.01,8.989,2154.6,1.247,30.3,115
2024-01-06 07:55:00,137.15,34.98,7.456,2031.8,0.529,99.6,100
2024-01-06 07:56:00,141.7,59.54,8.167,2131.9,2.117,31.1,115
2024-01-06 07:57:00,147.29,35.71,7.181,2201.5,1.563,98.1,115
2024-01-06 07:58:00,122.34,46.73,7.87,2087.7,0.613,70.2,90
2024-01-06 07:59:00,147.54,35.79,8.894,2225.6,1.425,95.4,115
2024-01-06 08:00:00,155.03,47.44,8.658,2360.4,0.573,62.6,130
2024-01-06 08:01:00,153.6,46.39,8.594,2308.8,0.544,62.4,130
2024-01-06 08:02:00,149.0,46.85,8.123,2357.7,2.148,73.4,115
2024-01-06 08:03:00,154.83,35.38,8.86,2350.7,0.544,96.2,130
2024-01-06 08:04:00,144.1,60.77,8.303,2231.4,1.257,27.8,115
2024-01-06 08:05:00,137.27,46.63,8.476,2029.1,0.55,78.5,100
2024-01-06 08:06:00,141.3,46.59,9.259,2258.0,1.536,75.7,115
2024-01-06 08:07:00,148.68,34.68,8.636,2349.9,2.252,95.3,130
2024-01-06 08:08:00,137.89,46.27,8.174,2092.9,0.57,75.6,100
2024-01-06 08:09:00,152.91,34.42,8.404,2217.5,2.185,95.3,130
2024-01-06 08:10:00,137.16,46.44,8.762,2237.6,1.133,63.3,100
2024-01-06 08:11:00,145.12,36.77,8.449,2152.5,1.241,99.8,115
2024-01-06 08:12:00,152.09,36.05,8.513,2323.2,2.536,95.5,130
2024-01-06 08:13:00,126.52,48.02,8.715,2072.4,2.367,74.7,90
2024-01-06 08:14:00,153.97,46.24,9.212,2345.7,0.69,73.6,130
2024-01-06 08:15:00,122.31,45.44,7.826,1993.1,0.696,74.1,90
2024-01-06 08:16:00,152.37,60.25,8.481,2300.4,1.31,38.9,130
2024-01-06 08:17:00,150.67,48.48,8.384,2232.6,0.616,72.6,130
2024-01-06 08:18:00,156.01,35.11,8.046,2315.9,0.818,99.8,130
2024-01-06 08:19:00,152.66,47.08,7.941,2350.3,1.533,73.4,130
2024-01-06 08:20:00,134.91,34.24,8.861,2221.6,1.369,99.7,100
2024-01-06 08:21:00,134.55,47.02,7.791,2269.6,0.793,79.1,100
2024-01-06 08:22:00,132.65,35.4,7.636,2128.9,0.832,95.6,100
2024-01-06 08:23:00,151.19,45.33,7.975,,2.181,64.8,130
2024-01-06 08:24:00,151.33,46.17,7.487,2331.8,1.395,60.3,115
2024-01-06 08:25:00,134.88,46.11,7.862,2196.0,1.314,77.2,100
2024-01-06 08:26:00,149.56,45.74,7.779,2329.0,0.521,78.3,115
2024-01-06 08:27:00,137.91,46.42,8.234,2306.2,0.709,61.4,100
2024-01-06 08:28:00,144.2,35.91,8.778,2162.5,0.677,99.5,115
2024-01-06 08:29:00,155.45,34.99,7.964,2374.7,1.222,96.4,130
2024-01-06 08:30:00,135.38,47.92,8.546,2102.1,0.515,76.0,100
2024-01-06 08:31:00,139.61,59.71,8.501,2275.1,1.257,23.6,100
2024-01-06 08:32:00,137.07,47.26,7.312,2055.0,1.558,66.9,100
2024-01-06 08:33:00,152.98,47.4,7.979,2383.4,1.213,66.6,130
2024-01-06 08:34:00,155.88,61.23,8.05,2265.7,0.623,31.2,130
2024-01-06 08:35:00,157.01,34.93,8.353,2354.4,1.239,99.2,130
2024-01-06 08:36:00,152.06,35.85,8.428,2411.4,1.258,96.3,130
2024-01-06 08:37:00,156.24,34.74,8.332,2258.5,0.794,97.0,130
2024-01-06 08:38:00,138.36,48.38,7.842,2032.5,0.88,67.8,100
2024-01-06 08:39:00,142.86,34.67,7.947,2209.3,1.374,98.1,115
2024-01-06 08:40:00,143.2,35.81,7.599,2199.0,0.898,97.0,115
2024-01-06 08:41:00,157.9,48.25,8.227,2207.2,0.889,79.0,130
2024-01-06 08:42:00,124.11,46.04,8.053,1909.2,0.55,65.2,90
2024-01-06 08:43:00,152.54,35.98,8.413,2407.3,0.707,98.0,130
2024-01-06 08:44:00,137.21,46.21,8.479,2269.3,2.401,63.4,100
2024-01-06 08:45:00,126.44,48.86,8.066,2021.8,1.365,71.8,90
2024-01-06 08:46:00,135.24,45.49,8.313,2126.6,1.528,67.9,100
2024-01-06 08:47:00,682.76,34.29,8.114,2134.6,2.298,96.3,90
2024-01-06 08:48:00,137.99,46.1,7.755,2215.9,1.267,79.5,100
2024-01-06 08:49:00,154.79,34.63,7.88,2452.3,1.431,99.0,130
2024-01-06 08:50:00,159.94,35.92,7.292,2359.7,0.677,96.9,130
2024-01-06 08:51:00,158.96,36.94,8.042,2228.0,1.396,96.5,130
2024-01-06 08:52:00,150.04,60.92,7.963,2373.3,0.52,39.2,130
2024-01-06 08:53:00,132.42,35.69,7.762,2094.2,0.527,95.2,100
2024-01-06 08:54:00,149.36,60.01,8.528,2304.8,0.837,25.7,130
2024-01-06 08:55:00,134.19,59.51,8.411,2239.0,0.613,12.9,100
2024-01-06 08:56:00,151.97,47.31,8.421,2237.6,0.548,66.3,130
2024-01-06 08:57:00,142.96,46.83,8.477,2224.1,0.519,76.8,115
2024-01-06 08:58:00,127.73,35.65,8.199,1971.9,2.161,95.3,90
2024-01-06 08:59:00,150.61,59.41,8.195,2230.9,0.57,28.1,130
2024-01-06 09:00:00,135.32,46.04,8.532,2106.3,2.914,79.2,100
2024-01-06 09:01:00,135.31,60.02,8.467,2280.4,1.56,34.8,100
2024-01-06 09:02:00,154.79,35.5,8.611,2312.7,1.216,96.7,130
2024-01-06 09:03:00,145.33,46.52,8.183,2441.5,0.776,65.0,115
2024-01-06 09:04:00,149.42,34.89,7.805,2386.4,2.266,99.1,130
2024-01-06 09:05:00,132.98,47.45,8.295,2228.6,0.552,74.7,100
2024-01-06 09:06:00,148.86,60.36,7.969,2142.5,1.475,29.8,115
2024-01-06 09:07:00,142.01,37.0,8.461,2217.7,1.206,97.5,115
2024-01-06 09:08:00,139.17,48.1,8.315,2058.6,0.763,75.1,100
2024-01-06 09:09:00,151.48,46.04,8.221,2285.2,0.951,64.9,130
2024-01-06 09:10:00,131.18,35.35,8.043,2113.4,0.928,98.1,100
2024-01-06 09:11:00,122.62,58.91,8.6,2066.6,2.396,22.1,90
2024-01-06 09:12:00,127.82,34.03,8.57,2136.0,2.646,95.3,90
2024-01-06 09:13:00,133.63,48.76,7.976,2129.0,2.346,61.0,100
2024-01-06 09:14:00,145.86,48.18,7.709,2297.5,0.732,76.6,115
2024-01-06 09:15:00,125.18,59.5,8.272,1952.7,0.505,33.8,90
2024-01-06 09:16:00,154.86,60.99,8.674,2345.9,0.538,39.4,130
2024-01-06 09:17:00,148.19,36.61,7.695,2195.1,2.404,96.1,115
2024-01-06 09:18:00,156.93,33.96,8.388,2330.3,1.699,97.0,130
2024-01-06 09:19:00,122.14,47.68,7.872,2139.0,0.755,66.4,90
2024-01-06 09:20:00,134.31,59.61,7.793,2034.7,2.273,37.2,100
2024-01-06 09:21:00,139.36,35.81,8.572,2267.5,1.241,95.6,100
2024-01-06 09:22:00,155.8,37.91,8.46,2294.5,1.791,98.3,130
2024-01-06 09:23:00,131.23,48.27,8.139,2299.0,0.71,75.4,100
2024-01-06 09:24:00,131.41,46.9,8.516,2155.7,0.634,65.0,100
2024-01-06 09:25:00,137.23,48.14,8.473,2255.7,2.495,61.9,100
2024-01-06 09:26:00,156.76,33.96,7.606,2314.8,1.813,98.1,130
2024-01-06 09:27:00,142.7,35.9,8.234,2251.4,0.593,97.0,115
2024-01-06 09:28:00,156.87,60.42,8.765,2319.3,0.645,17.4,130
2024-01-06 09:29:00,149.0,36.06,8.39,2212.4,0.524,98.2,115
2024-01-06 09:30:00,158.64,46.59,7.154,2289.4,1.843,72.6,130
2024-01-06 09:31:00,159.01,47.31,7.772,2328.0,0.526,77.8,130
2024-01-06 09:32:00,156.39,47.68,8.598,2353.9,1.729,75.2,130
2024-01-06 09:33:00,154.56,33.64,7.977,2328.7,1.242,95.0,130
2024-01-06 09:34:00,153.99,46.75,8.649,2351.5,1.679,71.3,130
2024-01-06 09:35:00,124.96,46.28,9.018,1948.5,0.62,70.5,90
2024-01-06 09:36:00,142.81,47.53,8.105,2302.3,1.379,61.1,115
2024-01-06 09:37:00,154.1,48.1,7.953,2250.6,1.207,78.7,130
2024-01-06 09:38:00,148.19,59.51,7.798,2098.2,0.6,16.6,115
2024-01-06 09:39:00,140.98,34.63,8.503,2377.8,2.236,96.5,115
2024-01-06 09:40:00,121.15,47.09,7.959,2182.8,0.502,76.4,90
2024-01-06 09:41:00,157.08,34.58,8.039,2309.2,1.416,95.4,130
2024-01-06 09:42:00,154.12,46.82,7.757,2395.6,0.865,60.4,130
2024-01-06 09:43:00,120.19,46.73,8.027,2043.5,1.205,66.4,90
2024-01-06 09:44:00,154.85,47.46,7.917,2272.4,1.336,71.4,130
2024-01-06 09:45:00,154.49,47.25,7.407,2262.5,0.507,67.9,130
2024-01-06 09:46:00,153.92,60.13,7.865,2258.8,1.613,34.0,130
2024-01-06 09:47:00,156.71,48.31,8.498,,1.235,63.8,130
2024-01-06 09:48:00,121.67,35.72,8.74,2012.9,1.212,96.0,90
2024-01-06 09:49:00,155.03,35.17,8.157,2082.1,0.89,97.9,130
2024-01-06 09:50:00,124.47,46.76,8.213,2055.3,0.618,75.9,90
2024-01-06 09:51:00,125.09,46.39,8.314,1992.5,1.22,62.0,90
2024-01-06 09:52:00,140.67,46.19,8.985,2253.8,0.709,64.4,115
2024-01-06 09:53:00,153.69,45.89,7.796,2290.8,1.445,62.6,130
2024-01-06 09:54:00,155.05,60.91,7.695,2360.8,0.668,32.9,130
2024-01-06 09:55:00,146.35,34.93,8.179,2231.0,0.581,99.2,115
2024-01-06 09:56:00,149.62,47.25,8.358,2128.7,2.21,74.7,115
2024-01-06 09:57:00,147.01,46.76,8.187,2128.7,1.82,77.5,115
2024-01-06 09:58:00,146.15,46.98,7.654,2130.7,1.353,62.7,115
2024-01-06 09:59:00,128.18,60.92,8.554,2000.9,2.201,22.8,90
2024-01-06 10:00:00,144.24,35.64,8.145,2173.8,1.446,96.4,115
2024-01-06 10:01:00,138.88,59.26,8.422,2223.5,1.216,31.7,100
2024-01-06 10:02:00,127.8,59.55,8.821,2084.9,2.169,14.4,90
2024-01-06 10:03:00,153.89,36.19,7.615,2161.1,1.251,97.4,130
2024-01-06 10:04:00,159.81,47.39,7.513,2240.0,1.428,78.5,130
2024-01-06 10:05:00,156.12,36.24,8.426,2307.1,0.685,96.9,130
2024-01-06 10:06:00,160.48,46.81,7.386,2229.7,2.385,62.5,130
2024-01-06 10:07:00,145.76,45.88,8.04,2236.5,0.611,77.1,115
2024-01-06 10:08:00,153.6,35.91,7.971,2242.9,0.538,99.9,130
2024-01-06 10:09:00,143.08,60.2,8.344,2219.3,0.54,28.2,115
2024-01-06 10:10:00,124.11,47.22,7.934,2024.5,0.946,69.5,90
2024-01-06 10:11:00,153.57,45.89,8.397,2319.0,0.516,63.7,130
2024-01-06 10:12:00,148.18,46.49,7.773,2345.3,2.28,64.2,115
2024-01-06 10:13:00,154.93,34.75,7.703,2381.4,1.253,99.1,130
2024-01-06 10:14:00,150.96,35.82,8.208,2223.5,0.548,96.6,130
2024-01-06 10:15:00,145.53,35.85,8.242,2430.9,1.221,96.4,115
2024-01-06 10:16:00,125.31,35.47,8.318,2164.5,1.975,96.9,90
2024-01-06 10:17:00,153.83,47.77,8.792,2255.1,1.213,61.9,130
2024-01-06 10:18:00,155.67,48.19,8.712,2240.7,0.532,63.3,130
2024-01-06 10:19:00,154.89,47.28,8.381,2337.2,2.191,73.8,130
2024-01-06 10:20:00,156.58,47.54,8.524,2366.4,0.622,62.3,130
2024-01-06 10:21:00,156.44,46.57,8.305,2451.4,1.102,63.6,130
2024-01-06 10:22:00,145.91,34.92,8.672,2270.7,0.555,95.3,115
2024-01-06 10:23:00,151.75,47.81,8.346,2256.9,1.455,65.7,130
2024-01-06 10:24:00,150.3,46.3,7.979,2189.4,1.414,73.9,115
2024-01-06 10:25:00,141.11,47.56,7.899,2280.1,0.646,78.7,115
2024-01-06 10:26:00,144.68,36.88,8.66,2122.8,0.562,98.9,115
2024-01-06 10:27:00,152.26,36.02,8.127,2429.6,1.234,97.0,130
2024-01-06 10:28:00,125.99,35.44,8.967,2026.4,1.239,99.1,90
2024-01-06 10:29:00,155.35,45.93,7.758,2386.8,0.585,75.2,130
2024-01-06 10:30:00,134.58,35.63,8.701,2246.0,2.129,98.2,100
2024-01-06 10:31:00,158.79,60.81,8.029,2554.4,3.412,25.6,130
2024-01-06 10:32:00,147.77,35.36,8.363,2205.6,0.618,96.0,115
2024-01-06 10:33:00,154.18,47.82,7.679,2287.8,1.355,68.6,130
2024-01-06 10:34:00,157.01,47.29,7.465,2283.6,0.692,79.3,130
2024-01-06 10:35:00,158.91,47.23,8.792,2323.9,1.244,75.2,130
2024-01-06 10:36:00,157.75,35.25,8.025,2258.4,0.631,99.4,130
2024-01-06 10:37:00,124.66,58.84,8.594,2167.0,0.513,30.1,90
2024-01-06 10:38:00,131.02,35.16,7.937,2230.7,1.896,97.1,100
2024-01-06 10:39:00,155.81,46.65,8.595,2289.4,2.228,79.4,130
2024-01-06 10:40:00,146.67,47.46,8.029,2173.1,0.506,66.6,115
2024-01-06 10:41:00,123.08,59.99,7.716,2035.1,0.683,18.2,90
2024-01-06 10:42:00,135.06,47.87,8.459,2112.5,0.521,63.1,100
2024-01-06 10:43:00,154.79,47.23,8.578,2349.5,1.512,71.1,130
2024-01-06 10:44:00,128.47,46.6,8.456,2085.4,1.813,78.8,90
2024-01-06 10:45:00,159.63,34.85,8.142,2375.8,1.697,99.6,130
2024-01-06 10:46:00,147.94,46.52,7.5,2349.0,1.312,69.0,115
2024-01-06 10:47:00,144.79,35.63,7.772,2253.9,1.449,96.1,115
2024-01-06 10:48:00,127.87,35.2,7.919,2117.4,1.234,96.3,90
2024-01-06 10:49:00,126.62,34.64,8.097,2266.5,1.216,98.6,90
2024-01-06 10:50:00,124.81,60.81,8.652,2115.7,1.544,39.0,90
2024-01-06 10:51:00,160.23,47.12,8.153,2270.8,2.338,60.3,130
2024-01-06 10:52:00,123.15,47.22,7.357,2064.5,0.975,60.4,90
2024-01-06 10:53:00,156.51,46.34,7.164,2176.7,0.992,72.4,130
2024-01-06 10:54:00,157.1,34.67,7.922,2353.6,0.585,95.6,130
2024-01-06 10:55:00,144.28,59.87,7.995,2186.0,2.177,13.6,115
2024-01-06 10:56:00,146.4,58.38,8.342,2158.7,0.617,24.7,115
2024-01-06 10:57:00,147.36,36.12,7.619,2160.8,0.719,99.4,115
2024-01-06 10:58:00,145.61,46.44,7.647,2321.5,2.101,71.9,115
2024-01-06 10:59:00,126.18,35.29,8.381,2049.3,2.253,99.2,90
2024-01-06 11:00:00,155.26,47.34,8.734,2371.1,2.104,70.4,130
2024-01-06 11:01:00,156.99,35.32,7.415,2340.9,0.62,95.9,130
2024-01-06 11:02:00,124.43,59.07,7.892,2086.0,2.117,31.2,90
2024-01-06 11:03:00,154.22,61.2,8.644,2279.3,0.665,13.3,130
2024-01-06 11:04:00,145.05,45.77,8.573,2269.7,0.575,68.1,115
2024-01-06 11:05:00,137.96,33.71,7.83,2115.9,0.63,99.3,100
2024-01-06 11:06:00,140.63,47.7,8.664,2242.5,1.833,73.2,115
2024-01-06 11:07:00,132.73,45.83,8.218,2238.5,0.583,60.1,100
2024-01-06 11:08:00,160.69,36.5,8.464,2415.4,1.454,96.2,130
2024-01-06 11:09:00,125.69,35.8,7.918,2035.1,2.33,99.7,90
2024-01-06 11:10:00,153.98,35.73,8.317,2339.8,0.906,98.2,130
2024-01-06 11:11:00,146.99,35.04,7.734,2276.7,0.581,97.5,115
2024-01-06 11:12:00,153.04,59.34,7.981,2329.0,0.512,25.1,130
2024-01-06 11:13:00,139.74,59.7,8.081,2291.1,2.806,35.1,115
2024-01-06 11:14:00,135.89,34.8,8.256,2212.0,0.59,96.7,100
2024-01-06 11:15:00,123.17,36.47,9.163,2217.0,0.543,96.2,90
2024-01-06 11:16:00,135.25,46.41,9.224,2322.5,0.991,69.5,100
2024-01-06 11:17:00,145.82,47.41,8.045,2216.8,2.142,75.8,115
2024-01-06 11:18:00,125.36,36.3,8.792,2202.8,0.65,96.7,90
2024-01-06 11:19:00,140.73,59.3,7.756,2265.1,0.782,16.4,115
2024-01-06 11:20:00,145.07,47.3,8.36,2215.8,0.763,70.8,115
2024-01-06 11:21:00,146.11,46.28,7.926,2278.6,2.106,66.1,115
2024-01-06 11:22:00,141.5,46.86,8.02,2211.4,0.545,71.7,115
2024-01-06 11:23:00,131.2,35.13,9.264,2146.6,1.639,99.8,100
2024-01-06 11:24:00,152.33,46.44,8.045,2222.3,0.661,78.9,130
2024-01-06 11:25:00,146.87,35.63,7.94,2236.4,2.332,95.0,115
2024-01-06 11:26:00,130.0,34.53,7.8,2224.6,1.303,98.8,100
2024-01-06 11:27:00,127.07,47.74,7.892,2127.6,1.473,72.5,90
2024-01-06 11:28:00,125.98,34.63,7.631,2099.1,0.568,95.9,90
2024-01-06 11:29:00,144.36,45.99,8.289,2368.9,0.553,62.5,115
2024-01-06 11:30:00,141.3,59.8,8.282,2400.7,1.669,21.0,115
2024-01-06 11:31:00,153.01,59.7,8.335,2349.9,1.234,19.6,130
2024-01-06 11:32:00,146.95,47.28,8.195,2357.8,2.896,68.5,115
2024-01-06 11:33:00,128.14,47.07,7.973,2097.9,1.022,62.8,90
2024-01-06 11:34:00,122.42,34.2,7.937,2077.0,2.351,98.0,90
2024-01-06 11:35:00,127.85,36.29,8.264,2146.9,0.674,96.4,90
2024-01-06 11:36:00,156.71,35.28,8.179,2304.4,2.101,98.7,130
2024-01-06 11:37:00,124.98,47.19,7.946,1881.2,0.702,69.2,90
2024-01-06 11:38:00,123.16,48.76,8.085,2049.3,0.796,72.6,90
2024-01-06 11:39:00,153.55,48.03,8.816,2189.5,0.764,77.3,130
2024-01-06 11:40:00,149.56,47.17,8.988,2199.0,1.238,60.6,115
2024-01-06 11:41:00,135.45,58.9,8.112,2106.4,1.357,11.3,100
2024-01-06 11:42:00,148.32,-9.74,7.906,2186.9,0.66,98.0,115
2024-01-06 11:43:00,125.6,36.43,8.183,1985.9,1.412,98.2,90
2024-01-06 11:44:00,143.87,59.68,8.654,2134.1,0.856,39.0,115
2024-01-06 11:45:00,136.46,59.87,8.183,2098.2,0.74,21.1,100
2024-01-06 11:46:00,140.39,34.58,8.342,2120.3,0.53,95.0,100
2024-01-06 11:47:00,143.39,47.36,7.937,2206.2,1.204,68.9,115
2024-01-06 11:48:00,127.28,36.41,7.733,2090.7,1.229,96.7,90
2024-01-06 11:49:00,145.48,36.72,8.505,2286.5,1.208,95.3,115
2024-01-06 11:50:00,141.38,35.14,8.278,2149.2,1.315,95.5,115
2024-01-06 11:51:00,151.32,47.52,8.462,2240.0,0.567,60.9,130
2024-01-06 11:52:00,153.87,35.42,7.516,2443.2,1.201,96.8,130
2024-01-06 11:53:00,135.87,47.7,8.933,2210.6,0.517,61.2,100
2024-01-06 11:54:00,127.2,35.5,8.301,2008.0,1.301,98.4,90
2024-01-06 11:55:00,151.07,46.34,7.477,2209.7,1.062,64.2,130
2024-01-06 11:56:00,156.63,48.06,8.595,2270.1,2.252,61.8,130
2024-01-06 11:57:00,154.7,47.08,8.051,2289.7,1.21,75.5,130
2024-01-06 11:58:00,135.01,46.72,8.212,2204.5,0.855,60.0,100
2024-01-06 11:59:00,126.47,35.64,8.009,1885.8,1.331,99.6,90
2024-01-06 12:00:00,149.37,34.91,8.161,2152.8,0.694,95.7,115
2024-01-06 12:01:00,145.76,35.83,8.181,2374.0,0.641,97.9,115
2024-01-06 12:02:00,141.61,59.84,7.532,2231.3,1.717,15.8,115
2024-01-06 12:03:00,,34.86,8.546,2315.0,2.23,99.8,130
2024-01-06 12:04:00,137.13,48.9,8.245,2104.8,0.537,75.8,100
2024-01-06 12:05:00,147.21,34.69,8.378,2293.1,0.803,99.7,115
2024-01-06 12:06:00,136.66,35.78,8.526,2005.7,1.344,98.6,100
2024-01-06 12:07:00,123.72,60.05,8.248,2036.0,1.225,32.1,90
2024-01-06 12:08:00,131.58,34.68,8.332,1983.5,0.624,95.7,100
2024-01-06 12:09:00,136.47,59.73,7.612,2148.4,2.333,37.6,100
2024-01-06 12:10:00,121.96,45.93,7.868,2034.3,1.27,67.1,90
2024-01-06 12:11:00,126.73,48.65,8.234,1939.6,0.986,76.8,90
2024-01-06 12:12:00,146.73,59.79,8.274,2310.8,0.879,36.6,115
2024-01-06 12:13:00,153.83,35.35,8.36,2365.2,0.668,95.9,130
2024-01-06 12:14:00,144.72,61.56,8.762,2312.4,1.211,28.3,115
2024-01-06 12:15:00,135.5,59.34,8.162,2029.5,0.675,26.8,100
2024-01-06 12:16:00,153.46,36.54,8.345,2229.7,2.207,98.2,130
2024-01-06 12:17:00,151.55,35.97,8.224,2406.2,0.758,98.4,130
2024-01-06 12:18:00,154.9,-3.55,8.1,2374.8,1.262,98.0,130
2024-01-06 12:19:00,135.16,35.2,8.116,2262.3,0.686,99.2,100
2024-01-06 12:20:00,148.4,35.85,7.886,2210.8,2.262,98.7,115
2024-01-06 12:21:00,153.05,47.03,8.153,2301.3,1.35,70.0,130
2024-01-06 12:22:00,157.67,60.03,8.112,2359.3,0.525,22.1,130
2024-01-06 12:23:00,132.13,59.51,8.139,2041.9,2.235,25.6,100
2024-01-06 12:24:00,151.64,46.43,7.503,2325.7,0.66,71.5,130
2024-01-06 12:25:00,154.25,35.25,8.16,2512.8,1.725,99.2,130
2024-01-06 12:26:00,132.65,48.57,7.849,2121.4,2.224,76.1,100
2024-01-06 12:27:00,141.6,34.77,8.175,2101.7,1.404,97.9,115
2024-01-06 12:28:00,159.86,46.61,7.762,2342.9,2.268,75.1,130
2024-01-06 12:29:00,143.87,60.02,8.22,2157.9,2.143,18.7,115
2024-01-06 12:30:00,160.78,45.83,8.081,2301.4,2.141,79.9,130
2024-01-06 12:31:00,132.51,35.85,7.949,2237.0,0.769,99.4,100
2024-01-06 12:32:00,150.73,34.47,8.316,2354.6,0.648,97.5,130
2024-01-06 12:33:00,158.23,34.63,8.35,2270.9,1.653,99.9,130
2024-01-06 12:34:00,133.18,59.09,8.18,2217.1,1.678,29.5,100
2024-01-06 12:35:00,135.35,34.19,8.428,2016.6,1.271,96.9,100
2024-01-06 12:36:00,151.61,48.01,8.035,2325.8,0.521,62.2,130
2024-01-06 12:37:00,154.9,60.42,8.36,2279.3,2.184,19.2,130
2024-01-06 12:38:00,131.57,36.24,8.183,1961.2,2.114,96.1,100
2024-01-06 12:39:00,134.82,47.67,7.8,2053.1,0.804,68.0,100
2024-01-06 12:40:00,153.82,35.37,7.879,2308.8,0.532,98.0,130
2024-01-06 12:41:00,135.58,59.98,8.666,2209.7,0.903,20.9,100
2024-01-06 12:42:00,156.56,-6.99,8.831,2311.7,0.607,96.0,130
2024-01-06 12:43:00,145.6,36.81,8.485,2206.3,1.265,95.3,115
2024-01-06 12:44:00,156.13,45.99,7.967,2374.8,2.239,70.2,130
2024-01-06 12:45:00,154.73,37.52,8.771,2331.9,0.686,99.7,130
2024-01-06 12:46:00,153.91,45.95,8.445,2389.8,1.442,63.9,130
2024-01-06 12:47:00,146.18,35.13,8.334,2276.0,1.283,98.9,115
2024-01-06 12:48:00,144.72,47.06,8.937,2173.0,1.315,66.5,115
2024-01-06 12:49:00,144.82,47.13,7.856,2283.7,1.31,69.8,115
2024-01-06 12:50:00,155.99,48.57,8.509,2386.9,1.56,75.9,130
2024-01-06 12:51:00,152.42,60.81,7.874,2422.0,2.107,26.6,130
2024-01-06 12:52:00,138.57,35.83,7.957,2107.8,0.801,95.1,100
2024-01-06 12:53:00,154.38,47.83,9.241,2280.9,1.36,63.5,130
2024-01-06 12:54:00,135.31,47.28,8.401,2220.4,0.704,62.9,100
2024-01-06 12:55:00,154.89,46.46,8.94,2377.3,0.593,68.6,130
2024-01-06 12:56:00,146.63,47.39,8.417,2189.2,0.657,64.2,115
2024-01-06 12:57:00,145.85,35.55,8.361,2176.2,1.038,97.1,115
2024-01-06 12:58:00,124.88,34.83,7.95,2035.4,0.598,95.7,90
2024-01-06 12:59:00,158.62,48.01,8.591,2316.3,0.522,62.3,130
2024-01-06 13:00:00,146.99,35.46,8.21,2239.0,1.455,95.9,130
2024-01-06 13:01:00,148.11,46.1,8.232,2263.6,1.341,77.1,115
2024-01-06 13:02:00,127.3,59.23,8.096,1931.9,0.611,13.0,90
2024-01-06 13:03:00,120.41,35.93,8.16,2003.5,0.801,96.2,90
2024-01-06 13:04:00,147.32,47.84,8.21,2244.7,1.365,69.8,115
2024-01-06 13:05:00,147.65,35.89,8.249,2156.5,0.7,96.3,115
2024-01-06 13:06:00,146.4,35.89,8.18,2196.5,1.021,99.7,115
2024-01-06 13:07:00,141.1,46.35,7.577,2219.8,1.212,62.6,115
2024-01-06 13:08:00,146.71,35.57,8.417,2399.7,0.561,98.4,115
2024-01-06 13:09:00,127.52,35.24,8.151,1965.5,0.957,95.6,90
2024-01-06 13:10:00,133.57,46.84,6.873,2168.9,0.815,65.1,100
2024-01-06 13:11:00,146.1,35.41,7.565,2148.0,0.542,96.2,115
2024-01-06 13:12:00,144.12,46.47,8.011,2145.0,2.137,62.7,115
2024-01-06 13:13:00,147.21,36.1,8.711,2160.0,0.849,95.1,115
2024-01-06 13:14:00,144.22,34.69,8.443,2217.5,1.361,97.5,115
2024-01-06 13:15:00,143.55,58.96,7.925,2344.7,1.594,17.9,115
2024-01-06 13:16:00,154.9,46.37,8.124,2404.0,0.999,72.6,130
2024-01-06 13:17:00,151.65,36.21,8.642,2273.3,0.514,99.5,130
2024-01-06 13:18:00,144.65,60.27,7.953,2208.7,2.8,28.1,115
2024-01-06 13:19:00,135.91,58.57,7.766,2197.3,2.352,15.2,100
2024-01-06 13:20:00,157.17,47.48,8.552,2314.6,0.86,78.8,130
2024-01-06 13:21:00,145.62,46.96,8.646,2179.1,0.699,71.8,115
2024-01-06 13:22:00,151.42,46.67,7.958,2362.9,1.273,60.7,130
2024-01-06 13:23:00,158.38,46.81,8.395,2439.7,0.683,63.9,130
2024-01-06 13:24:00,128.59,58.93,8.184,2154.7,0.645,38.9,90
2024-01-06 13:25:00,125.28,35.64,7.964,2178.5,1.038,97.8,90
2024-01-06 13:26:00,153.12,45.99,8.667,2298.8,0.662,61.4,130
2024-01-06 13:27:00,133.67,46.72,7.934,2063.4,0.506,67.2,100
2024-01-06 13:28:00,154.49,46.72,8.502,2150.0,0.732,74.3,130
2024-01-06 13:29:00,125.7,36.12,8.227,1904.2,1.21,95.8,90
2024-01-06 13:30:00,154.24,60.03,8.131,2293.7,1.776,23.6,130
2024-01-06 13:31:00,152.85,60.56,7.978,2350.5,0.633,32.9,130
2024-01-06 13:32:00,147.56,59.04,7.805,2297.4,1.188,33.6,115
2024-01-06 13:33:00,135.64,35.41,8.1,2169.4,1.205,96.9,100
2024-01-06 13:34:00,152.37,35.92,7.995,2252.3,0.652,95.0,130
2024-01-06 13:35:00,135.73,36.49,8.237,2202.4,0.551,96.1,100
2024-01-06 13:36:00,155.4,34.59,7.721,2214.1,0.705,95.9,130
2024-01-06 13:37:00,123.2,34.83,8.139,1981.7,0.638,96.9,90
2024-01-06 13:38:00,157.99,47.4,8.362,2359.0,2.267,77.3,130
2024-01-06 13:39:00,125.34,36.79,7.931,1971.3,1.289,95.9,90
2024-01-06 13:40:00,144.46,60.23,8.496,2168.8,0.511,28.3,115
2024-01-06 13:41:00,144.79,34.61,8.54,2151.8,1.222,95.7,115
2024-01-06 13:42:00,126.11,34.63,7.717,2083.5,0.891,97.2,90
2024-01-06 13:43:00,124.82,47.11,7.897,2117.1,0.743,66.5,90
2024-01-06 13:44:00,134.8,47.29,7.664,2199.1,0.793,75.8,100
2024-01-06 13:45:00,157.66,46.82,8.369,2263.6,1.226,76.7,130
2024-01-06 13:46:00,141.45,34.64,8.251,2216.6,0.51,96.9,115
2024-01-06 13:47:00,141.87,36.38,7.56,2288.8,0.503,95.8,115
2024-01-06 13:48:00,146.94,35.22,7.939,2187.6,0.648,98.7,115
2024-01-06 13:49:00,151.04,47.42,8.323,2157.0,0.639,78.2,115
2024-01-06 13:50:00,157.19,34.08,8.245,2258.7,1.223,95.6,130
2024-01-06 13:51:00,139.66,47.96,8.684,2101.4,2.185,76.4,100
2024-01-06 13:52:00,133.91,34.95,7.739,2152.5,1.351,99.9,100
2024-01-06 13:53:00,153.41,48.08,8.196,2307.9,1.425,63.2,130
2024-01-06 13:54:00,146.14,47.49,7.799,2216.6,2.432,66.1,115
2024-01-06 13:55:00,147.38,34.36,8.244,2166.0,0.705,99.5,115
2024-01-06 13:56:00,131.72,35.7,8.128,2075.4,0.506,97.7,100
2024-01-06 13:57:00,154.47,36.83,8.309,2361.9,0.676,97.8,130
2024-01-06 13:58:00,144.93,59.52,8.036,2257.5,0.518,22.8,115
2024-01-06 13:59:00,153.3,61.33,8.505,2275.2,0.666,15.4,130
2024-01-06 14:00:00,143.59,35.81,7.914,2225.4,0.594,98.6,115
2024-01-06 14:01:00,137.11,48.07,7.794,2247.0,0.567,61.2,100
2024-01-06 14:02:00,136.17,35.63,8.29,2144.2,1.331,98.7,100
2024-01-06 14:03:00,157.0,46.9,8.942,2309.5,2.196,71.0,130
2024-01-06 14:04:00,145.84,61.47,7.591,2352.2,0.855,32.8,115
2024-01-06 14:05:00,122.82,36.08,7.742,2155.6,0.551,98.6,90
2024-01-06 14:06:00,156.06,35.31,8.293,2258.7,1.229,99.5,130
2024-01-06 14:07:00,122.62,47.34,8.651,2155.6,0.863,78.1,90
2024-01-06 14:08:00,134.22,46.55,8.323,2136.4,0.556,65.9,100
2024-01-06 14:09:00,132.41,35.59,7.957,2066.0,0.507,98.2,100
2024-01-06 14:10:00,153.47,60.96,8.368,2414.3,1.298,37.8,130
2024-01-06 14:11:00,155.23,35.37,8.407,2253.2,2.442,96.8,130
2024-01-06 14:12:00,123.86,46.3,7.928,2029.2,1.313,78.2,90
2024-01-06 14:13:00,152.79,34.73,8.53,2279.5,0.627,97.3,130
2024-01-06 14:14:00,157.84,35.56,8.186,2473.0,0.51,99.6,130
2024-01-06 14:15:00,144.7,34.85,7.5,2153.8,0.748,96.5,115
2024-01-06 14:16:00,153.68,45.85,8.146,2261.8,2.184,69.3,130
2024-01-06 14:17:00,132.29,34.54,7.972,2122.6,1.461,98.4,100
2024-01-06 14:18:00,140.32,47.94,8.722,2272.2,0.606,71.8,115
2024-01-06 14:19:00,124.44,46.89,7.668,2064.4,1.35,61.0,90
2024-01-06 14:20:00,131.55,35.55,8.007,2096.6,0.678,99.0,100
2024-01-06 14:21:00,156.78,34.73,8.303,2359.9,2.144,96.6,130
2024-01-06 14:22:00,155.07,35.03,9.168,2418.5,2.17,100.0,130
2024-01-06 14:23:00,138.9,46.51,8.982,2020.1,0.676,79.5,100
2024-01-06 14:24:00,145.56,59.78,8.182,2175.5,1.546,22.5,115
2024-01-06 14:25:00,123.18,58.67,8.34,2111.0,1.151,26.1,90
2024-01-06 14:26:00,130.3,47.87,8.441,2051.4,0.649,64.3,100
2024-01-06 14:27:00,157.02,35.49,7.795,2297.6,1.215,96.3,130
2024-01-06 14:28:00,121.75,47.16,8.204,2171.7,1.825,78.5,90
2024-01-06 14:29:00,153.98,36.23,8.742,2359.8,0.609,95.1,130
2024-01-06 14:30:00,159.19,60.67,8.257,2351.7,1.222,32.0,130
2024-01-06 14:31:00,,46.54,8.98,2209.8,1.917,76.2,100
2024-01-06 14:32:00,125.97,47.48,8.022,2096.0,0.566,72.3,90
2024-01-06 14:33:00,147.36,47.48,8.165,2203.0,0.714,76.6,115
2024-01-06 14:34:00,157.27,60.25,8.168,2387.2,1.231,21.5,130
2024-01-06 14:35:00,158.95,36.35,7.679,2271.9,0.754,99.0,130
2024-01-06 14:36:00,153.49,47.64,8.642,2297.1,2.849,78.4,130
2024-01-06 14:37:00,154.06,36.08,8.067,2177.5,1.341,97.3,130
2024-01-06 14:38:00,152.69,48.09,8.303,2271.8,0.527,79.5,130
2024-01-06 14:39:00,144.92,35.52,7.961,2236.3,0.793,99.1,115
2024-01-06 14:40:00,124.67,47.05,8.89,2072.1,1.418,69.9,90
2024-01-06 14:41:00,150.61,36.16,8.693,2383.9,1.523,95.4,130
2024-01-06 14:42:00,153.37,59.86,8.223,2275.0,0.581,36.7,130
2024-01-06 14:43:00,138.6,35.89,7.71,2118.2,0.603,95.3,100
2024-01-06 14:44:00,135.61,35.05,8.498,2106.7,2.184,99.3,100
2024-01-06 14:45:00,126.79,58.18,8.633,2089.3,0.791,34.7,90
2024-01-06 14:46:00,154.7,60.48,7.829,2433.7,0.831,13.5,130
2024-01-06 14:47:00,150.28,45.76,8.143,2125.2,0.557,68.1,130
2024-01-06 14:48:00,144.68,34.94,8.231,2191.0,0.67,98.7,115
2024-01-06 14:49:00,147.6,47.66,8.635,2201.9,0.527,67.8,115
2024-01-06 14:50:00,142.04,47.67,8.139,2059.5,0.503,77.6,115
2024-01-06 14:51:00,146.87,60.94,8.585,2220.1,0.688,19.6,115
2024-01-06 14:52:00,150.75,58.38,7.891,2281.7,2.467,11.7,130
2024-01-06 14:53:00,145.05,35.74,7.778,2194.9,0.974,95.7,115
2024-01-06 14:54:00,136.36,59.79,8.933,2061.7,1.394,15.7,100
2024-01-06 14:55:00,144.22,36.29,7.675,2223.0,1.531,95.6,115
2024-01-06 14:56:00,141.18,36.68,7.9,2056.7,0.604,98.1,100
2024-01-06 14:57:00,143.77,45.95,8.514,2162.6,1.616,76.8,115
2024-01-06 14:58:00,153.55,35.51,7.988,2294.0,0.798,99.8,130
2024-01-06 14:59:00,155.51,60.67,7.977,2391.7,0.574,26.4,130
2024-01-06 15:00:00,143.11,35.23,8.121,2262.8,2.282,96.8,115
2024-01-06 15:01:00,151.4,61.4,7.338,2359.1,1.211,18.6,130
2024-01-06 15:02:00,132.26,35.18,8.648,2306.9,2.132,98.3,100
2024-01-06 15:03:00,136.89,46.76,8.27,2185.2,2.686,73.5,100
2024-01-06 15:04:00,154.24,46.14,7.875,2226.3,0.502,72.7,130
2024-01-06 15:05:00,159.26,35.62,7.513,2265.0,0.545,99.9,130
2024-01-06 15:06:00,123.9,57.59,7.654,2001.4,0.53,37.8,90
2024-01-06 15:07:00,156.78,35.3,7.562,2299.1,2.34,96.2,130
2024-01-06 15:08:00,156.28,48.02,8.291,2277.1,2.122,64.4,130
2024-01-06 15:09:00,153.86,34.38,8.295,2234.6,1.204,96.6,130
2024-01-06 15:10:00,132.8,58.71,8.445,2223.9,1.033,10.3,100
2024-01-06 15:11:00,150.67,36.39,8.493,2389.6,0.912,97.1,130
2024-01-06 15:12:00,146.38,61.0,8.451,2244.4,2.189,21.8,115
2024-01-06 15:13:00,148.0,45.92,8.815,2149.8,2.121,74.4,115
2024-01-06 15:14:00,151.03,48.39,8.678,2319.7,0.727,69.9,130
2024-01-06 15:15:00,154.07,35.85,8.583,2261.1,0.929,97.8,130
2024-01-06 15:16:00,133.33,47.84,8.295,2252.9,1.235,79.3,100
2024-01-06 15:17:00,146.38,34.87,8.488,2134.3,0.528,98.5,115
2024-01-06 15:18:00,154.18,36.69,8.036,2362.6,2.283,96.7,130
2024-01-06 15:19:00,158.31,46.79,8.112,2360.9,0.613,71.6,130
2024-01-06 15:20:00,144.04,35.25,8.889,2301.7,1.234,98.5,115
2024-01-06 15:21:00,131.91,60.39,7.977,2165.7,0.83,20.8,100
2024-01-06 15:22:00,153.83,46.69,7.948,2283.6,0.805,77.5,130
2024-01-06 15:23:00,144.1,34.28,8.055,2421.4,1.168,99.5,115
2024-01-06 15:24:00,156.32,35.61,7.98,2239.8,1.218,97.4,130
2024-01-06 15:25:00,154.07,35.25,8.014,2367.4,1.255,98.6,130
2024-01-06 15:26:00,156.1,46.39,8.297,2311.5,0.852,77.9,130
2024-01-06 15:27:00,133.02,47.99,8.31,2177.4,0.601,76.1,100
2024-01-06 15:28:00,144.26,61.91,8.564,2257.0,0.629,17.0,115
2024-01-06 15:29:00,133.04,34.76,9.075,2063.4,0.689,97.0,100
2024-01-06 15:30:00,132.88,47.16,8.053,2042.6,1.305,69.2,100
2024-01-06 15:31:00,138.19,35.18,8.174,2047.8,1.207,96.5,100
2024-01-06 15:32:00,153.21,48.83,7.465,2274.3,0.685,73.7,130
2024-01-06 15:33:00,154.13,47.39,7.683,2329.9,2.152,74.2,130
2024-01-06 15:34:00,127.61,47.74,8.142,2015.0,1.894,79.7,90
2024-01-06 15:35:00,136.88,60.95,8.385,2035.1,0.734,27.4,100
2024-01-06 15:36:00,139.1,47.1,8.397,2223.5,0.867,74.5,100
2024-01-06 15:37:00,156.21,35.35,8.447,2186.9,2.718,99.4,130
2024-01-06 15:38:00,153.5,36.72,8.703,2348.4,1.213,96.7,130
2024-01-06 15:39:00,140.14,47.62,8.882,2089.9,0.532,78.2,100
2024-01-06 15:40:00,156.46,46.32,8.103,2407.4,1.53,61.2,130
2024-01-06 15:41:00,144.61,59.42,7.879,2188.0,0.932,27.4,115
2024-01-06 15:42:00,145.14,35.19,8.462,2089.2,2.101,98.5,115
2024-01-06 15:43:00,155.45,60.93,8.574,2306.8,2.681,36.4,130
2024-01-06 15:44:00,154.41,36.68,8.254,2242.8,1.321,96.9,130
2024-01-06 15:45:00,151.56,48.72,8.128,2374.9,1.324,68.5,130
2024-01-06 15:46:00,159.07,46.43,7.998,2336.4,0.922,70.4,130
2024-01-06 15:47:00,144.95,35.61,8.183,,1.268,98.7,115
2024-01-06 15:48:00,155.46,59.68,8.476,2229.8,1.375,16.1,130
2024-01-06 15:49:00,160.2,35.35,7.933,2222.2,0.581,99.4,130
2024-01-06 15:50:00,123.29,47.74,7.88,2023.1,1.224,73.2,90
2024-01-06 15:51:00,146.64,46.96,8.44,2339.1,2.189,66.9,115
2024-01-06 15:52:00,153.02,48.05,7.861,2298.5,0.538,63.0,130
2024-01-06 15:53:00,135.8,35.09,8.26,2225.8,0.647,97.8,100
2024-01-06 15:54:00,125.5,36.09,8.239,1951.5,1.351,95.2,90
2024-01-06 15:55:00,156.98,59.65,8.2,2156.3,2.215,34.4,130
2024-01-06 15:56:00,148.02,,7.943,2154.4,2.138,99.9,115
2024-01-06 15:57:00,143.55,59.18,8.894,2282.6,1.225,19.9,115
2024-01-06 15:58:00,158.54,47.1,8.359,2286.9,2.122,71.2,130
2024-01-06 15:59:00,138.72,48.54,7.994,2221.2,1.224,72.8,100
2024-01-06 16:00:00,124.38,59.63,8.332,2171.1,0.57,35.6,90
2024-01-06 16:01:00,124.98,59.86,8.933,1993.4,1.2,30.5,90
2024-01-06 16:02:00,153.76,35.89,8.236,2376.7,0.513,97.2,130
2024-01-06 16:03:00,154.24,46.52,8.813,2421.0,0.627,68.3,130
2024-01-06 16:04:00,121.99,59.61,7.741,2152.7,0.54,22.2,90
2024-01-06 16:05:00,146.94,60.06,7.86,2102.5,0.561,28.7,115
2024-01-06 16:06:00,149.87,35.15,7.344,2161.6,0.587,96.8,130
2024-01-06 16:07:00,133.26,34.07,8.99,2114.1,0.508,97.1,100
2024-01-06 16:08:00,154.88,46.48,7.519,2277.1,0.55,63.5,130
2024-01-06 16:09:00,158.25,60.49,8.27,2377.4,0.8,30.0,130
2024-01-06 16:10:00,123.64,47.52,8.895,1992.6,0.583,70.9,90
2024-01-06 16:11:00,156.07,61.07,8.588,2343.3,1.241,38.8,130
2024-01-06 16:12:00,154.8,61.0,8.351,2223.3,2.144,24.9,130
2024-01-06 16:13:00,157.36,46.28,8.713,2337.6,2.936,71.6,130
2024-01-06 16:14:00,145.94,46.4,7.933,2193.4,0.532,74.1,115
2024-01-06 16:15:00,157.08,46.44,8.407,2338.7,1.672,64.7,130
2024-01-06 16:16:00,143.62,46.88,8.155,2200.9,0.517,69.4,115
2024-01-06 16:17:00,142.46,35.0,8.147,2053.4,0.915,99.3,115
2024-01-06 16:18:00,135.92,35.36,8.276,2190.7,1.341,99.4,100
2024-01-06 16:19:00,153.78,46.3,8.67,2403.6,1.388,72.0,130
2024-01-06 16:20:00,135.08,47.63,8.827,2083.1,2.156,75.6,100
2024-01-06 16:21:00,155.79,46.24,8.093,2374.8,1.658,77.0,130
2024-01-06 16:22:00,138.1,46.2,7.765,2100.9,0.677,61.5,100
2024-01-06 16:23:00,146.97,-1.87,7.872,2122.0,2.325,98.0,115
2024-01-06 16:24:00,153.3,47.58,8.979,2261.1,1.363,79.7,130
2024-01-06 16:25:00,132.14,35.32,8.792,2135.3,2.127,99.6,100
2024-01-06 16:26:00,159.27,36.2,7.763,2204.4,1.562,98.1,130
2024-01-06 16:27:00,151.04,47.64,8.864,2418.0,0.541,60.6,130
2024-01-06 16:28:00,153.87,48.52,7.915,2187.5,0.569,61.3,130
2024-01-06 16:29:00,136.61,60.59,8.466,2106.7,0.721,11.3,100
2024-01-06 16:30:00,159.1,48.37,7.915,2236.2,0.52,75.9,130
2024-01-06 16:31:00,154.53,47.05,9.065,2418.3,1.042,70.9,130
2024-01-06 16:32:00,155.07,48.12,7.972,2189.4,0.527,66.1,130
2024-01-06 16:33:00,142.81,36.64,7.78,2296.0,2.32,97.4,115
2024-01-06 16:34:00,145.32,59.89,8.017,2245.8,2.302,10.5,115
2024-01-06 16:35:00,152.12,46.45,9.251,2210.2,1.439,75.6,130
2024-01-06 16:36:00,153.12,35.09,8.304,2281.9,0.614,95.8,130
2024-01-06 16:37:00,146.91,35.83,7.789,2215.4,0.596,97.0,115
2024-01-06 16:38:00,133.92,46.08,7.885,2196.8,1.96,77.5,100
2024-01-06 16:39:00,137.29,35.14,7.501,2098.4,0.84,95.8,100
2024-01-06 16:40:00,124.62,47.96,8.416,2120.5,2.233,77.3,90
2024-01-06 16:41:00,151.58,47.53,7.7,2313.9,2.14,77.8,130
2024-01-06 16:42:00,127.92,58.12,8.642,2106.1,0.942,11.0,90
2024-01-06 16:43:00,151.71,45.93,8.516,2239.5,1.409,74.2,130
2024-01-06 16:44:00,123.5,37.23,8.16,2050.7,0.529,99.6,90
2024-01-06 16:45:00,154.5,36.44,8.694,2318.8,1.24,98.3,130
2024-01-06 16:46:00,147.51,35.03,8.57,2236.5,0.656,98.1,115
2024-01-06 16:47:00,153.68,45.81,8.263,2306.8,0.64,71.4,130
2024-01-06 16:48:00,152.68,59.0,7.893,2477.4,1.305,12.4,130
2024-01-06 16:49:00,135.41,60.41,8.365,2195.9,1.311,32.9,100
2024-01-06 16:50:00,134.47,48.58,8.363,2208.2,1.238,62.6,100
2024-01-06 16:51:00,123.83,37.03,8.397,2089.8,0.559,99.4,90
2024-01-06 16:52:00,145.54,34.24,8.232,2272.7,1.336,97.6,115
2024-01-06 16:53:00,141.99,46.76,8.331,2245.9,1.213,78.6,115
2024-01-06 16:54:00,150.7,46.31,8.321,2455.4,2.187,62.9,130
2024-01-06 16:55:00,130.35,47.11,8.745,2065.2,2.147,69.4,90
2024-01-06 16:56:00,145.26,45.94,7.69,2296.5,1.238,60.8,115
2024-01-06 16:57:00,135.44,46.56,7.799,2316.8,1.232,75.6,100
2024-01-06 16:58:00,143.05,59.31,8.23,2282.2,1.23,36.7,115
2024-01-06 16:59:00,147.24,47.42,7.896,2207.2,0.535,76.9,115
2024-01-06 17:00:00,123.67,59.59,8.284,2011.3,0.594,22.5,90
2024-01-06 17:01:00,148.03,46.7,7.755,2270.4,2.121,71.1,130
2024-01-06 17:02:00,153.58,60.41,7.818,2341.3,2.555,23.5,130
2024-01-06 17:03:00,154.3,36.81,9.024,2452.7,1.338,96.2,130
2024-01-06 17:04:00,134.57,48.69,8.108,2198.3,0.641,78.1,100
2024-01-06 17:05:00,154.5,35.86,7.732,2279.1,0.547,96.4,130
2024-01-06 17:06:00,153.39,46.93,8.154,2285.6,0.904,67.6,130
2024-01-06 17:07:00,153.15,48.05,8.615,2298.0,0.852,66.6,130
2024-01-06 17:08:00,144.26,47.93,8.682,2122.7,0.507,65.7,115
2024-01-06 17:09:00,140.89,60.71,7.616,2193.4,2.364,36.6,115
2024-01-06 17:10:00,150.11,34.24,7.893,2269.9,0.541,96.6,130
2024-01-06 17:11:00,125.25,60.97,8.289,2292.2,1.362,20.2,90
2024-01-06 17:12:00,125.29,35.79,8.186,2144.1,0.909,95.4,90
2024-01-06 17:13:00,157.2,34.79,7.56,2224.2,2.644,97.8,130
2024-01-06 17:14:00,134.36,46.46,7.625,2024.5,2.141,69.8,100
2024-01-06 17:15:00,142.02,47.47,7.773,2125.5,1.061,62.3,115
2024-01-06 17:16:00,150.15,33.49,7.492,2423.1,2.114,97.8,130
2024-01-06 17:17:00,152.77,46.9,8.017,2202.1,1.68,73.2,130
2024-01-06 17:18:00,146.06,34.98,8.678,2358.8,0.796,97.2,115
2024-01-06 17:19:00,148.6,59.39,7.934,2249.2,1.69,13.7,115
2024-01-06 17:20:00,155.14,59.63,8.633,2290.3,0.591,17.4,130
2024-01-06 17:21:00,131.97,45.82,8.212,2058.4,1.765,78.4,100
2024-01-06 17:22:00,142.8,47.84,8.127,2331.1,2.441,75.8,115
2024-01-06 17:23:00,132.88,33.8,7.534,2193.7,1.28,98.5,100
2024-01-06 17:24:00,153.99,60.14,8.668,2382.0,0.583,14.2,130
2024-01-06 17:25:00,147.8,34.82,8.247,,0.588,95.6,115
2024-01-06 17:26:00,158.0,48.59,7.56,2363.3,0.678,66.9,130
2024-01-06 17:27:00,144.57,47.02,8.353,2348.5,0.54,74.8,115
2024-01-06 17:28:00,135.46,45.3,7.965,2197.6,0.614,60.8,100
2024-01-06 17:29:00,133.01,47.44,8.225,2065.5,0.514,69.6,100
2024-01-06 17:30:00,150.73,59.13,8.296,2351.6,1.289,23.4,130
2024-01-06 17:31:00,139.47,47.79,8.686,2210.4,1.42,60.3,100
2024-01-06 17:32:00,119.19,35.99,7.749,2204.1,0.678,95.3,90
2024-01-06 17:33:00,140.41,48.18,8.429,2276.8,0.576,63.0,115
2024-01-06 17:34:00,159.49,47.15,8.731,2398.1,0.559,60.4,130
2024-01-06 17:35:00,135.04,36.16,9.208,2199.3,0.579,95.5,100
2024-01-06 17:36:00,152.19,35.53,8.62,2201.6,0.514,98.8,130
2024-01-06 17:37:00,126.71,46.53,8.345,2136.4,0.56,73.5,90
2024-01-06 17:38:00,146.93,47.85,8.31,2239.6,1.446,77.6,115
2024-01-06 17:39:00,151.67,34.52,8.821,2469.8,2.139,98.8,130
2024-01-06 17:40:00,153.67,35.47,8.085,2194.9,0.53,97.7,130
2024-01-06 17:41:00,157.19,46.55,8.518,2219.4,1.574,75.4,130
2024-01-06 17:42:00,122.96,47.67,9.078,2128.0,0.554,63.6,90
2024-01-06 17:43:00,155.71,34.74,8.156,2430.9,2.158,98.5,130
2024-01-06 17:44:00,148.56,59.67,7.394,2220.4,0.624,18.9,115
2024-01-06 17:45:00,119.02,35.54,7.856,2060.8,0.628,97.0,90
2024-01-06 17:46:00,154.15,61.19,8.317,2326.6,0.541,29.7,130
2024-01-06 17:47:00,145.65,35.07,7.865,2191.3,0.662,99.8,115
2024-01-06 17:48:00,140.52,46.68,8.061,2309.0,1.438,79.8,115
2024-01-06 17:49:00,143.68,45.92,8.082,2191.4,2.233,62.4,115
2024-01-06 17:50:00,157.61,34.71,8.424,2366.0,1.652,98.0,130
2024-01-06 17:51:00,153.24,47.33,7.822,2204.1,1.456,64.9,130
2024-01-06 17:52:00,141.29,47.03,7.966,2367.5,1.35,73.3,115
2024-01-06 17:53:00,127.83,60.04,8.763,1900.4,1.92,34.2,90
2024-01-06 17:54:00,156.11,61.39,8.007,2224.9,2.308,13.6,130
2024-01-06 17:55:00,154.83,45.66,8.49,2490.3,1.35,72.0,130
2024-01-06 17:56:00,154.75,37.35,8.206,2318.1,1.608,95.8,130
2024-01-06 17:57:00,137.57,60.94,8.191,2097.2,1.879,26.8,100
2024-01-06 17:58:00,155.74,59.74,8.495,2207.8,2.583,25.7,130
2024-01-06 17:59:00,126.61,47.31,7.455,2035.1,0.785,73.7,90
2024-01-06 18:00:00,153.27,34.95,8.377,2333.2,0.633,96.2,130
2024-01-06 18:01:00,120.21,35.76,8.421,2108.9,1.27,98.3,90
2024-01-06 18:02:00,146.55,61.72,8.539,2255.8,2.263,35.9,115
2024-01-06 18:03:00,137.75,59.48,8.05,2007.1,0.801,14.2,100
2024-01-06 18:04:00,154.44,35.31,8.2,2321.1,2.105,99.4,130
2024-01-06 18:05:00,137.22,46.39,7.219,2177.1,0.562,71.1,100
2024-01-06 18:06:00,154.16,35.02,7.932,2337.9,0.588,99.3,130
2024-01-06 18:07:00,154.77,35.18,8.27,2312.4,0.803,97.1,130
2024-01-06 18:08:00,159.38,34.62,8.788,2211.7,2.29,98.2,130
2024-01-06 18:09:00,124.27,59.79,8.938,1996.3,0.611,17.5,90
2024-01-06 18:10:00,134.12,35.54,8.063,2247.0,1.003,96.6,100
2024-01-06 18:11:00,140.33,35.18,8.55,2167.9,0.655,99.3,115
2024-01-06 18:12:00,146.73,33.66,8.141,2172.2,1.457,96.8,115
2024-01-06 18:13:00,153.23,46.88,7.554,2286.3,2.313,73.3,130
2024-01-06 18:14:00,135.37,46.96,8.442,2052.7,0.891,72.5,100
2024-01-06 18:15:00,134.21,61.52,8.933,2200.7,2.435,16.0,100
2024-01-06 18:16:00,133.89,47.02,8.047,2048.5,3.003,69.3,100
2024-01-06 18:17:00,144.71,36.25,7.837,2316.7,0.595,99.0,115
2024-01-06 18:18:00,124.9,46.66,8.227,1962.4,1.236,74.1,90
2024-01-06 18:19:00,127.94,48.04,8.151,2047.6,0.785,73.0,90
2024-01-06 18:20:00,148.8,46.24,9.244,2257.5,0.915,62.2,115
2024-01-06 18:21:00,156.63,35.9,8.602,2373.2,1.211,97.8,130
2024-01-06 18:22:00,148.18,36.17,8.252,2212.0,1.281,95.4,115
2024-01-06 18:23:00,147.14,60.55,7.042,2173.8,0.829,20.6,115
2024-01-06 18:24:00,156.24,48.73,8.143,2423.5,0.73,65.5,130
2024-01-06 18:25:00,158.64,59.53,8.941,2324.5,2.382,30.9,130
2024-01-06 18:26:00,141.73,36.63,8.232,2216.3,1.357,96.4,115
2024-01-06 18:27:00,143.29,36.42,8.529,2084.5,0.596,97.6,115
2024-01-06 18:28:00,142.95,35.54,8.357,2245.3,0.834,98.5,115
2024-01-06 18:29:00,154.25,48.47,8.005,2309.6,0.662,70.5,130
2024-01-06 18:30:00,136.71,35.38,8.877,2041.5,0.645,97.0,100
2024-01-06 18:31:00,142.21,60.02,8.276,2167.5,1.465,33.8,115
2024-01-06 18:32:00,156.26,35.5,7.917,2317.5,1.242,96.6,130
2024-01-06 18:33:00,153.53,58.98,8.209,2347.4,0.676,23.5,130
2024-01-06 18:34:00,124.13,36.11,8.771,1988.5,1.273,97.4,90
2024-01-06 18:35:00,135.5,47.48,7.608,2069.3,0.504,60.8,100
2024-01-06 18:36:00,159.2,35.42,8.308,2319.3,1.476,97.3,130
2024-01-06 18:37:00,123.22,36.91,8.229,2002.7,0.629,96.3,90
2024-01-06 18:38:00,154.8,59.65,7.584,2293.9,0.967,19.7,130
2024-01-06 18:39:00,122.3,58.62,8.507,2212.0,0.639,27.8,90
2024-01-06 18:40:00,153.2,37.02,8.303,2306.6,1.202,99.7,130
2024-01-06 18:41:00,152.28,47.81,8.551,2391.8,0.605,63.3,130
2024-01-06 18:42:00,145.61,60.5,8.655,2130.4,0.538,38.9,115
2024-01-06 18:43:00,156.06,46.73,8.178,2248.6,1.008,60.8,130
2024-01-06 18:44:00,146.72,35.77,7.978,2166.9,0.618,96.5,115
2024-01-06 18:45:00,133.12,58.99,7.63,2061.7,0.643,17.8,100
2024-01-06 18:46:00,136.27,46.82,7.942,2008.5,1.291,71.9,100
2024-01-06 18:47:00,145.28,59.28,8.204,2245.4,0.648,27.2,115
2024-01-06 18:48:00,144.86,47.21,7.815,2261.0,1.217,77.3,115
2024-01-06 18:49:00,151.9,36.24,8.433,2234.3,2.223,95.1,130
2024-01-06 18:50:00,155.38,34.66,7.839,2250.4,1.418,98.3,130
2024-01-06 18:51:00,145.46,36.08,7.495,2236.2,1.293,99.4,115
2024-01-06 18:52:00,155.25,60.16,7.969,2311.7,1.3,13.6,130
2024-01-06 18:53:00,136.0,36.05,8.274,2232.6,2.463,97.0,100
2024-01-06 18:54:00,146.74,46.81,7.696,2320.7,0.654,64.3,115
2024-01-06 18:55:00,152.25,60.56,7.845,2256.5,2.277,16.9,130
2024-01-06 18:56:00,144.46,34.94,7.948,2224.6,2.17,96.8,115
2024-01-06 18:57:00,156.29,34.15,8.0,2229.9,0.632,98.1,130
2024-01-06 18:58:00,144.33,34.34,8.319,2350.2,0.511,96.6,115
2024-01-06 18:59:00,137.4,35.1,8.455,2171.3,2.213,98.1,100
2024-01-06 19:00:00,145.23,45.71,8.01,2309.5,1.525,80.0,115
2024-01-06 19:01:00,150.11,48.24,7.784,2280.9,0.535,63.4,130
2024-01-06 19:02:00,137.1,35.43,8.255,2231.7,1.489,95.1,100
2024-01-06 19:03:00,154.71,47.74,8.407,2369.5,0.594,76.7,130
2024-01-06 19:04:00,130.58,47.63,8.846,2252.3,0.505,76.9,100
2024-01-06 19:05:00,144.37,35.51,8.658,2122.5,1.812,98.0,115
2024-01-06 19:06:00,141.83,38.33,7.696,2236.0,1.24,99.7,115
2024-01-06 19:07:00,126.88,49.34,8.144,2157.8,2.182,66.2,90
2024-01-06 19:08:00,134.91,36.61,8.382,2075.1,0.631,95.6,100
2024-01-06 19:09:00,152.69,34.78,7.86,2351.8,2.697,97.7,130
2024-01-06 19:10:00,157.03,36.65,8.06,2355.7,0.674,95.9,130
2024-01-06 19:11:00,126.15,45.6,8.47,2126.1,1.671,74.2,90
2024-01-06 19:12:00,154.41,48.12,8.3,2336.7,0.666,79.1,130
2024-01-06 19:13:00,141.89,44.96,8.201,2279.4,0.546,75.0,115
2024-01-06 19:14:00,132.89,59.74,7.939,2184.6,2.266,33.9,100
2024-01-06 19:15:00,142.86,47.97,7.622,2324.8,0.521,61.6,115
2024-01-06 19:16:00,136.87,47.31,8.075,2092.6,2.125,60.6,100
2024-01-06 19:17:00,130.8,45.82,8.164,2177.2,0.525,64.2,100
2024-01-06 19:18:00,134.88,35.64,7.613,2247.5,0.502,95.8,100
2024-01-06 19:19:00,134.37,60.31,8.219,2087.3,0.533,11.0,100
2024-01-06 19:20:00,147.59,35.66,8.357,2174.7,1.287,97.6,115
2024-01-06 19:21:00,145.58,35.17,7.923,2271.9,0.515,96.8,115
2024-01-06 19:22:00,146.34,60.68,8.361,2340.6,1.201,38.2,115
2024-01-06 19:23:00,133.69,36.42,8.31,2139.3,1.224,96.0,100
2024-01-06 19:24:00,121.92,46.88,8.078,2077.6,1.05,72.8,90
2024-01-06 19:25:00,154.19,48.22,8.034,2339.1,0.649,63.5,130
2024-01-06 19:26:00,156.94,35.37,8.067,2271.1,0.614,99.4,130
2024-01-06 19:27:00,126.94,46.61,7.858,2245.5,2.234,65.1,90
2024-01-06 19:28:00,143.92,36.59,8.338,2156.0,0.662,99.2,115
2024-01-06 19:29:00,152.85,61.06,7.862,2317.2,0.523,23.5,130
2024-01-06 19:30:00,132.36,35.0,7.888,2158.5,0.676,95.9,100
2024-01-06 19:31:00,124.66,46.39,8.399,1894.9,1.559,79.0,90
2024-01-06 19:32:00,135.34,36.91,8.103,2082.6,1.364,96.4,100
2024-01-06 19:33:00,138.68,46.92,8.225,2041.8,2.529,69.9,100
2024-01-06 19:34:00,155.31,35.5,7.515,2367.6,2.13,99.5,130
2024-01-06 19:35:00,126.53,35.3,7.991,1934.5,0.85,97.8,90
2024-01-06 19:36:00,143.05,48.06,8.872,2305.4,0.717,61.0,115
2024-01-06 19:37:00,125.1,37.22,7.488,1975.6,1.385,98.9,90
2024-01-06 19:38:00,155.35,47.06,8.9,2386.9,2.278,74.2,130
2024-01-06 19:39:00,154.65,37.43,8.304,2198.3,0.525,99.4,130
2024-01-06 19:40:00,144.95,46.56,7.987,2263.9,0.705,78.4,115
2024-01-06 19:41:00,155.32,35.27,8.118,2384.8,2.202,96.3,130
2024-01-06 19:42:00,136.2,36.04,8.692,2195.8,0.513,96.1,100
2024-01-06 19:43:00,127.92,46.35,7.289,1972.3,0.546,65.7,90
2024-01-06 19:44:00,129.34,47.53,8.766,2240.4,2.217,64.3,100
2024-01-06 19:45:00,127.78,46.59,8.306,2113.7,3.092,68.9,90
2024-01-06 19:46:00,140.72,34.26,8.605,2041.4,0.613,95.0,115
2024-01-06 19:47:00,135.77,45.61,7.501,2158.9,0.532,69.6,100
2024-01-06 19:48:00,140.89,46.74,8.109,2376.7,0.964,71.0,100
2024-01-06 19:49:00,134.89,35.83,7.269,2239.3,2.107,97.8,100
2024-01-06 19:50:00,145.45,45.91,8.679,2190.1,2.127,71.8,115
2024-01-06 19:51:00,144.22,35.64,7.807,2273.5,1.328,96.2,115
2024-01-06 19:52:00,136.67,47.15,7.801,2118.6,0.519,69.2,100
2024-01-06 19:53:00,155.91,59.87,7.426,2391.2,0.67,17.0,130
2024-01-06 19:54:00,133.31,34.76,8.378,2084.9,1.234,96.3,100
2024-01-06 19:55:00,124.71,60.19,8.229,2166.7,0.71,30.8,90
2024-01-06 19:56:00,142.2,46.89,7.901,2303.6,1.225,61.4,115
2024-01-06 19:57:00,134.7,36.29,8.305,2201.4,1.532,98.4,100
2024-01-06 19:58:00,133.95,45.97,7.888,2315.7,0.765,75.1,100
2024-01-06 19:59:00,135.34,35.59,7.496,2230.5,2.619,98.4,100
2024-01-06 20:00:00,143.23,34.48,8.054,2311.7,0.514,99.2,115
2024-01-06 20:01:00,124.46,46.81,8.858,2160.1,1.362,67.8,90
2024-01-06 20:02:00,145.02,59.12,8.589,2287.1,0.747,18.8,115
2024-01-06 20:03:00,155.2,34.77,8.382,2347.1,1.666,97.5,130
2024-01-06 20:04:00,135.69,,8.298,2095.8,1.332,63.3,100
2024-01-06 20:05:00,134.56,59.55,8.055,2096.9,1.104,36.9,100
2024-01-06 20:06:00,133.03,36.67,8.494,2184.6,0.526,95.1,100
2024-01-06 20:07:00,155.21,60.94,8.426,2358.7,0.614,21.0,130
2024-01-06 20:08:00,154.55,36.14,8.167,2311.4,0.558,99.2,130
2024-01-06 20:09:00,127.56,60.63,8.28,2031.5,1.234,18.5,90
2024-01-06 20:10:00,157.88,60.1,7.558,2299.1,0.568,35.4,130
2024-01-06 20:11:00,131.57,61.04,8.008,2145.8,0.719,14.2,100
2024-01-06 20:12:00,136.54,35.26,7.723,2172.0,0.632,99.1,100
2024-01-06 20:13:00,137.04,37.2,7.715,2132.2,1.24,95.4,100
2024-01-06 20:14:00,151.64,34.75,8.388,2403.3,1.206,96.3,130
2024-01-06 20:15:00,136.45,46.1,7.694,2141.1,1.014,75.4,100
2024-01-06 20:16:00,127.24,45.88,8.507,2018.5,1.275,62.5,90
2024-01-06 20:17:00,142.63,46.02,8.613,2223.5,2.127,61.5,115
2024-01-06 20:18:00,144.41,45.7,8.175,2141.9,0.532,65.6,115
2024-01-06 20:19:00,145.47,47.17,7.958,2391.1,1.258,63.5,115
2024-01-06 20:20:00,156.43,36.18,8.612,2362.4,0.552,96.7,130
2024-01-06 20:21:00,122.53,47.03,8.421,2069.0,0.566,75.2,90
2024-01-06 20:22:00,127.89,34.39,8.678,2183.3,1.251,96.4,90
2024-01-06 20:23:00,119.93,59.62,7.767,2053.6,0.613,30.0,90
2024-01-06 20:24:00,148.31,36.17,8.096,2227.3,2.39,96.8,115
2024-01-06 20:25:00,136.38,59.73,8.113,2093.7,0.506,27.6,100
2024-01-06 20:26:00,153.45,46.36,8.284,2234.8,0.542,62.1,130
2024-01-06 20:27:00,137.16,45.79,8.45,2166.9,1.449,69.8,100
2024-01-06 20:28:00,142.38,46.66,8.255,2315.1,1.232,73.1,115
2024-01-06 20:29:00,125.29,34.94,8.734,1999.7,1.47,96.1,90
2024-01-06 20:30:00,135.6,46.93,8.05,2130.9,0.645,75.5,100
2024-01-06 20:31:00,125.59,47.38,7.78,2053.7,2.527,77.0,90
2024-01-06 20:32:00,122.9,35.27,7.934,2131.7,2.102,96.2,90
2024-01-06 20:33:00,123.76,35.65,7.884,2035.5,0.807,95.8,90
2024-01-06 20:34:00,155.32,35.88,8.018,2370.2,1.37,95.0,130
2024-01-06 20:35:00,133.18,46.02,8.092,2207.2,1.327,73.6,100
2024-01-06 20:36:00,145.68,37.01,8.109,2177.0,0.531,98.9,115
2024-01-06 20:37:00,153.46,34.91,8.293,2286.6,0.553,99.4,130
2024-01-06 20:38:00,157.5,47.41,8.016,2316.4,0.808,66.5,130
2024-01-06 20:39:00,138.91,46.09,8.62,2115.0,2.132,65.9,100
2024-01-06 20:40:00,154.26,47.09,7.425,2238.4,0.65,78.5,130
2024-01-06 20:41:00,147.3,60.12,7.309,2348.6,1.247,35.8,115
2024-01-06 20:42:00,134.47,48.33,8.601,2007.4,0.634,78.1,100
2024-01-06 20:43:00,122.66,59.81,8.569,2088.6,1.259,23.9,90
2024-01-06 20:44:00,133.94,36.54,8.696,2259.2,0.586,96.8,100
2024-01-06 20:45:00,145.21,35.73,8.455,2165.5,1.524,99.9,115
2024-01-06 20:46:00,150.53,36.98,8.201,2312.1,0.508,95.6,130
2024-01-06 20:47:00,156.56,34.08,8.097,2382.2,2.616,96.9,130
2024-01-06 20:48:00,155.22,60.39,7.559,2066.6,2.177,23.9,130
2024-01-06 20:49:00,157.5,33.36,8.259,2306.0,1.381,98.0,130
2024-01-06 20:50:00,126.52,35.45,7.625,1944.2,0.55,96.7,90
2024-01-06 20:51:00,145.3,47.82,9.186,2307.1,0.589,75.8,115
2024-01-06 20:52:00,154.11,36.66,7.787,2246.6,2.223,99.0,130
2024-01-06 20:53:00,158.81,36.09,8.17,2452.8,0.733,97.8,130
2024-01-06 20:54:00,150.42,46.77,8.803,2153.6,0.913,78.1,115
2024-01-06 20:55:00,144.15,35.94,8.054,2266.0,1.602,97.4,115
2024-01-06 20:56:00,157.61,62.01,8.056,2239.9,0.582,20.4,130
2024-01-06 20:57:00,123.23,47.06,7.165,2051.0,0.519,79.1,90
2024-01-06 20:58:00,153.53,47.77,7.676,2309.7,1.718,69.0,130
2024-01-06 20:59:00,154.03,35.16,8.425,2312.1,0.506,98.8,130
2024-01-06 21:00:00,156.71,36.36,8.869,2442.4,0.926,96.2,130
2024-01-06 21:01:00,142.31,36.22,7.844,2344.2,1.205,97.6,115
2024-01-06 21:02:00,158.87,46.51,8.279,2250.0,1.251,75.2,130
2024-01-06 21:03:00,157.34,60.62,9.283,2313.4,1.202,30.4,130
2024-01-06 21:04:00,156.65,36.16,8.427,2216.9,0.503,97.4,130
2024-01-06 21:05:00,730.46,36.09,8.59,2118.7,1.342,96.6,115
2024-01-06 21:06:00,157.07,46.97,7.894,2256.6,0.72,71.3,130
2024-01-06 21:07:00,147.71,47.98,8.821,2444.7,0.587,73.5,130
2024-01-06 21:08:00,146.1,34.75,7.923,2095.0,0.686,95.7,115
2024-01-06 21:09:00,155.4,35.51,7.853,2356.1,0.874,100.0,130
2024-01-06 21:10:00,140.28,47.09,8.792,2266.8,2.418,76.8,115
2024-01-06 21:11:00,156.02,47.94,7.945,2250.5,0.931,63.4,130
2024-01-06 21:12:00,156.48,34.73,8.199,2361.6,1.235,96.5,130
2024-01-06 21:13:00,140.37,35.69,8.85,2281.2,2.151,96.5,115
2024-01-06 21:14:00,152.03,46.61,7.834,2307.0,1.377,72.5,130
2024-01-06 21:15:00,160.16,47.09,8.105,2298.0,0.757,75.7,130
2024-01-06 21:16:00,144.53,35.81,7.956,2210.4,0.523,96.4,115
2024-01-06 21:17:00,127.44,45.98,8.069,2002.5,2.139,77.7,90
2024-01-06 21:18:00,137.82,61.01,8.216,2163.2,1.713,19.2,100
2024-01-06 21:19:00,135.98,47.34,8.736,2109.6,1.205,66.8,100
2024-01-06 21:20:00,127.54,46.31,8.857,2082.9,0.603,70.4,90
2024-01-06 21:21:00,119.72,35.23,8.262,2021.2,2.147,98.7,90
2024-01-06 21:22:00,134.42,61.2,7.909,2097.4,1.498,37.9,100
2024-01-06 21:23:00,137.3,35.83,8.471,2186.4,0.898,99.4,115
2024-01-06 21:24:00,150.63,46.23,8.202,2411.5,1.257,79.8,130
2024-01-06 21:25:00,153.63,59.37,8.215,2199.8,0.678,19.8,130
2024-01-06 21:26:00,133.34,60.5,7.787,2291.8,0.871,17.0,100
2024-01-06 21:27:00,125.1,36.1,7.553,2131.4,2.283,95.1,90
2024-01-06 21:28:00,144.95,35.79,8.192,2105.0,0.684,98.1,115
2024-01-06 21:29:00,135.33,46.77,7.772,2103.7,1.306,60.1,100
2024-01-06 21:30:00,145.44,36.15,7.988,2100.2,0.712,97.8,115
2024-01-06 21:31:00,145.83,35.25,8.793,2281.7,1.145,98.1,115
2024-01-06 21:32:00,142.6,34.82,8.172,2332.1,0.571,99.7,115
2024-01-06 21:33:00,,48.27,8.643,2248.3,2.145,61.3,115
2024-01-06 21:34:00,154.91,35.89,8.318,2407.5,1.135,96.2,130
2024-01-06 21:35:00,134.95,59.37,8.434,2164.7,0.512,13.4,100
2024-01-06 21:36:00,122.3,47.11,7.98,2147.7,1.566,74.9,90
2024-01-06 21:37:00,127.7,35.52,8.661,2093.4,0.981,95.8,90
2024-01-06 21:38:00,156.81,46.72,8.324,2311.1,0.55,78.2,130
2024-01-06 21:39:00,122.85,47.19,8.094,2131.9,0.611,73.7,90
2024-01-06 21:40:00,154.48,59.26,8.324,2297.5,0.526,11.4,130
2024-01-06 21:41:00,160.02,36.2,7.914,2426.6,0.591,96.3,130
2024-01-06 21:42:00,135.4,35.5,8.083,2124.8,0.622,98.8,100
2024-01-06 21:43:00,155.99,45.71,8.178,2355.4,0.642,68.5,130
2024-01-06 21:44:00,153.48,35.32,7.99,2253.5,1.226,98.5,130
2024-01-06 21:45:00,154.22,59.51,8.823,2184.1,0.603,27.4,130
2024-01-06 21:46:00,138.78,44.61,8.034,2178.6,2.296,74.1,100
2024-01-06 21:47:00,155.28,35.38,9.033,2165.7,1.339,98.1,130
2024-01-06 21:48:00,144.82,47.83,8.227,2401.9,0.868,63.2,115
2024-01-06 21:49:00,135.02,46.91,8.106,2121.7,2.703,64.8,100
2024-01-06 21:50:00,141.36,47.57,7.998,2143.8,0.839,68.1,100
2024-01-06 21:51:00,125.1,35.51,8.369,2045.2,0.51,99.9,90
2024-01-06 21:52:00,142.92,59.63,8.558,2241.3,0.548,23.0,115
2024-01-06 21:53:00,153.36,34.91,7.185,2337.2,1.218,99.7,130
2024-01-06 21:54:00,156.95,34.47,8.202,2242.8,0.614,96.3,130
2024-01-06 21:55:00,141.43,47.74,7.405,2025.7,0.757,65.1,115
2024-01-06 21:56:00,136.13,36.08,8.593,2061.9,0.507,98.2,100
2024-01-06 21:57:00,153.19,46.78,8.6,2271.2,1.262,64.4,130
2024-01-06 21:58:00,150.35,45.38,8.216,2332.4,0.52,66.5,130
2024-01-06 21:59:00,132.55,35.88,8.283,2164.7,0.606,98.7,100
2024-01-06 22:00:00,135.07,34.78,7.628,2210.3,1.019,98.0,100
2024-01-06 22:01:00,138.49,60.12,7.981,2018.6,2.206,24.7,100
2024-01-06 22:02:00,137.28,45.77,7.955,2078.6,0.701,60.3,100
2024-01-06 22:03:00,134.27,47.07,8.02,2114.7,0.598,76.5,100
2024-01-06 22:04:00,137.43,46.89,8.549,2271.9,2.363,61.5,100
2024-01-06 22:05:00,144.11,45.07,8.713,2447.6,0.772,75.8,115
2024-01-06 22:06:00,121.33,61.29,8.444,1962.1,1.23,31.0,90
2024-01-06 22:07:00,145.05,35.24,8.071,2317.3,2.312,95.1,115
2024-01-06 22:08:00,151.24,46.79,7.902,2317.0,2.198,69.9,130
2024-01-06 22:09:00,156.98,47.43,8.236,2354.5,0.893,60.2,130
2024-01-06 22:10:00,137.01,35.46,8.319,2044.0,0.534,95.9,100
2024-01-06 22:11:00,122.8,35.79,8.112,2178.4,0.955,96.0,90
2024-01-06 22:12:00,155.36,46.08,7.936,2132.3,2.243,60.8,130
2024-01-06 22:13:00,155.34,46.89,8.446,2204.8,2.159,69.2,130
2024-01-06 22:14:00,127.18,33.97,8.485,2048.4,0.581,95.9,90
2024-01-06 22:15:00,121.89,46.81,7.675,2022.5,1.201,61.3,90
2024-01-06 22:16:00,156.5,48.16,8.047,2312.1,2.699,64.7,130
2024-01-06 22:17:00,151.71,34.3,8.511,2255.2,0.551,95.7,130
2024-01-06 22:18:00,136.94,59.72,8.595,2121.5,0.981,21.2,100
2024-01-06 22:19:00,157.66,58.3,8.226,2295.2,0.883,33.2,130
2024-01-06 22:20:00,123.33,60.01,8.346,2052.1,0.586,20.4,90
2024-01-06 22:21:00,158.05,60.37,8.301,2321.9,2.147,16.2,130
2024-01-06 22:22:00,151.06,60.31,8.582,2381.7,2.211,17.6,130
2024-01-06 22:23:00,157.75,35.02,7.756,2249.7,1.042,97.2,130
2024-01-06 22:24:00,158.6,45.28,8.307,2417.8,0.886,71.8,130
2024-01-06 22:25:00,155.86,59.01,7.844,2313.9,0.634,37.0,130
2024-01-06 22:26:00,154.51,48.01,8.635,2410.9,1.358,64.3,130
2024-01-06 22:27:00,135.78,36.2,7.777,2122.6,1.305,95.4,100
2024-01-06 22:28:00,153.49,46.93,8.363,2240.7,1.779,61.7,130
2024-01-06 22:29:00,131.56,47.13,7.847,2076.4,2.1,70.8,90
2024-01-06 22:30:00,153.53,34.68,8.501,2515.1,0.568,99.1,130
2024-01-06 22:31:00,138.29,48.03,8.376,2040.8,1.098,76.1,100
2024-01-06 22:32:00,153.15,46.42,8.296,2364.2,2.701,70.9,130
2024-01-06 22:33:00,158.99,47.35,8.984,2324.2,0.628,78.4,130
2024-01-06 22:34:00,150.03,45.94,7.919,2262.3,1.307,71.5,115
2024-01-06 22:35:00,145.96,46.86,8.57,2133.5,0.907,76.0,115
2024-01-06 22:36:00,135.72,36.5,8.669,2186.6,1.773,95.6,100
2024-01-06 22:37:00,132.61,46.24,8.571,2173.6,1.303,63.9,100
2024-01-06 22:38:00,132.31,36.1,7.929,2031.3,1.336,97.7,100
2024-01-06 22:39:00,145.74,59.14,8.106,2240.5,2.181,22.7,115
2024-01-06 22:40:00,128.65,46.28,7.958,2050.6,0.547,71.1,90
2024-01-06 22:41:00,143.63,46.99,8.081,2201.7,2.315,64.3,115
2024-01-06 22:42:00,130.52,36.28,7.864,2066.3,0.542,99.2,90
2024-01-06 22:43:00,133.47,46.76,8.055,2237.0,1.537,69.1,100
2024-01-06 22:44:00,155.57,35.99,8.787,2346.7,0.609,99.9,130
2024-01-06 22:45:00,155.58,47.92,8.072,2226.5,2.117,75.4,130
2024-01-06 22:46:00,144.75,59.38,8.242,2269.8,0.579,21.8,115
2024-01-06 22:47:00,129.89,58.78,7.91,2146.5,0.517,28.8,100
2024-01-06 22:48:00,143.45,46.72,8.194,2180.7,1.303,79.6,115
2024-01-06 22:49:00,135.5,61.02,8.531,2050.8,2.162,11.0,100
2024-01-06 22:50:00,154.76,59.35,8.396,2374.6,0.774,24.1,130
2024-01-06 22:51:00,156.59,36.31,8.767,2264.4,0.611,98.6,130
2024-01-06 22:52:00,156.89,59.79,7.716,2382.6,0.728,17.9,130
2024-01-06 22:53:00,144.4,48.4,7.897,2143.9,0.559,78.9,115
2024-01-06 22:54:00,132.59,48.8,8.035,2309.6,0.52,78.1,100
2024-01-06 22:55:00,158.87,47.83,8.81,2520.7,1.531,74.2,130
2024-01-06 22:56:00,141.61,45.68,8.32,2273.4,0.752,66.8,115
2024-01-06 22:57:00,153.51,45.08,7.633,2413.7,1.223,74.8,130
2024-01-06 22:58:00,152.88,47.05,8.637,2273.7,0.763,71.1,130
2024-01-06 22:59:00,136.87,36.23,8.244,2105.8,0.682,98.0,100
2024-01-06 23:00:00,158.29,35.9,8.556,2405.5,1.238,98.8,130
2024-01-06 23:01:00,134.57,46.42,8.833,2162.1,0.849,64.7,100
2024-01-06 23:02:00,135.57,58.81,7.809,2040.2,0.74,36.5,100
2024-01-06 23:03:00,126.07,36.24,8.833,2076.2,0.641,96.3,90
2024-01-06 23:04:00,159.51,48.49,8.17,2212.3,0.539,78.5,130
2024-01-06 23:05:00,140.57,46.46,8.034,2215.2,1.355,60.5,115
2024-01-06 23:06:00,136.86,47.66,8.262,2233.9,1.236,69.6,100
2024-01-06 23:07:00,135.94,62.08,7.723,2266.8,1.241,23.7,100
2024-01-06 23:08:00,134.07,35.35,8.192,2172.1,0.555,97.6,100
2024-01-06 23:09:00,155.82,46.86,8.103,2417.0,0.713,66.0,130
2024-01-06 23:10:00,156.85,47.45,7.825,2273.2,0.728,65.6,130
2024-01-06 23:11:00,146.46,46.77,7.941,2366.1,1.215,73.5,115
2024-01-06 23:12:00,140.4,36.57,8.655,2092.2,0.71,99.1,100
2024-01-06 23:13:00,155.32,35.18,8.129,2245.3,0.507,97.5,130
2024-01-06 23:14:00,155.07,59.98,7.808,2273.1,1.671,35.3,130
2024-01-06 23:15:00,134.55,45.85,8.379,2090.2,0.802,67.1,100
2024-01-06 23:16:00,156.38,35.31,8.507,2351.4,2.358,99.0,130
2024-01-06 23:17:00,154.92,34.69,8.199,2410.2,0.555,95.8,130
2024-01-06 23:18:00,155.03,35.78,7.706,2311.2,2.077,97.1,130
2024-01-06 23:19:00,155.04,58.67,7.181,2334.9,1.016,32.4,130
2024-01-06 23:20:00,144.66,36.28,7.84,2119.4,2.235,98.5,115
2024-01-06 23:21:00,,34.8,8.622,2317.7,0.507,99.8,130
2024-01-06 23:22:00,156.05,61.43,8.585,2451.7,0.643,14.5,130
2024-01-06 23:23:00,154.29,48.1,7.882,2423.0,0.533,62.9,130
2024-01-06 23:24:00,156.53,47.43,8.106,2222.4,2.28,78.2,130
2024-01-06 23:25:00,135.28,34.27,8.479,2114.9,2.962,99.4,100
2024-01-06 23:26:00,154.03,46.5,8.145,2582.5,0.783,68.3,130
2024-01-06 23:27:00,148.91,34.78,8.575,2263.4,1.278,95.1,115
2024-01-06 23:28:00,154.74,34.88,8.161,2431.2,1.3,98.1,130
2024-01-06 23:29:00,156.56,36.76,8.393,2437.5,1.079,99.7,130
2024-01-06 23:30:00,153.25,35.38,8.071,2220.7,0.523,97.2,130
2024-01-06 23:31:00,149.94,34.97,7.886,2367.9,2.542,95.6,130
2024-01-06 23:32:00,133.58,59.4,8.666,2165.0,0.515,17.7,100
2024-01-06 23:33:00,139.66,35.07,7.599,2369.3,0.607,97.1,115
2024-01-06 23:34:00,134.41,47.43,7.96,2307.0,0.774,64.4,100
2024-01-06 23:35:00,158.67,34.2,8.162,2243.5,0.601,99.8,130
2024-01-06 23:36:00,152.74,47.08,8.543,2585.3,1.369,60.9,130
2024-01-06 23:37:00,149.73,35.84,7.848,2323.5,0.635,98.4,130
2024-01-06 23:38:00,138.75,34.11,8.251,2200.6,0.686,98.5,100
2024-01-06 23:39:00,153.81,34.37,7.645,2097.8,0.537,98.8,130
2024-01-06 23:40:00,144.96,59.96,8.376,2310.7,0.673,35.6,115
2024-01-06 23:41:00,156.97,48.15,8.929,2137.7,1.373,79.1,130
2024-01-06 23:42:00,156.31,36.46,7.416,2298.5,2.143,99.7,130
2024-01-06 23:43:00,126.88,59.51,7.909,2025.8,0.514,36.1,90
2024-01-06 23:44:00,147.25,36.63,8.535,2267.3,1.299,97.7,115
2024-01-06 23:45:00,130.63,59.74,9.377,2164.3,0.594,35.5,100
2024-01-06 23:46:00,131.46,35.24,8.435,2197.0,0.527,96.5,100
2024-01-06 23:47:00,147.93,47.08,7.908,2329.7,0.669,64.9,115
2024-01-06 23:48:00,153.05,36.17,8.141,2229.7,1.315,96.6,130
2024-01-06 23:49:00,143.32,35.01,7.709,2213.6,2.463,98.8,115
2024-01-06 23:50:00,151.84,46.68,8.522,2242.4,0.61,64.2,130
2024-01-06 23:51:00,143.99,59.0,8.618,2156.3,1.349,39.8,115
2024-01-06 23:52:00,144.13,60.28,8.763,2384.6,1.503,33.6,115
2024-01-06 23:53:00,132.66,36.25,8.068,2048.5,0.634,98.8,100
2024-01-06 23:54:00,132.37,47.8,7.877,2084.2,1.361,63.0,100
2024-01-06 23:55:00,135.8,34.41,8.798,2325.5,0.903,95.3,100
2024-01-06 23:56:00,152.98,46.69,8.752,2299.9,1.498,67.7,130
2024-01-06 23:57:00,153.48,48.0,7.805,2304.8,1.414,78.0,130
2024-01-06 23:58:00,149.53,47.19,8.05,2342.0,0.562,77.3,130
2024-01-06 23:59:00,139.85,60.03,8.516,2053.6,1.306,23.3,100
2024-01-07 00:00:00,127.35,47.01,8.099,1996.2,0.809,60.1,90
2024-01-07 00:01:00,153.76,35.93,8.213,2260.7,0.697,99.3,130
2024-01-07 00:02:00,152.75,35.73,7.612,2393.4,1.127,95.0,130
2024-01-07 00:03:00,145.03,46.54,7.751,2283.7,0.913,64.0,115
2024-01-07 00:04:00,124.96,36.2,8.163,2019.6,0.611,98.0,90
2024-01-07 00:05:00,141.81,34.54,7.92,2219.3,2.17,98.0,115
2024-01-07 00:06:00,148.62,48.06,7.741,2372.4,1.226,76.8,130
2024-01-07 00:07:00,123.68,59.28,8.074,1879.2,0.605,35.7,90
2024-01-07 00:08:00,131.09,60.44,7.849,2174.2,2.151,32.0,100
2024-01-07 00:09:00,155.43,46.87,8.211,2370.6,0.503,72.5,130
2024-01-07 00:10:00,125.45,35.12,8.597,1996.5,1.23,96.0,90
2024-01-07 00:11:00,142.57,36.59,8.079,2282.0,0.621,97.7,115
2024-01-07 00:12:00,153.66,60.59,8.03,2311.2,1.646,36.6,130
2024-01-07 00:13:00,149.41,46.95,8.629,2374.9,1.277,61.5,115
2024-01-07 00:14:00,136.94,36.9,8.493,2108.2,1.316,96.1,100
2024-01-07 00:15:00,133.87,36.28,8.519,2197.3,0.597,99.0,100
2024-01-07 00:16:00,160.73,34.86,7.192,2192.4,0.592,98.0,130
2024-01-07 00:17:00,122.01,33.69,8.021,2076.0,0.756,99.5,90
2024-01-07 00:18:00,152.97,60.09,7.971,2375.2,0.641,18.6,130
2024-01-07 00:19:00,134.72,36.61,7.87,2108.0,0.605,96.7,100
2024-01-07 00:20:00,141.17,35.99,8.621,2319.6,1.774,98.5,115
2024-01-07 00:21:00,159.48,48.26,7.983,2383.6,2.165,64.5,130
2024-01-07 00:22:00,155.46,35.02,7.644,2321.5,0.858,96.9,130
2024-01-07 00:23:00,123.03,46.91,8.298,2048.3,0.645,74.3,90
2024-01-07 00:24:00,146.12,59.93,8.197,1983.3,2.217,34.6,115
2024-01-07 00:25:00,135.37,47.19,7.831,2098.1,2.113,66.8,100
2024-01-07 00:26:00,144.24,60.61,8.607,2318.1,0.891,15.9,115
2024-01-07 00:27:00,131.98,48.31,8.412,2128.1,0.563,63.3,100
2024-01-07 00:28:00,141.41,48.47,8.411,2266.2,1.427,74.4,115
2024-01-07 00:29:00,160.47,48.33,8.394,2272.9,1.615,76.5,130
2024-01-07 00:30:00,151.62,47.54,8.636,2195.9,0.654,74.1,130
2024-01-07 00:31:00,129.24,46.73,8.138,2129.8,1.405,68.9,90
2024-01-07 00:32:00,142.89,60.18,7.703,2131.7,1.283,16.3,115
2024-01-07 00:33:00,156.98,36.02,8.117,2289.0,0.759,97.8,130
2024-01-07 00:34:00,126.16,47.11,7.538,2099.1,1.414,74.7,90
2024-01-07 00:35:00,136.66,46.27,7.775,2095.7,0.618,73.2,100
2024-01-07 00:36:00,156.83,35.13,8.848,2435.6,1.401,97.1,130
2024-01-07 00:37:00,120.97,36.19,7.76,2227.8,1.261,98.9,90
2024-01-07 00:38:00,133.31,35.3,7.73,2085.2,0.714,96.5,100
2024-01-07 00:39:00,151.58,47.02,8.468,2248.4,1.423,70.0,130
2024-01-07 00:40:00,155.47,59.94,8.545,2274.9,1.318,36.8,130
2024-01-07 00:41:00,,34.79,7.533,2242.2,2.157,99.0,100
2024-01-07 00:42:00,130.05,46.86,8.3,2188.9,0.825,69.3,100
2024-01-07 00:43:00,154.41,46.63,7.981,2370.1,0.781,62.9,130
2024-01-07 00:44:00,149.48,59.45,8.332,2415.2,2.112,39.5,130
2024-01-07 00:45:00,155.65,34.65,8.079,2237.6,1.336,98.6,130
2024-01-07 00:46:00,141.86,59.92,7.654,2270.2,2.119,26.2,115
2024-01-07 00:47:00,152.9,35.99,8.007,2314.1,0.577,95.1,130
2024-01-07 00:48:00,149.3,36.4,8.45,2344.4,0.61,96.7,130
2024-01-07 00:49:00,139.13,45.88,8.977,2241.9,0.539,66.8,100
2024-01-07 00:50:00,131.34,36.79,8.356,2137.9,2.227,97.8,100
2024-01-07 00:51:00,144.09,35.73,8.044,2174.3,2.345,96.3,115
2024-01-07 00:52:00,150.52,34.6,7.728,2225.9,1.315,95.4,130
2024-01-07 00:53:00,142.91,46.68,8.137,2370.3,0.553,65.2,115
2024-01-07 00:54:00,159.38,34.0,8.049,2306.6,0.607,99.2,130
2024-01-07 00:55:00,125.74,45.7,8.322,1960.6,1.379,74.5,90
2024-01-07 00:56:00,133.19,36.88,8.176,2260.6,1.751,96.4,100
2024-01-07 00:57:00,154.91,46.44,8.392,2173.2,1.338,65.8,130
2024-01-07 00:58:00,153.6,47.43,8.056,2186.0,0.938,71.6,130
2024-01-07 00:59:00,144.77,35.41,8.884,2204.7,1.334,96.4,115
2024-01-07 01:00:00,146.86,35.51,8.434,2186.3,0.664,98.0,115
2024-01-07 01:01:00,144.17,47.29,7.917,2255.0,1.232,73.4,115
2024-01-07 01:02:00,135.55,58.33,8.6,1995.9,0.916,18.8,100
2024-01-07 01:03:00,135.59,48.05,7.738,2176.1,2.497,66.7,100
2024-01-07 01:04:00,144.18,35.42,7.858,2332.3,1.606,96.6,115
2024-01-07 01:05:00,123.16,35.1,7.88,1991.4,1.101,95.6,90
2024-01-07 01:06:00,133.69,35.87,8.731,2119.7,0.565,96.5,100
2024-01-07 01:07:00,136.75,59.42,8.128,2085.9,2.181,21.0,100
2024-01-07 01:08:00,126.96,47.17,7.949,2095.6,0.732,76.4,90
2024-01-07 01:09:00,152.16,35.37,8.266,2224.0,0.666,95.7,130
2024-01-07 01:10:00,154.35,36.07,8.417,2213.9,2.506,98.7,130
2024-01-07 01:11:00,123.12,59.83,8.836,2057.9,1.259,33.8,90
2024-01-07 01:12:00,137.0,34.68,7.601,2177.0,1.415,96.1,100
2024-01-07 01:13:00,123.82,47.29,8.705,2082.0,1.064,72.4,90
2024-01-07 01:14:00,160.5,46.78,7.373,2274.8,2.149,61.8,130
2024-01-07 01:15:00,145.54,45.54,8.563,2283.5,0.573,74.2,115
2024-01-07 01:16:00,157.95,47.16,8.665,2328.4,0.605,70.4,130
2024-01-07 01:17:00,142.46,46.57,8.686,2136.5,0.518,62.8,115
2024-01-07 01:18:00,155.03,60.28,8.428,2095.9,0.539,17.4,130
2024-01-07 01:19:00,156.54,59.32,7.774,2351.7,2.196,24.9,130
2024-01-07 01:20:00,152.42,34.53,8.499,2289.5,1.215,98.3,130
2024-01-07 01:21:00,145.05,60.94,7.773,2141.2,1.29,10.6,115
2024-01-07 01:22:00,157.63,47.67,7.825,2440.0,2.156,63.0,130
2024-01-07 01:23:00,154.18,46.99,8.017,2439.2,0.9,73.6,130
2024-01-07 01:24:00,152.87,47.35,8.054,2411.9,0.688,61.1,130
2024-01-07 01:25:00,159.51,36.15,8.296,2328.1,1.658,98.5,130
2024-01-07 01:26:00,122.07,46.99,7.922,1816.9,1.245,71.3,90
2024-01-07 01:27:00,155.39,34.53,8.332,2404.0,0.517,98.3,130
2024-01-07 01:28:00,153.23,35.74,7.651,2236.4,0.587,97.5,130
2024-01-07 01:29:00,132.66,60.8,8.216,2105.3,0.512,30.9,100
2024-01-07 01:30:00,146.85,60.47,8.091,2301.9,0.93,29.8,115
2024-01-07 01:31:00,134.49,47.05,8.606,2312.5,0.542,73.5,100
2024-01-07 01:32:00,146.01,47.45,8.646,2353.3,0.53,76.2,115
2024-01-07 01:33:00,119.36,35.32,8.132,2083.8,0.81,96.9,90
2024-01-07 01:34:00,156.26,36.34,7.416,2369.1,0.749,95.7,130
2024-01-07 01:35:00,123.2,48.08,7.61,1981.5,0.512,63.2,90
2024-01-07 01:36:00,130.3,58.96,8.649,2020.2,2.242,35.1,100
2024-01-07 01:37:00,149.71,47.89,8.143,2316.4,2.219,60.1,115
2024-01-07 01:38:00,136.5,37.29,8.9,2175.8,1.298,97.7,100
2024-01-07 01:39:00,145.57,47.42,8.559,2114.1,2.127,60.8,115
2024-01-07 01:40:00,158.12,47.79,8.302,2306.2,2.41,63.7,130
2024-01-07 01:41:00,155.62,59.48,8.251,2359.4,0.555,24.7,130
2024-01-07 01:42:00,123.0,35.1,7.74,2142.5,0.623,96.8,90
2024-01-07 01:43:00,144.56,35.33,7.947,2280.3,2.526,98.6,115
2024-01-07 01:44:00,153.3,46.68,8.367,2280.9,1.277,74.3,130
2024-01-07 01:45:00,133.75,45.95,8.062,2082.1,0.507,71.1,100
2024-01-07 01:46:00,141.86,35.36,8.387,2239.4,1.64,98.6,115
2024-01-07 01:47:00,152.57,47.67,8.612,2374.2,0.636,64.8,130
2024-01-07 01:48:00,137.24,34.46,8.128,2222.4,0.637,96.5,100
2024-01-07 01:49:00,135.83,60.14,8.027,2276.4,0.66,14.3,100
2024-01-07 01:50:00,153.74,35.62,7.841,2312.8,0.54,97.9,130
2024-01-07 01:51:00,122.43,59.76,8.534,1981.2,0.751,24.4,90
2024-01-07 01:52:00,153.99,35.9,8.501,2396.9,2.153,98.5,130
2024-01-07 01:53:00,140.79,35.82,9.075,2236.6,0.572,97.2,115
2024-01-07 01:54:00,155.32,35.2,8.271,2207.4,0.699,95.8,130
2024-01-07 01:55:00,147.36,36.35,8.161,2279.9,0.777,97.5,115
2024-01-07 01:56:00,160.92,35.95,8.387,2422.9,1.462,97.9,130
2024-01-07 01:57:00,152.24,48.26,8.085,2340.6,2.117,71.2,130
2024-01-07 01:58:00,137.26,35.45,7.846,2263.9,0.781,99.5,100
2024-01-07 01:59:00,153.23,35.24,8.236,2271.2,0.717,98.5,130
2024-01-07 02:00:00,132.18,46.83,8.383,2091.8,0.686,77.0,100
2024-01-07 02:01:00,142.18,36.44,8.41,2298.4,1.881,95.3,115
2024-01-07 02:02:00,125.35,35.38,8.378,2041.8,0.585,97.5,90
2024-01-07 02:03:00,142.67,46.93,8.626,2326.4,0.73,76.6,115
2024-01-07 02:04:00,153.48,48.57,8.408,2323.7,0.67,60.5,130
2024-01-07 02:05:00,153.9,45.92,8.308,2407.5,0.598,64.0,130
2024-01-07 02:06:00,123.15,60.29,7.694,2120.5,2.41,19.3,90
2024-01-07 02:07:00,132.97,46.95,8.298,2078.0,0.603,77.8,100
2024-01-07 02:08:00,148.93,46.8,8.132,2150.7,0.664,68.7,130
2024-01-07 02:09:00,145.22,46.24,7.751,2292.6,2.264,63.4,115
2024-01-07 02:10:00,145.17,46.47,8.4,2275.2,2.243,69.8,115
2024-01-07 02:11:00,123.01,35.17,8.407,1988.6,0.622,98.1,90
2024-01-07 02:12:00,125.9,47.4,8.37,2133.9,2.137,77.5,90
2024-01-07 02:13:00,128.49,47.68,8.422,2181.2,1.255,76.1,90
2024-01-07 02:14:00,125.06,58.58,8.25,2013.4,0.526,14.4,90
2024-01-07 02:15:00,128.33,59.04,8.101,1915.3,0.757,36.4,90
2024-01-07 02:16:00,160.6,35.94,8.908,2387.6,0.773,99.8,130
2024-01-07 02:17:00,141.33,36.01,8.259,2251.8,0.704,96.0,100
2024-01-07 02:18:00,132.03,34.33,7.183,2091.3,0.999,99.4,100
2024-01-07 02:19:00,122.04,60.7,7.229,2131.9,1.262,23.8,90
2024-01-07 02:20:00,143.89,35.49,8.682,2256.5,2.444,97.5,115
2024-01-07 02:21:00,155.32,47.6,7.466,2301.2,0.541,66.9,130
2024-01-07 02:22:00,148.97,46.32,7.982,2276.4,0.514,79.1,115
2024-01-07 02:23:00,136.57,58.89,7.714,2109.8,0.5,28.6,100
2024-01-07 02:24:00,151.99,59.75,8.079,2221.9,1.374,13.3,130
2024-01-07 02:25:00,153.47,46.79,8.354,2342.5,1.502,64.5,130
2024-01-07 02:26:00,144.89,59.74,7.934,2251.4,0.846,37.8,115
2024-01-07 02:27:00,151.28,35.19,7.874,2106.3,1.327,99.2,130
2024-01-07 02:28:00,155.03,48.35,8.492,2215.5,0.512,78.7,130
2024-01-07 02:29:00,152.03,58.64,9.253,2256.2,1.207,31.0,130
2024-01-07 02:30:00,120.87,46.32,8.416,2112.0,0.999,68.4,90
2024-01-07 02:31:00,132.63,35.17,7.834,2028.2,0.52,99.5,100
2024-01-07 02:32:00,156.03,60.02,8.548,2284.4,0.807,36.6,130
2024-01-07 02:33:00,136.01,36.07,8.898,2305.0,2.114,97.3,100
2024-01-07 02:34:00,135.24,36.19,8.625,2155.3,1.241,97.2,100
2024-01-07 02:35:00,157.48,47.86,7.583,2320.3,2.136,61.4,130
2024-01-07 02:36:00,157.21,47.39,8.411,2305.1,0.565,76.7,130
2024-01-07 02:37:00,145.51,58.62,8.016,2308.6,0.604,14.5,115
2024-01-07 02:38:00,145.17,34.17,8.221,2233.3,0.527,99.1,115
2024-01-07 02:39:00,135.32,47.92,8.05,2132.4,1.924,72.6,100
2024-01-07 02:40:00,144.63,47.87,8.497,2242.2,2.1,72.7,115
2024-01-07 02:41:00,149.56,47.51,8.059,2416.1,2.396,64.7,130
2024-01-07 02:42:00,127.84,34.84,8.767,2102.2,1.35,99.3,90
2024-01-07 02:43:00,155.99,46.74,8.199,2314.6,1.218,61.4,130
2024-01-07 02:44:00,131.96,59.68,8.111,2244.2,2.126,12.1,100
2024-01-07 02:45:00,158.57,34.68,8.429,2268.2,0.678,95.5,130
2024-01-07 02:46:00,153.53,47.21,8.343,2053.8,2.176,68.0,130
2024-01-07 02:47:00,144.73,37.22,8.44,2265.8,2.22,99.2,115
2024-01-07 02:48:00,157.56,59.6,8.147,2344.9,0.659,26.5,130
2024-01-07 02:49:00,145.55,36.54,8.734,2180.2,1.37,98.5,115
2024-01-07 02:50:00,158.34,34.79,8.596,2288.5,0.675,99.6,130
2024-01-07 02:51:00,144.12,58.77,8.195,2330.6,0.515,26.3,115
2024-01-07 02:52:00,139.23,36.29,8.529,2186.3,1.47,96.8,100
2024-01-07 02:53:00,153.06,46.82,8.095,2428.0,0.569,62.4,130
2024-01-07 02:54:00,128.29,36.52,8.428,2091.5,0.524,97.7,90
2024-01-07 02:55:00,149.34,61.18,8.53,2297.7,2.122,12.4,130
2024-01-07 02:56:00,152.25,35.28,8.3,2366.6,0.554,99.8,130
2024-01-07 02:57:00,135.74,48.07,7.872,2179.4,0.698,76.0,100
2024-01-07 02:58:00,144.0,34.8,7.723,2265.1,1.328,99.0,115
2024-01-07 02:59:00,144.81,46.29,8.317,2211.6,0.523,76.6,115
2024-01-07 03:00:00,155.1,36.36,7.91,2264.2,0.507,97.4,130
2024-01-07 03:01:00,132.02,34.26,8.622,2107.3,0.505,99.4,100
2024-01-07 03:02:00,142.21,47.0,7.596,2271.6,0.609,78.8,115
2024-01-07 03:03:00,155.58,36.5,8.727,2362.0,0.81,96.8,130
2024-01-07 03:04:00,153.33,36.55,8.22,2099.7,2.27,96.1,130
2024-01-07 03:05:00,138.35,46.65,7.858,2091.4,0.832,61.0,100
2024-01-07 03:06:00,144.52,47.81,8.019,2102.8,0.577,65.6,115
2024-01-07 03:07:00,156.8,46.1,8.119,2270.1,2.13,62.5,130
2024-01-07 03:08:00,156.11,46.47,8.393,2261.7,2.425,63.2,130
2024-01-07 03:09:00,153.5,60.18,7.71,2321.8,0.76,19.5,130
2024-01-07 03:10:00,140.05,47.3,7.816,2244.9,1.378,62.7,115
2024-01-07 03:11:00,137.96,46.16,8.07,2320.4,1.637,78.0,100
2024-01-07 03:12:00,142.55,48.49,8.188,2259.8,1.399,61.7,115
2024-01-07 03:13:00,143.99,58.5,8.487,2281.1,1.349,33.3,115
2024-01-07 03:14:00,124.62,35.54,8.308,1956.2,0.64,95.3,90
2024-01-07 03:15:00,144.87,35.66,8.044,2203.2,0.692,99.7,115
2024-01-07 03:16:00,147.4,58.6,8.295,2143.3,0.645,20.5,115
2024-01-07 03:17:00,155.01,36.56,8.266,2357.9,1.264,99.8,130
2024-01-07 03:18:00,144.68,34.91,8.099,2234.2,1.815,96.2,115
2024-01-07 03:19:00,147.55,35.58,8.247,2202.7,1.134,97.4,115
2024-01-07 03:20:00,156.5,60.26,7.339,2386.5,0.537,30.7,130
2024-01-07 03:21:00,123.16,45.84,8.573,2048.5,2.251,61.3,90
2024-01-07 03:22:00,122.13,34.64,8.419,2176.7,0.812,96.2,90
2024-01-07 03:23:00,132.94,36.75,8.799,2255.7,0.511,99.3,100
2024-01-07 03:24:00,144.88,35.45,7.876,2179.1,1.226,95.6,115
2024-01-07 03:25:00,141.88,33.34,8.429,2319.1,0.657,96.1,115
2024-01-07 03:26:00,155.23,59.76,7.438,2319.0,0.506,34.3,130
2024-01-07 03:27:00,154.68,46.97,7.494,2278.5,0.858,76.5,130
2024-01-07 03:28:00,128.64,47.18,8.105,2181.6,1.613,67.6,100
2024-01-07 03:29:00,141.48,45.4,7.969,2103.0,0.767,69.6,115
2024-01-07 03:30:00,117.79,35.48,8.619,2027.0,2.446,98.0,90
2024-01-07 03:31:00,154.14,59.33,8.671,2343.4,0.723,31.8,130
2024-01-07 03:32:00,147.69,47.18,8.713,2206.5,1.231,75.5,115
2024-01-07 03:33:00,140.27,35.91,8.439,2316.3,0.506,98.1,115
2024-01-07 03:34:00,141.69,47.32,8.456,2198.2,0.877,65.6,115
2024-01-07 03:35:00,124.59,36.62,7.687,2079.7,1.446,96.8,90
2024-01-07 03:36:00,122.34,37.25,8.76,2060.4,0.602,95.0,90
2024-01-07 03:37:00,152.33,46.09,8.701,2187.8,1.519,64.6,130
2024-01-07 03:38:00,156.35,59.69,7.648,2341.4,0.511,27.7,130
2024-01-07 03:39:00,153.76,47.59,8.387,2335.4,0.577,60.5,130
2024-01-07 03:40:00,131.28,46.9,7.981,1995.4,1.284,66.3,100
2024-01-07 03:41:00,149.78,44.82,8.94,2112.4,1.222,74.2,130
2024-01-07 03:42:00,140.52,46.85,7.81,2113.7,0.771,68.7,100
2024-01-07 03:43:00,147.82,36.49,8.237,2328.4,2.401,96.5,115
2024-01-07 03:44:00,143.87,58.88,8.274,2447.5,0.675,18.1,115
2024-01-07 03:45:00,135.22,35.68,8.179,2004.3,0.608,99.5,100
2024-01-07 03:46:00,143.78,58.47,9.059,2360.0,0.687,33.2,115
2024-01-07 03:47:00,146.28,36.2,8.876,2322.9,0.957,98.5,115
2024-01-07 03:48:00,152.86,35.69,7.545,2263.3,0.589,97.8,130
2024-01-07 03:49:00,143.64,46.55,8.395,2380.7,1.281,69.2,115
2024-01-07 03:50:00,146.14,46.67,8.195,2267.3,0.695,76.6,115
2024-01-07 03:51:00,148.63,34.3,8.534,2211.8,0.73,96.1,115
2024-01-07 03:52:00,126.85,36.31,8.285,1927.6,2.222,99.1,90
2024-01-07 03:53:00,128.08,34.86,7.875,2078.2,0.893,97.1,90
2024-01-07 03:54:00,134.22,47.4,7.785,2153.3,0.587,68.9,100
2024-01-07 03:55:00,153.44,46.23,8.039,2489.1,0.705,64.4,130
2024-01-07 03:56:00,130.15,37.26,8.152,2074.3,0.72,95.4,100
2024-01-07 03:57:00,155.18,36.75,8.278,2239.1,0.57,98.4,130
2024-01-07 03:58:00,155.95,48.66,7.972,2269.1,0.504,63.5,130
2024-01-07 03:59:00,154.25,37.25,8.882,2522.5,1.55,96.8,130
2024-01-07 04:00:00,153.06,46.49,8.414,2218.0,1.332,70.0,130
2024-01-07 04:01:00,158.11,46.29,8.55,2414.6,1.22,63.9,130
2024-01-07 04:02:00,146.58,61.62,8.145,2105.4,1.832,19.7,115
2024-01-07 04:03:00,128.28,46.89,7.785,2104.5,0.57,79.6,90
2024-01-07 04:04:00,152.62,47.67,8.553,2317.9,0.629,61.7,130
2024-01-07 04:05:00,123.23,59.5,7.803,2014.0,1.332,24.6,90
2024-01-07 04:06:00,158.01,46.52,7.391,2367.4,0.593,70.3,130
2024-01-07 04:07:00,154.88,36.16,8.426,2246.0,0.533,95.6,130
2024-01-07 04:08:00,143.58,33.92,7.898,2100.8,1.444,99.2,115
2024-01-07 04:09:00,133.75,36.13,8.066,2125.1,0.544,98.2,100
2024-01-07 04:10:00,154.97,35.92,8.478,2236.6,1.429,99.3,130
2024-01-07 04:11:00,157.51,59.58,7.828,2330.7,0.824,23.7,130
2024-01-07 04:12:00,144.6,47.02,7.559,2207.1,2.105,64.9,115
2024-01-07 04:13:00,156.98,35.64,8.688,2435.1,1.463,99.1,130
2024-01-07 04:14:00,136.17,47.19,8.177,2124.5,0.703,76.0,100
2024-01-07 04:15:00,142.8,47.55,8.703,2252.1,1.244,73.6,115
2024-01-07 04:16:00,152.8,59.35,8.45,2217.0,1.394,20.6,130
2024-01-07 04:17:00,123.87,37.66,8.462,2035.9,1.309,95.8,90
2024-01-07 04:18:00,151.66,46.84,8.265,2237.1,0.518,69.8,130
2024-01-07 04:19:00,133.71,35.4,8.265,2244.8,0.648,97.7,100
2024-01-07 04:20:00,138.78,37.06,8.654,2089.4,1.225,99.8,100
2024-01-07 04:21:00,124.92,34.04,8.526,2018.0,0.709,98.0,90
2024-01-07 04:22:00,143.08,37.05,7.964,2253.9,2.18,97.1,115
2024-01-07 04:23:00,149.79,35.57,8.397,2172.9,0.666,96.4,115
2024-01-07 04:24:00,152.67,46.58,7.952,2422.8,0.768,76.5,130
2024-01-07 04:25:00,132.6,46.1,8.075,2306.6,0.534,78.2,100
2024-01-07 04:26:00,148.07,34.48,8.427,2158.2,2.251,96.0,115
2024-01-07 04:27:00,146.65,46.73,7.946,2297.7,1.341,76.1,115
2024-01-07 04:28:00,124.67,47.22,8.259,2002.4,1.294,79.4,90
2024-01-07 04:29:00,157.08,60.5,8.352,2281.5,2.375,18.4,130
2024-01-07 04:30:00,125.75,35.71,8.064,2125.2,2.266,95.8,90
2024-01-07 04:31:00,122.03,59.59,8.488,2081.2,1.44,28.0,90
2024-01-07 04:32:00,139.01,36.57,8.024,2243.3,0.681,99.7,115
2024-01-07 04:33:00,143.58,49.14,8.577,2317.9,0.804,66.2,115
2024-01-07 04:34:00,157.71,48.2,8.252,2397.3,1.401,66.0,130
2024-01-07 04:35:00,123.93,35.21,8.269,2074.1,0.726,97.1,90
2024-01-07 04:36:00,156.15,60.4,7.84,2259.2,1.251,38.8,130
2024-01-07 04:37:00,145.46,35.95,8.106,2230.1,0.874,95.3,115
2024-01-07 04:38:00,130.77,36.78,8.278,2069.3,1.234,96.7,100
2024-01-07 04:39:00,123.98,35.23,8.61,2132.9,0.583,96.9,90
2024-01-07 04:40:00,135.9,59.23,8.071,2134.9,0.94,29.7,100
2024-01-07 04:41:00,143.03,36.41,8.608,2141.6,1.223,97.8,115
2024-01-07 04:42:00,154.09,35.83,7.898,2417.3,0.903,97.5,130
2024-01-07 04:43:00,155.98,34.61,8.334,2308.9,1.329,95.8,130
2024-01-07 04:44:00,155.18,47.56,7.997,2250.2,1.241,66.7,130
2024-01-07 04:45:00,127.62,48.47,8.818,2161.4,2.367,78.9,90
2024-01-07 04:46:00,135.96,34.94,8.745,2250.6,2.167,99.6,100
2024-01-07 04:47:00,132.61,34.79,8.314,1999.0,0.727,98.7,100
2024-01-07 04:48:00,133.81,47.02,7.986,2238.6,1.513,66.4,100
2024-01-07 04:49:00,145.05,47.54,7.593,2242.6,0.668,60.0,115
2024-01-07 04:50:00,158.35,46.94,8.351,2387.7,0.808,79.0,130
2024-01-07 04:51:00,153.82,47.91,8.283,2304.6,1.747,77.5,130
2024-01-07 04:52:00,150.67,47.21,8.543,2340.3,1.36,69.2,130
2024-01-07 04:53:00,136.1,47.81,7.613,2125.7,0.533,67.7,100
2024-01-07 04:54:00,153.11,34.92,8.257,2389.4,0.747,98.8,130
2024-01-07 04:55:00,131.79,59.02,8.372,2096.3,2.206,39.0,100
2024-01-07 04:56:00,135.05,35.23,7.839,2232.1,0.652,96.2,100
2024-01-07 04:57:00,147.43,58.92,8.247,2244.3,2.297,37.7,115
2024-01-07 04:58:00,153.57,47.33,7.909,2370.5,1.453,61.3,130
2024-01-07 04:59:00,156.24,58.39,7.87,2229.3,0.704,12.1,130
2024-01-07 05:00:00,156.7,46.64,7.988,2343.8,0.553,61.2,130
2024-01-07 05:01:00,136.98,35.27,8.094,2192.7,0.776,98.6,100
2024-01-07 05:02:00,153.17,34.66,8.695,2458.3,2.429,98.9,130
2024-01-07 05:03:00,132.2,46.75,8.071,2205.8,2.108,69.9,100
2024-01-07 05:04:00,132.54,47.0,7.862,2102.9,1.274,70.2,100
2024-01-07 05:05:00,156.98,48.02,8.525,2259.6,1.262,72.6,130
2024-01-07 05:06:00,136.67,34.67,8.611,2210.9,1.239,99.0,100
2024-01-07 05:07:00,132.61,35.79,8.528,2106.8,0.54,98.2,100
2024-01-07 05:08:00,140.33,47.44,8.748,2108.4,1.379,77.0,100
2024-01-07 05:09:00,152.31,35.48,8.277,2241.3,0.583,97.0,130
2024-01-07 05:10:00,157.5,35.1,8.262,2320.6,2.314,96.5,130
2024-01-07 05:11:00,158.8,59.09,7.918,2327.5,1.261,39.4,130
2024-01-07 05:12:00,155.27,48.52,8.76,2283.9,0.611,75.9,130
2024-01-07 05:13:00,133.08,35.56,8.163,2285.6,3.392,99.4,100
2024-01-07 05:14:00,133.13,35.25,8.079,2195.7,0.594,95.3,100
2024-01-07 05:15:00,124.34,48.7,8.043,2210.7,0.518,64.2,90
2024-01-07 05:16:00,157.7,47.18,8.455,2320.5,0.771,61.6,130
2024-01-07 05:17:00,152.0,49.03,8.233,2251.4,1.378,64.8,130
2024-01-07 05:18:00,130.4,45.87,8.276,2070.4,2.218,70.0,100
2024-01-07 05:19:00,155.91,35.31,8.07,2300.2,2.579,98.8,130
2024-01-07 05:20:00,156.45,45.9,8.121,2370.3,1.232,64.5,130
2024-01-07 05:21:00,149.92,35.4,8.141,2206.2,0.635,97.0,115
2024-01-07 05:22:00,151.54,35.4,8.769,2378.6,0.543,98.1,130
2024-01-07 05:23:00,144.66,59.63,7.48,2342.3,0.517,18.1,115
2024-01-07 05:24:00,157.9,47.04,8.379,2245.5,2.217,66.4,130
2024-01-07 05:25:00,145.3,46.67,8.635,2142.0,2.689,78.8,115
2024-01-07 05:26:00,134.51,35.41,7.465,2225.9,0.756,98.5,100
2024-01-07 05:27:00,156.97,46.4,8.171,2331.5,1.253,79.0,130
2024-01-07 05:28:00,123.5,36.65,8.593,2096.0,1.324,99.3,90
2024-01-07 05:29:00,147.13,34.61,7.899,2285.8,0.819,97.6,115
2024-01-07 05:30:00,121.87,47.17,8.307,1947.9,1.243,75.8,90
2024-01-07 05:31:00,151.2,34.55,7.827,2345.3,2.146,99.7,130
2024-01-07 05:32:00,144.32,34.83,8.213,2244.4,0.54,97.8,115
2024-01-07 05:33:00,138.59,59.42,8.711,2267.0,2.287,12.0,115
2024-01-07 05:34:00,135.21,46.89,8.878,2073.6,0.506,73.2,100
2024-01-07 05:35:00,140.67,35.64,8.302,2236.5,0.677,97.2,115
2024-01-07 05:36:00,145.71,34.61,7.688,2191.3,0.849,99.8,115
2024-01-07 05:37:00,125.46,59.67,8.076,2153.5,2.405,30.4,90
2024-01-07 05:38:00,154.83,59.21,7.475,2303.1,0.72,13.2,130
2024-01-07 05:39:00,156.09,59.17,8.082,2262.0,1.25,24.0,130
2024-01-07 05:40:00,145.51,36.41,8.586,2150.7,1.539,100.0,115
2024-01-07 05:41:00,144.27,58.89,7.655,2299.8,1.131,34.2,115
2024-01-07 05:42:00,149.58,47.06,8.117,2308.5,2.141,64.9,115
2024-01-07 05:43:00,145.98,36.86,7.874,2383.9,0.982,98.1,115
2024-01-07 05:44:00,126.93,60.96,8.917,2044.2,2.483,26.6,90
2024-01-07 05:45:00,137.68,35.84,8.359,2069.0,1.275,99.9,100
2024-01-07 05:46:00,156.67,46.99,8.54,2299.9,1.277,62.0,130
2024-01-07 05:47:00,160.16,36.09,8.317,2254.2,1.744,98.2,130
2024-01-07 05:48:00,125.42,47.3,8.504,2019.7,2.14,60.7,90
2024-01-07 05:49:00,134.98,36.64,8.632,2188.0,0.539,99.1,100
2024-01-07 05:50:00,123.38,35.39,8.215,2157.4,1.223,95.0,90
2024-01-07 05:51:00,154.36,47.8,7.988,2343.1,0.612,75.3,130
2024-01-07 05:52:00,133.17,59.74,7.826,2159.1,0.502,29.9,100
2024-01-07 05:53:00,136.69,48.51,8.903,,0.596,62.1,100
2024-01-07 05:54:00,152.72,46.87,8.528,2291.8,0.697,61.0,130
2024-01-07 05:55:00,145.18,34.2,7.311,2346.0,2.116,99.4,115
2024-01-07 05:56:00,146.4,35.56,8.102,2469.9,1.541,98.3,115
2024-01-07 05:57:00,145.38,47.61,8.366,2179.6,0.569,66.1,115
2024-01-07 05:58:00,132.76,36.8,8.869,2246.7,2.11,96.6,100
2024-01-07 05:59:00,136.75,34.7,7.759,2246.9,0.594,99.1,100
2024-01-07 06:00:00,124.79,34.1,8.371,2112.2,1.23,98.4,90
2024-01-07 06:01:00,127.82,47.4,8.04,2252.9,2.417,79.0,100
2024-01-07 06:02:00,142.54,47.37,7.721,2258.4,2.181,60.0,115
2024-01-07 06:03:00,158.5,45.87,8.738,2361.9,0.525,64.6,130
2024-01-07 06:04:00,138.71,46.74,7.814,2156.6,1.321,61.6,100
2024-01-07 06:05:00,146.32,46.77,8.588,2241.2,0.62,66.1,115
2024-01-07 06:06:00,156.96,47.66,7.562,2360.9,2.164,71.9,130
2024-01-07 06:07:00,143.05,59.67,8.004,2263.7,1.279,35.3,115
2024-01-07 06:08:00,154.35,35.15,8.429,2226.2,1.493,98.8,130
2024-01-07 06:09:00,138.09,47.09,8.487,2190.7,0.704,67.7,100
2024-01-07 06:10:00,156.06,45.9,8.375,2290.4,1.248,60.4,130
2024-01-07 06:11:00,155.16,48.52,8.594,2265.5,1.792,79.5,130
2024-01-07 06:12:00,124.53,47.75,8.085,2147.6,1.273,79.3,90
2024-01-07 06:13:00,137.94,34.94,8.757,2075.3,1.352,97.2,100
2024-01-07 06:14:00,137.81,46.11,8.343,2128.3,2.269,63.8,100
2024-01-07 06:15:00,146.62,46.17,8.494,2144.7,1.248,71.3,115
2024-01-07 06:16:00,135.17,47.47,8.345,2117.8,0.569,66.2,100
2024-01-07 06:17:00,134.11,46.19,8.397,2341.4,2.231,60.2,100
2024-01-07 06:18:00,146.73,59.8,7.8,2168.8,0.559,33.6,115
2024-01-07 06:19:00,122.25,34.15,7.823,2057.9,1.273,97.2,90
2024-01-07 06:20:00,152.76,47.43,7.984,2421.4,2.29,64.2,130
2024-01-07 06:21:00,121.37,47.46,8.406,2105.1,0.765,70.8,90
2024-01-07 06:22:00,148.09,59.85,7.965,2218.9,2.423,18.4,115
2024-01-07 06:23:00,143.2,47.15,8.082,2174.6,1.226,70.5,115
2024-01-07 06:24:00,156.01,47.64,8.171,2363.9,1.467,80.0,130
2024-01-07 06:25:00,144.69,47.13,8.767,2204.1,1.051,73.8,115
2024-01-07 06:26:00,152.24,36.12,8.441,2404.0,0.674,96.7,115
2024-01-07 06:27:00,126.1,59.07,7.615,2047.4,2.286,24.0,90
2024-01-07 06:28:00,120.34,47.3,8.264,2205.2,1.122,60.7,90
2024-01-07 06:29:00,127.94,35.65,8.079,2140.2,1.607,97.1,90
2024-01-07 06:30:00,154.03,36.46,8.109,2379.5,0.663,95.8,130
2024-01-07 06:31:00,124.5,60.02,8.2,2057.3,0.79,32.9,90
2024-01-07 06:32:00,143.32,46.92,8.65,2193.2,1.24,74.4,115
2024-01-07 06:33:00,125.49,46.55,7.875,2049.2,0.607,60.7,90
2024-01-07 06:34:00,155.46,61.19,8.282,2393.6,2.351,15.0,130
2024-01-07 06:35:00,143.39,45.12,8.316,2271.9,1.268,77.1,115
2024-01-07 06:36:00,123.73,60.41,8.111,1920.7,1.321,36.7,90
2024-01-07 06:37:00,125.25,35.48,7.945,1966.9,0.538,95.8,90
2024-01-07 06:38:00,129.14,46.85,7.898,2139.2,2.556,70.4,100
2024-01-07 06:39:00,131.4,59.74,8.032,2192.9,0.952,10.4,100
2024-01-07 06:40:00,159.17,59.96,8.495,2291.7,1.33,28.2,130
2024-01-07 06:41:00,135.82,35.88,8.057,2109.8,0.543,99.0,100
2024-01-07 06:42:00,143.69,59.36,8.16,2151.3,0.727,16.1,115
2024-01-07 06:43:00,150.76,35.61,7.737,2383.0,1.248,96.4,130
2024-01-07 06:44:00,154.86,47.28,8.01,2318.0,1.252,72.1,130
2024-01-07 06:45:00,157.46,34.74,8.292,2444.4,1.215,98.5,130
2024-01-07 06:46:00,141.6,47.4,7.533,2046.0,0.521,74.1,100
2024-01-07 06:47:00,159.73,60.29,8.618,2365.3,1.295,33.1,130
2024-01-07 06:48:00,142.78,46.36,7.963,2273.8,0.662,73.2,115
2024-01-07 06:49:00,153.76,46.05,8.905,2377.8,0.523,78.4,130
2024-01-07 06:50:00,141.32,46.35,8.368,2296.1,0.508,61.1,115
2024-01-07 06:51:00,132.9,35.61,7.466,2109.4,0.656,98.0,100
2024-01-07 06:52:00,134.47,46.94,8.311,2135.5,0.524,77.1,100
2024-01-07 06:53:00,144.08,61.12,8.073,2243.3,0.558,23.3,115
2024-01-07 06:54:00,150.14,46.71,8.316,2149.8,1.338,60.5,115
2024-01-07 06:55:00,151.71,34.79,8.847,2392.5,0.585,97.6,130
2024-01-07 06:56:00,124.89,36.03,8.482,1872.0,1.448,98.0,90
2024-01-07 06:57:00,149.84,34.72,8.11,2217.0,2.756,96.5,130
2024-01-07 06:58:00,155.83,46.37,7.641,2175.8,2.38,69.7,130
2024-01-07 06:59:00,131.65,34.88,8.549,2238.0,4.448,99.1,100
2024-01-07 07:00:00,157.76,33.1,8.404,2327.2,0.599,99.3,130
2024-01-07 07:01:00,134.27,35.95,8.663,2107.4,0.573,99.3,100
2024-01-07 07:02:00,151.5,47.75,8.143,2317.7,2.148,70.8,130
2024-01-07 07:03:00,129.74,47.73,8.318,2171.1,0.932,69.8,100
2024-01-07 07:04:00,152.55,48.51,8.101,2210.8,0.599,64.8,130
2024-01-07 07:05:00,155.6,48.21,8.235,2321.7,1.448,73.4,130
2024-01-07 07:06:00,156.05,35.23,7.594,2421.1,0.725,98.1,130
2024-01-07 07:07:00,133.75,47.89,8.327,2275.2,2.112,77.0,100
2024-01-07 07:08:00,127.31,59.92,8.353,2138.3,1.623,23.3,90
2024-01-07 07:09:00,142.16,35.16,7.998,2250.7,1.333,97.8,115
2024-01-07 07:10:00,127.68,34.9,8.443,2224.0,2.151,100.0,100
2024-01-07 07:11:00,135.71,46.79,8.549,2206.5,1.273,66.2,100
2024-01-07 07:12:00,128.23,35.76,8.76,1980.1,1.48,99.8,90
2024-01-07 07:13:00,138.25,48.26,7.792,2076.9,0.692,64.0,100
2024-01-07 07:14:00,151.75,36.08,8.468,2360.8,2.091,97.8,130
2024-01-07 07:15:00,133.64,34.88,8.735,2096.5,0.783,96.4,100
2024-01-07 07:16:00,146.81,46.16,8.06,2148.0,1.226,66.0,115
2024-01-07 07:17:00,153.43,35.95,8.758,2413.1,3.045,95.4,130
2024-01-07 07:18:00,155.26,36.22,7.91,2315.0,0.682,96.3,130
2024-01-07 07:19:00,123.21,47.98,8.228,2064.8,0.571,77.9,90
2024-01-07 07:20:00,122.28,46.78,7.509,1973.8,0.84,72.6,90
2024-01-07 07:21:00,132.76,35.88,7.453,2114.1,0.51,99.6,100
2024-01-07 07:22:00,127.39,47.68,7.579,2042.5,0.712,72.6,90
2024-01-07 07:23:00,135.03,45.92,8.767,2077.6,2.135,79.3,100
2024-01-07 07:24:00,158.18,35.72,7.89,2212.8,0.518,95.1,130
2024-01-07 07:25:00,156.3,36.22,7.891,2449.8,0.587,99.5,130
2024-01-07 07:26:00,159.02,47.41,8.363,2422.8,1.288,76.3,130
2024-01-07 07:27:00,157.05,46.94,7.903,2301.6,0.684,76.0,130
2024-01-07 07:28:00,156.9,49.09,8.682,2203.8,0.667,78.3,130
2024-01-07 07:29:00,144.7,48.54,8.945,2092.0,1.433,61.0,115
2024-01-07 07:30:00,142.52,60.01,7.311,2113.9,1.238,11.3,100
2024-01-07 07:31:00,125.28,35.35,8.408,1889.7,0.909,95.4,90
2024-01-07 07:32:00,140.07,47.56,7.376,2193.8,0.891,70.8,115
2024-01-07 07:33:00,125.67,46.95,7.656,1908.3,0.549,67.0,90
2024-01-07 07:34:00,142.54,48.02,8.391,2222.5,0.628,75.7,115
2024-01-07 07:35:00,127.54,34.49,7.823,2085.7,0.634,97.7,90
2024-01-07 07:36:00,146.81,46.81,8.304,2215.1,1.708,67.2,115
2024-01-07 07:37:00,154.52,60.55,8.212,2483.7,2.572,13.1,130
2024-01-07 07:38:00,122.78,60.8,7.541,2053.5,0.514,34.4,90
2024-01-07 07:39:00,155.37,34.32,8.463,2448.4,1.834,98.1,130
2024-01-07 07:40:00,143.4,34.74,8.32,2253.7,0.514,99.3,115
2024-01-07 07:41:00,156.97,45.66,8.216,2471.0,1.36,74.8,130
2024-01-07 07:42:00,136.39,46.3,7.941,2009.6,1.275,73.4,100
2024-01-07 07:43:00,132.34,58.98,8.356,1983.4,2.199,36.8,90
2024-01-07 07:44:00,153.89,47.43,7.682,2287.0,0.697,62.7,130
2024-01-07 07:45:00,124.24,47.18,7.797,2198.3,0.675,62.4,90
2024-01-07 07:46:00,154.61,59.88,8.328,2290.9,1.237,27.4,130
2024-01-07 07:47:00,154.72,60.02,8.612,2255.6,1.2,16.4,130
2024-01-07 07:48:00,157.57,60.96,8.009,2358.5,0.506,35.1,130
2024-01-07 07:49:00,134.31,59.17,8.383,2222.5,0.584,16.7,100
2024-01-07 07:50:00,159.93,33.96,8.282,2248.6,1.523,97.4,130
2024-01-07 07:51:00,146.46,47.57,8.366,2174.9,0.881,63.1,115
2024-01-07 07:52:00,153.79,46.69,7.923,2445.6,2.419,61.0,130
2024-01-07 07:53:00,153.15,59.19,8.14,2409.9,0.593,31.9,130
2024-01-07 07:54:00,137.6,35.94,8.185,2271.3,0.724,97.8,100
2024-01-07 07:55:00,155.07,33.93,8.799,2385.3,1.489,97.4,130
2024-01-07 07:56:00,155.02,46.31,7.758,2241.7,0.673,75.4,130
2024-01-07 07:57:00,153.5,45.09,7.638,2307.4,0.727,64.3,130
2024-01-07 07:58:00,144.85,47.21,9.4,2145.1,0.661,62.2,115
2024-01-07 07:59:00,133.4,48.26,8.324,2228.1,0.511,63.2,100
2024-01-07 08:00:00,158.4,59.54,8.419,2266.5,1.264,23.5,130
2024-01-07 08:01:00,156.79,34.87,8.457,2173.1,0.743,97.7,130
2024-01-07 08:02:00,144.56,48.43,8.509,2239.1,2.155,60.3,115
2024-01-07 08:03:00,154.53,36.0,8.56,2400.0,1.322,97.7,130
2024-01-07 08:04:00,125.23,61.9,8.511,1959.8,0.653,23.5,90
2024-01-07 08:05:00,134.99,35.63,8.651,2140.0,0.722,98.3,100
2024-01-07 08:06:00,142.61,35.68,8.267,2185.6,0.56,96.9,115
2024-01-07 08:07:00,150.25,61.16,8.629,2389.3,0.681,24.4,130
2024-01-07 08:08:00,133.01,46.88,8.957,1986.2,1.382,67.4,100
2024-01-07 08:09:00,134.68,60.2,8.278,2240.8,0.873,23.9,100
2024-01-07 08:10:00,143.16,45.06,8.392,2173.6,2.261,72.4,115
2024-01-07 08:11:00,137.05,48.39,7.968,2137.2,0.57,72.9,100
2024-01-07 08:12:00,134.43,47.31,8.134,2218.7,0.648,77.7,100
2024-01-07 08:13:00,149.68,46.91,8.341,2348.3,0.523,62.3,115
2024-01-07 08:14:00,153.6,36.23,8.044,2314.1,0.687,95.4,130
2024-01-07 08:15:00,135.35,59.05,8.237,2092.0,2.596,13.5,100
2024-01-07 08:16:00,154.28,35.06,8.337,2267.5,1.351,95.5,130
2024-01-07 08:17:00,136.1,47.44,8.808,2243.3,0.569,74.7,100
2024-01-07 08:18:00,137.66,35.54,7.854,2079.3,2.204,97.0,100
2024-01-07 08:19:00,136.52,47.36,8.368,2176.3,2.564,69.5,100
2024-01-07 08:20:00,139.92,60.2,7.958,2230.6,1.535,24.8,115
2024-01-07 08:21:00,156.25,36.0,8.506,2370.7,2.425,96.4,130
2024-01-07 08:22:00,152.47,45.94,8.538,2312.7,1.366,73.4,130
2024-01-07 08:23:00,134.23,36.52,8.871,2115.3,1.301,95.5,100
2024-01-07 08:24:00,126.72,46.61,8.03,2029.7,0.528,62.0,90
2024-01-07 08:25:00,132.2,47.05,8.258,2108.2,1.243,67.2,100
2024-01-07 08:26:00,157.89,46.52,8.522,2199.6,1.239,60.6,130
2024-01-07 08:27:00,124.12,35.27,8.463,2110.5,2.158,99.5,90
2024-01-07 08:28:00,130.43,60.18,7.205,2086.8,1.489,34.1,90
2024-01-07 08:29:00,145.17,36.09,7.925,2112.7,2.186,96.4,115
2024-01-07 08:30:00,149.26,36.22,8.428,2197.5,0.675,96.5,115
2024-01-07 08:31:00,137.99,60.35,8.116,2128.0,1.487,25.7,100
2024-01-07 08:32:00,133.47,59.52,8.525,2103.2,1.362,20.3,100
2024-01-07 08:33:00,121.75,35.8,8.617,2060.4,1.335,98.3,90
2024-01-07 08:34:00,155.28,47.19,8.115,,1.21,66.1,130
2024-01-07 08:35:00,143.54,47.05,8.44,2301.5,0.634,74.9,115
2024-01-07 08:36:00,138.95,60.43,8.782,2149.6,0.621,17.9,100
2024-01-07 08:37:00,124.38,45.98,8.607,2117.5,2.525,63.0,90
2024-01-07 08:38:00,124.25,58.38,7.892,1958.7,0.619,17.7,90
2024-01-07 08:39:00,121.51,47.95,8.126,1985.1,0.699,60.5,90
2024-01-07 08:40:00,146.05,35.39,8.211,2120.1,0.797,96.6,115
2024-01-07 08:41:00,132.06,47.33,7.826,2118.3,0.626,66.4,100
2024-01-07 08:42:00,146.11,46.31,8.628,2234.4,1.26,64.8,115
2024-01-07 08:43:00,146.45,36.51,7.942,2363.4,1.649,97.1,115
2024-01-07 08:44:00,153.13,35.78,8.159,2243.6,2.552,99.1,130
2024-01-07 08:45:00,137.39,35.36,8.629,2217.9,0.96,96.5,100
2024-01-07 08:46:00,124.31,47.23,8.02,2003.4,1.264,72.5,90
2024-01-07 08:47:00,151.32,34.11,8.065,2311.9,2.176,99.4,130
2024-01-07 08:48:00,158.86,60.3,8.335,2297.8,2.602,39.5,130
2024-01-07 08:49:00,132.69,61.19,8.036,2076.1,2.127,11.0,100
2024-01-07 08:50:00,146.27,47.25,8.813,2162.4,1.413,72.6,115
2024-01-07 08:51:00,126.06,47.15,7.834,2197.8,0.569,74.3,90
2024-01-07 08:52:00,155.97,35.25,7.282,2267.3,0.756,95.3,130
2024-01-07 08:53:00,155.93,47.87,8.537,2389.9,2.459,68.6,130
2024-01-07 08:54:00,142.57,36.48,8.057,2284.3,2.205,96.2,115
2024-01-07 08:55:00,159.23,35.15,7.877,2261.1,1.233,97.6,130
2024-01-07 08:56:00,157.39,35.79,8.354,2309.7,0.764,99.7,130
2024-01-07 08:57:00,156.19,47.19,8.368,2319.7,1.211,77.8,130
2024-01-07 08:58:00,151.67,35.82,7.895,2349.0,0.503,98.1,130
2024-01-07 08:59:00,152.55,46.38,8.675,2277.6,0.919,72.2,130
2024-01-07 09:00:00,126.64,60.91,8.545,1949.5,0.839,27.2,90
2024-01-07 09:01:00,149.99,35.95,8.99,2254.0,2.274,97.4,130
2024-01-07 09:02:00,145.85,60.96,8.017,2323.2,0.719,11.8,115
2024-01-07 09:03:00,121.67,59.11,8.263,2067.5,1.81,11.8,90
2024-01-07 09:04:00,132.83,34.65,8.293,2116.3,0.513,95.9,100
2024-01-07 09:05:00,141.47,48.65,8.069,2112.0,1.249,78.8,115
2024-01-07 09:06:00,135.62,36.42,8.361,2249.0,1.461,95.1,100
2024-01-07 09:07:00,137.79,46.35,8.391,2133.4,2.161,113.2,100
2024-01-07 09:08:00,125.87,47.69,8.392,2157.0,0.546,74.9,90
2024-01-07 09:09:00,146.14,46.63,8.069,2284.6,0.617,79.4,115
2024-01-07 09:10:00,125.42,45.64,8.116,2133.6,1.457,70.6,90
2024-01-07 09:11:00,146.71,45.32,7.973,2362.8,0.547,61.1,115
2024-01-07 09:12:00,156.17,35.48,7.9,2319.7,0.612,97.8,130
2024-01-07 09:13:00,118.21,48.25,8.174,2059.3,1.346,67.2,90
2024-01-07 09:14:00,147.27,36.72,8.807,2355.1,1.238,96.9,115
2024-01-07 09:15:00,127.0,61.01,9.016,2136.7,0.63,20.8,90
2024-01-07 09:16:00,154.09,47.66,8.726,2253.6,0.902,78.5,130
2024-01-07 09:17:00,150.06,35.75,8.014,2393.5,2.374,99.6,130
2024-01-07 09:18:00,125.61,36.42,8.363,2191.2,1.34,97.7,90
2024-01-07 09:19:00,155.82,58.39,7.381,2126.0,0.527,24.0,130
2024-01-07 09:20:00,123.9,36.29,8.138,1970.4,0.505,98.7,90
2024-01-07 09:21:00,125.47,34.6,8.045,2005.2,1.214,95.9,90
2024-01-07 09:22:00,127.68,46.27,8.95,2127.8,0.777,60.8,90
2024-01-07 09:23:00,150.99,36.06,8.304,2293.1,2.344,98.0,115
2024-01-07 09:24:00,145.37,60.74,8.22,2271.6,1.474,25.0,115
2024-01-07 09:25:00,125.83,35.01,8.173,2140.1,0.573,99.5,90
2024-01-07 09:26:00,132.94,36.02,8.084,2061.3,2.119,98.0,100
2024-01-07 09:27:00,143.75,35.95,8.413,2133.5,0.751,95.9,115
2024-01-07 09:28:00,124.66,46.75,7.935,2170.3,1.011,65.2,90
2024-01-07 09:29:00,137.94,60.12,8.42,2158.3,1.32,28.6,100
2024-01-07 09:30:00,127.05,37.16,8.773,2166.7,1.489,98.0,90
2024-01-07 09:31:00,159.82,46.77,8.245,2254.1,0.76,65.7,130
2024-01-07 09:32:00,151.27,59.8,8.074,2225.5,0.884,12.0,130
2024-01-07 09:33:00,141.69,35.62,8.17,2128.3,0.506,98.3,115
2024-01-07 09:34:00,157.76,46.85,8.68,2374.1,1.122,69.5,130
2024-01-07 09:35:00,138.62,60.63,8.256,2240.6,1.601,38.3,100
2024-01-07 09:36:00,155.08,48.18,7.956,2353.3,1.618,64.3,130
2024-01-07 09:37:00,113.84,59.8,8.523,2031.3,1.623,38.3,90
2024-01-07 09:38:00,153.14,34.81,7.916,2361.0,0.704,99.1,130
2024-01-07 09:39:00,145.84,37.08,8.107,2278.8,0.517,95.6,115
2024-01-07 09:40:00,152.75,47.1,8.292,2148.0,0.846,63.7,130
2024-01-07 09:41:00,145.46,34.14,7.877,2202.0,0.529,99.1,115
2024-01-07 09:42:00,159.75,36.99,7.485,2332.4,0.768,96.1,130
2024-01-07 09:43:00,158.57,36.4,8.38,2398.6,0.61,95.2,130
2024-01-07 09:44:00,137.02,61.28,7.323,2143.2,1.201,28.8,100
2024-01-07 09:45:00,154.84,36.65,7.829,2321.9,1.314,99.4,130
2024-01-07 09:46:00,153.76,49.12,8.511,2304.6,0.819,71.9,130
2024-01-07 09:47:00,136.89,46.17,8.368,2171.2,2.118,72.8,100
2024-01-07 09:48:00,155.06,34.86,8.137,2200.5,2.1,98.1,130
2024-01-07 09:49:00,145.15,46.61,7.842,2181.6,2.221,64.3,115
2024-01-07 09:50:00,151.12,35.08,8.028,2131.5,2.1,98.2,130
2024-01-07 09:51:00,153.21,60.1,8.431,2274.6,1.746,37.8,130
2024-01-07 09:52:00,136.88,35.11,8.147,2189.7,1.548,96.2,100
2024-01-07 09:53:00,152.25,59.05,7.706,2246.6,0.699,30.2,130
2024-01-07 09:54:00,125.66,34.8,7.848,2049.9,1.203,97.0,90
2024-01-07 09:55:00,126.03,59.76,8.026,2101.3,1.369,26.5,90
2024-01-07 09:56:00,156.18,60.92,8.347,2527.8,1.422,16.2,130
2024-01-07 09:57:00,126.4,46.54,8.242,2063.5,1.377,69.1,90
2024-01-07 09:58:00,156.57,47.65,7.701,2367.5,1.087,77.9,130
2024-01-07 09:59:00,153.44,45.94,8.739,2295.1,1.556,65.2,130
2024-01-07 10:00:00,151.33,32.94,7.903,2338.5,0.591,97.1,130
2024-01-07 10:01:00,142.82,46.89,8.376,2227.7,1.437,72.3,115
2024-01-07 10:02:00,146.82,59.51,7.821,2196.2,2.224,28.2,115
2024-01-07 10:03:00,152.0,46.29,9.193,2293.8,2.627,65.9,130
2024-01-07 10:04:00,132.4,34.7,8.73,2249.8,1.393,95.9,100
2024-01-07 10:05:00,132.38,34.93,7.89,2173.1,0.674,98.1,100
2024-01-07 10:06:00,150.39,34.71,8.235,2214.2,2.239,97.2,130
2024-01-07 10:07:00,132.13,34.78,7.788,2116.1,0.595,96.0,100
2024-01-07 10:08:00,127.5,45.91,8.058,1998.6,2.132,62.0,90
2024-01-07 10:09:00,153.21,58.3,8.369,2384.2,0.564,23.9,130
2024-01-07 10:10:00,150.63,45.23,8.538,2249.2,0.581,74.4,130
2024-01-07 10:11:00,143.72,37.47,7.705,2298.9,1.233,97.1,115
2024-01-07 10:12:00,146.28,35.45,7.901,2308.1,1.535,95.2,115
2024-01-07 10:13:00,140.42,48.22,8.577,2241.5,0.5,76.2,115
2024-01-07 10:14:00,157.38,59.86,8.73,2353.6,1.695,13.6,130
2024-01-07 10:15:00,131.4,59.88,7.891,2109.9,1.227,29.1,100
2024-01-07 10:16:00,144.01,47.25,8.583,2297.9,0.51,76.7,115
2024-01-07 10:17:00,143.98,36.01,7.706,2130.8,2.267,99.8,115
2024-01-07 10:18:00,153.6,59.0,8.081,2273.0,2.2,20.1,130
2024-01-07 10:19:00,144.84,35.2,7.742,2205.4,1.243,96.9,115
2024-01-07 10:20:00,156.95,47.24,8.038,2388.9,0.529,74.1,130
2024-01-07 10:21:00,144.9,33.95,8.964,2366.4,1.244,99.0,115
2024-01-07 10:22:00,123.49,36.54,8.178,2033.6,0.643,97.4,90
2024-01-07 10:23:00,146.14,36.35,8.087,2222.3,0.577,97.2,115
2024-01-07 10:24:00,155.52,33.82,7.974,2215.5,1.282,99.8,130
2024-01-07 10:25:00,143.33,34.8,8.08,2223.4,1.532,97.0,115
2024-01-07 10:26:00,135.11,35.58,7.877,2238.1,2.542,99.3,100
2024-01-07 10:27:00,133.12,36.17,8.255,2006.3,2.8,98.7,100
2024-01-07 10:28:00,142.84,48.22,8.187,2231.5,1.345,67.3,115
2024-01-07 10:29:00,157.01,34.99,8.017,2367.4,0.557,95.8,130
2024-01-07 10:30:00,146.12,37.37,7.982,2234.6,0.662,95.2,115
2024-01-07 10:31:00,146.93,35.46,8.273,2214.9,0.91,95.2,115
2024-01-07 10:32:00,126.59,35.32,7.908,2140.1,0.506,98.0,90
2024-01-07 10:33:00,142.78,47.45,8.104,2165.3,2.584,78.6,115
2024-01-07 10:34:00,137.5,60.25,8.02,2087.6,0.551,31.2,100
2024-01-07 10:35:00,144.26,47.2,7.318,2082.3,0.574,75.0,115
2024-01-07 10:36:00,157.32,48.6,8.544,2336.0,0.591,65.4,130
2024-01-07 10:37:00,134.69,35.7,7.467,2167.7,0.99,96.1,100
2024-01-07 10:38:00,145.78,46.21,7.493,2184.1,0.539,66.1,115
2024-01-07 10:39:00,125.86,34.83,8.558,1998.5,1.25,96.8,90
2024-01-07 10:40:00,147.03,48.18,7.757,2226.2,0.763,75.5,115
2024-01-07 10:41:00,150.91,60.55,7.369,2317.7,1.746,17.4,130
2024-01-07 10:42:00,131.06,34.25,8.735,2054.2,1.222,99.8,100
2024-01-07 10:43:00,156.68,34.22,7.945,2154.3,1.348,95.4,130
2024-01-07 10:44:00,155.89,60.02,8.686,2172.0,1.692,17.0,130
2024-01-07 10:45:00,153.06,35.99,7.834,2193.7,1.634,95.3,130
2024-01-07 10:46:00,135.91,34.96,7.543,2053.6,1.093,96.9,100
2024-01-07 10:47:00,141.48,58.66,8.071,2223.3,0.965,36.2,115
2024-01-07 10:48:00,163.16,59.1,7.717,2316.8,2.176,23.2,130
2024-01-07 10:49:00,148.28,36.82,8.362,2216.6,0.547,96.8,115
2024-01-07 10:50:00,146.56,47.4,8.47,2258.7,0.963,67.4,115
2024-01-07 10:51:00,125.19,47.8,8.572,2102.1,0.749,67.4,90
2024-01-07 10:52:00,143.45,60.93,8.075,2256.4,1.295,32.8,115
2024-01-07 10:53:00,131.72,35.0,8.752,2157.1,0.75,99.8,100
2024-01-07 10:54:00,154.72,35.2,7.829,2225.5,1.273,98.9,130
2024-01-07 10:55:00,132.85,35.37,8.254,2043.2,1.374,95.6,100
2024-01-07 10:56:00,133.0,60.33,8.145,2105.0,0.553,24.7,100
2024-01-07 10:57:00,121.46,36.37,8.989,2160.8,0.665,95.5,90
2024-01-07 10:58:00,155.62,48.5,8.683,2497.5,1.713,67.1,130
2024-01-07 10:59:00,144.06,47.65,8.213,2274.6,0.795,72.9,115
2024-01-07 11:00:00,136.34,47.66,8.279,2178.6,0.713,60.7,100
2024-01-07 11:01:00,156.14,48.54,8.814,2395.4,0.556,69.8,130
2024-01-07 11:02:00,145.57,35.34,7.899,2351.0,1.213,95.1,115
2024-01-07 11:03:00,131.65,36.45,7.387,1996.2,1.448,98.0,90
2024-01-07 11:04:00,147.06,47.46,7.813,2462.2,0.672,77.3,115
2024-01-07 11:05:00,121.85,35.99,8.034,2197.0,1.248,97.7,90
2024-01-07 11:06:00,156.15,35.33,8.744,2200.7,1.746,96.6,130
2024-01-07 11:07:00,134.86,34.38,8.614,2070.1,0.661,98.1,100
2024-01-07 11:08:00,141.65,47.28,8.182,2455.4,0.67,73.1,115
2024-01-07 11:09:00,141.45,35.78,8.387,2312.9,2.171,95.7,115
2024-01-07 11:10:00,126.13,46.54,7.916,2022.2,1.623,79.9,90
2024-01-07 11:11:00,156.74,35.42,9.035,2316.3,1.644,97.7,130
2024-01-07 11:12:00,122.38,59.29,8.685,2130.3,0.751,34.8,90
2024-01-07 11:13:00,137.43,46.3,8.221,2221.1,1.221,79.3,100
2024-01-07 11:14:00,155.71,46.62,8.171,2419.5,1.218,65.7,130
2024-01-07 11:15:00,127.99,45.94,8.481,2089.4,0.627,77.8,90
2024-01-07 11:16:00,147.72,35.03,8.177,2252.4,2.131,96.9,115
2024-01-07 11:17:00,134.6,36.07,7.471,2120.9,0.581,96.1,100
2024-01-07 11:18:00,159.09,36.66,8.813,2235.7,0.538,97.2,130
2024-01-07 11:19:00,122.19,37.16,8.667,1992.0,0.574,99.1,90
2024-01-07 11:20:00,150.98,46.68,8.349,2218.5,1.773,64.0,115
2024-01-07 11:21:00,152.8,47.96,8.032,2337.5,1.48,64.8,130
2024-01-07 11:22:00,144.88,47.27,8.204,2113.6,1.23,63.2,115
2024-01-07 11:23:00,153.58,59.81,7.142,2473.7,2.321,17.4,130
2024-01-07 11:24:00,144.06,47.32,7.757,2174.3,0.506,70.3,115
2024-01-07 11:25:00,162.31,36.38,8.907,2241.4,2.022,95.5,130
2024-01-07 11:26:00,153.84,35.1,8.407,2307.7,1.352,98.0,130
2024-01-07 11:27:00,157.13,35.08,7.421,2120.4,2.241,97.6,130
2024-01-07 11:28:00,144.41,35.17,7.869,2258.9,0.555,98.4,115
2024-01-07 11:29:00,147.34,59.5,7.43,2150.8,2.222,15.8,115
2024-01-07 11:30:00,143.64,60.96,7.888,2076.2,0.649,15.1,115
2024-01-07 11:31:00,155.64,34.89,8.134,2321.5,1.415,98.9,130
2024-01-07 11:32:00,136.57,46.53,8.841,2161.4,1.209,67.2,100
2024-01-07 11:33:00,133.2,60.25,8.514,2305.6,2.184,33.9,100
2024-01-07 11:34:00,161.89,47.18,8.079,2324.4,0.598,68.9,130
2024-01-07 11:35:00,126.7,46.67,8.099,2083.8,0.532,79.0,90
2024-01-07 11:36:00,144.44,48.35,7.88,2233.3,0.555,63.8,115
2024-01-07 11:37:00,133.26,35.0,8.636,1943.7,1.254,97.1,100
2024-01-07 11:38:00,155.23,35.36,8.684,2316.1,1.533,97.0,130
2024-01-07 11:39:00,151.96,45.46,7.665,2306.1,2.332,68.6,130
2024-01-07 11:40:00,129.46,35.26,7.512,2058.4,1.012,98.7,90
2024-01-07 11:41:00,136.08,34.44,8.073,2083.3,0.574,98.2,100
2024-01-07 11:42:00,154.78,34.77,8.122,2355.2,0.927,98.2,130
2024-01-07 11:43:00,157.61,45.44,8.303,2231.9,0.899,75.7,130
2024-01-07 11:44:00,133.2,59.29,7.53,2206.4,1.319,10.1,100
2024-01-07 11:45:00,132.11,35.44,7.914,2181.1,2.299,95.8,100
2024-01-07 11:46:00,124.67,46.8,8.167,2182.2,2.282,62.0,90
2024-01-07 11:47:00,155.32,35.17,7.888,2272.9,0.574,95.7,130
2024-01-07 11:48:00,146.33,35.24,8.543,2337.0,0.561,99.6,115
2024-01-07 11:49:00,151.31,35.1,8.947,2327.0,0.537,97.1,130
2024-01-07 11:50:00,153.86,46.97,7.985,2304.0,1.564,78.6,130
2024-01-07 11:51:00,147.29,46.91,8.556,2241.7,2.253,75.5,130
2024-01-07 11:52:00,122.04,47.22,8.057,2101.6,0.583,75.3,90
2024-01-07 11:53:00,146.79,46.84,7.828,2191.9,0.643,69.9,115
2024-01-07 11:54:00,137.4,46.65,7.915,2147.8,1.217,72.4,100
2024-01-07 11:55:00,152.14,47.62,8.507,2372.2,1.222,75.7,130
2024-01-07 11:56:00,154.19,60.48,7.943,2307.5,0.785,25.6,130
2024-01-07 11:57:00,155.06,35.47,8.022,2335.4,2.563,95.8,130
2024-01-07 11:58:00,157.7,60.96,7.742,2431.1,0.577,28.1,130
2024-01-07 11:59:00,138.82,35.57,8.454,2195.0,2.205,95.3,100
2024-01-07 12:00:00,155.38,35.37,8.383,2255.7,0.594,95.9,130
2024-01-07 12:01:00,154.35,46.95,8.782,2277.6,0.63,78.4,130
2024-01-07 12:02:00,151.39,35.63,8.439,2321.3,0.607,97.3,130
2024-01-07 12:03:00,155.27,46.27,8.365,2479.7,0.598,66.1,130
2024-01-07 12:04:00,140.19,34.0,8.433,2043.2,1.416,96.1,100
2024-01-07 12:05:00,148.23,47.23,8.098,2245.2,1.264,62.8,115
2024-01-07 12:06:00,135.44,47.67,8.244,2259.2,1.072,64.9,100
2024-01-07 12:07:00,135.76,34.7,8.572,2199.2,1.274,95.3,100
2024-01-07 12:08:00,153.28,47.86,7.872,2299.4,0.548,75.2,130
2024-01-07 12:09:00,154.11,34.18,8.881,2172.4,1.214,96.7,130
2024-01-07 12:10:00,135.37,46.55,8.455,2270.9,2.152,64.4,100
2024-01-07 12:11:00,135.38,48.36,9.008,2112.1,2.254,69.5,100
2024-01-07 12:12:00,157.53,60.28,7.73,2233.8,0.58,37.4,130
2024-01-07 12:13:00,157.41,59.76,7.73,2330.1,0.516,16.2,130
2024-01-07 12:14:00,156.3,47.2,8.349,2424.2,1.811,72.3,130
2024-01-07 12:15:00,152.5,60.96,8.249,2342.4,0.594,26.3,130
2024-01-07 12:16:00,152.6,58.84,8.017,2280.8,1.407,18.9,130
2024-01-07 12:17:00,152.78,36.55,7.692,2329.8,1.596,98.8,130
2024-01-07 12:18:00,145.59,59.61,8.093,2239.5,0.661,17.2,115
2024-01-07 12:19:00,149.93,36.07,8.287,2272.6,0.75,99.6,130
2024-01-07 12:20:00,154.98,46.51,7.677,2315.4,1.507,70.8,130
2024-01-07 12:21:00,128.52,36.85,8.036,2004.1,0.596,97.0,90
2024-01-07 12:22:00,146.67,46.98,8.353,2150.9,0.698,66.3,115
2024-01-07 12:23:00,124.12,45.94,8.515,2114.2,1.246,72.5,90
2024-01-07 12:24:00,153.25,47.38,8.086,2278.4,1.211,79.9,130
2024-01-07 12:25:00,137.01,48.04,7.88,2147.9,1.364,65.9,100
2024-01-07 12:26:00,155.77,47.95,8.246,2248.2,2.119,62.4,130
2024-01-07 12:27:00,144.38,60.07,8.117,2184.6,1.312,20.1,115
2024-01-07 12:28:00,153.53,36.15,7.614,2271.3,0.514,95.7,130
2024-01-07 12:29:00,155.19,46.66,8.02,2263.0,1.012,71.1,130
2024-01-07 12:30:00,124.24,47.47,7.964,2037.2,1.223,62.1,90
2024-01-07 12:31:00,146.96,35.79,8.209,2245.8,0.809,98.0,115
2024-01-07 12:32:00,128.1,44.68,7.907,2181.2,0.752,77.1,90
2024-01-07 12:33:00,151.58,34.7,7.981,2370.9,1.209,98.1,130
2024-01-07 12:34:00,151.94,47.17,8.127,2283.2,1.456,75.6,130
2024-01-07 12:35:00,148.37,35.63,8.455,2179.4,1.897,99.3,115
2024-01-07 12:36:00,135.41,59.98,8.237,2007.7,1.347,21.6,100
2024-01-07 12:37:00,142.17,35.57,9.266,2176.1,0.568,96.1,115
2024-01-07 12:38:00,127.46,36.47,7.694,1982.1,0.657,96.6,90
2024-01-07 12:39:00,155.85,47.28,8.565,2314.4,1.226,62.3,130
2024-01-07 12:40:00,140.51,58.13,8.169,2283.5,1.825,19.3,100
2024-01-07 12:41:00,154.41,48.56,7.642,2278.4,1.291,63.7,130
2024-01-07 12:42:00,157.77,33.97,8.049,2193.8,0.622,95.0,130
2024-01-07 12:43:00,141.38,47.77,7.595,2214.3,2.203,61.4,115
2024-01-07 12:44:00,148.49,45.75,8.233,2194.7,0.506,70.8,115
2024-01-07 12:45:00,157.36,61.14,8.078,2410.9,0.507,30.6,130
2024-01-07 12:46:00,159.01,46.78,7.926,2159.2,0.665,79.5,130
2024-01-07 12:47:00,147.78,35.81,7.776,2150.7,0.64,95.2,115
2024-01-07 12:48:00,144.75,33.91,8.607,2290.9,2.061,99.1,115
2024-01-07 12:49:00,152.07,47.58,8.136,2184.4,0.561,77.1,130
2024-01-07 12:50:00,153.49,35.83,8.284,2355.9,0.592,98.0,130
2024-01-07 12:51:00,150.6,47.49,8.271,2256.8,1.382,70.4,130
2024-01-07 12:52:00,122.7,60.76,8.243,2152.1,1.21,20.2,90
2024-01-07 12:53:00,126.06,47.14,8.069,2066.1,2.306,73.7,90
2024-01-07 12:54:00,144.88,35.33,8.807,2217.2,1.221,95.4,115
2024-01-07 12:55:00,124.44,34.85,9.095,2117.9,1.085,96.9,90
2024-01-07 12:56:00,133.02,35.15,8.779,2151.5,1.268,98.5,100
2024-01-07 12:57:00,150.57,47.97,8.209,2211.1,0.837,71.3,130
2024-01-07 12:58:00,155.46,46.33,8.181,2268.3,0.984,62.7,130
2024-01-07 12:59:00,125.95,45.53,8.637,1939.8,2.475,75.1,90
2024-01-07 13:00:00,142.52,34.71,7.897,2160.9,0.663,97.4,115
2024-01-07 13:01:00,133.67,35.98,8.884,1978.9,1.225,97.7,100
2024-01-07 13:02:00,128.86,35.26,8.517,2257.1,0.726,99.8,90
2024-01-07 13:03:00,147.9,47.48,8.088,2227.9,0.808,76.8,115
2024-01-07 13:04:00,151.29,45.4,8.313,2352.6,0.556,60.7,130
2024-01-07 13:05:00,154.79,44.61,8.451,2243.2,0.608,71.7,130
2024-01-07 13:06:00,158.64,47.21,8.029,2352.1,0.682,77.9,130
2024-01-07 13:07:00,154.46,47.8,8.614,2371.9,2.132,71.4,130
2024-01-07 13:08:00,144.33,58.63,8.709,2304.9,1.875,32.8,115
2024-01-07 13:09:00,157.73,60.42,8.095,2303.4,2.123,11.8,130
2024-01-07 13:10:00,157.47,36.45,8.01,2391.2,1.464,97.0,130
2024-01-07 13:11:00,147.34,35.5,8.158,2181.4,1.212,97.6,115
2024-01-07 13:12:00,154.35,47.72,7.737,2339.9,0.522,70.3,130
2024-01-07 13:13:00,146.66,47.15,7.533,2233.9,0.695,63.8,115
2024-01-07 13:14:00,148.74,46.79,8.027,2136.0,1.32,76.9,115
2024-01-07 13:15:00,144.88,36.16,7.816,2083.6,0.501,98.2,115
2024-01-07 13:16:00,123.99,37.03,8.908,2046.1,0.6,97.2,90
2024-01-07 13:17:00,158.08,35.05,8.018,2286.4,0.558,95.3,130
2024-01-07 13:18:00,160.11,35.43,8.382,2288.4,1.61,97.7,130
2024-01-07 13:19:00,130.29,46.21,7.949,2154.0,2.346,76.3,90
2024-01-07 13:20:00,144.06,47.12,8.913,2340.1,0.768,79.5,115
2024-01-07 13:21:00,134.31,46.87,8.122,2202.6,1.803,74.3,100
2024-01-07 13:22:00,152.43,47.93,7.703,2357.0,2.347,63.3,130
2024-01-07 13:23:00,135.3,36.64,8.468,2143.6,0.535,98.7,100
2024-01-07 13:24:00,122.31,47.63,8.304,2084.1,1.054,76.2,90
2024-01-07 13:25:00,143.68,60.84,8.681,2264.4,0.524,36.4,115
2024-01-07 13:26:00,156.75,46.44,8.138,2321.2,2.143,63.6,130
2024-01-07 13:27:00,125.97,34.74,8.243,2117.4,0.567,96.5,90
2024-01-07 13:28:00,130.47,47.35,7.597,2153.7,0.538,72.5,100
2024-01-07 13:29:00,138.93,35.52,8.534,2110.4,0.504,98.8,100
2024-01-07 13:30:00,152.28,48.6,8.225,2330.9,2.223,73.7,130
2024-01-07 13:31:00,132.6,58.46,8.15,2131.1,2.333,24.8,100
2024-01-07 13:32:00,151.9,47.5,8.108,2426.2,0.609,79.2,130
2024-01-07 13:33:00,153.35,35.98,8.087,2275.8,2.154,98.7,130
2024-01-07 13:34:00,142.76,46.39,8.54,2458.8,0.929,63.9,115
2024-01-07 13:35:00,152.82,34.73,7.83,2441.2,0.598,96.6,130
2024-01-07 13:36:00,128.84,46.73,8.497,2059.4,2.465,61.1,100
2024-01-07 13:37:00,145.32,58.69,7.558,2330.1,1.239,27.0,115
2024-01-07 13:38:00,155.58,36.67,7.433,2300.0,0.581,96.7,130
2024-01-07 13:39:00,140.61,49.16,8.764,2195.2,0.825,71.3,100
2024-01-07 13:40:00,126.22,35.23,7.791,2196.1,1.206,97.3,90
2024-01-07 13:41:00,153.76,34.99,8.242,2248.0,2.606,99.7,130
2024-01-07 13:42:00,142.0,45.95,8.093,2192.9,2.201,74.7,115
2024-01-07 13:43:00,154.76,34.62,8.338,2370.3,1.963,98.4,130
2024-01-07 13:44:00,146.12,59.53,8.221,2200.7,2.342,21.0,115
2024-01-07 13:45:00,153.74,47.97,8.617,2132.0,1.797,79.0,130
2024-01-07 13:46:00,155.15,62.55,7.628,2387.1,1.214,34.0,130
2024-01-07 13:47:00,159.74,34.92,8.468,2339.6,1.456,95.1,130
2024-01-07 13:48:00,124.04,46.28,8.179,2068.1,0.917,63.7,90
2024-01-07 13:49:00,140.28,34.57,7.587,2240.0,1.377,97.6,115
2024-01-07 13:50:00,147.18,35.86,7.988,2409.1,0.507,95.8,115
2024-01-07 13:51:00,155.79,47.28,7.558,2391.0,1.217,75.7,130
2024-01-07 13:52:00,140.73,47.08,7.531,2161.1,0.763,67.2,115
2024-01-07 13:53:00,156.07,46.64,8.025,2319.8,0.508,67.0,130
2024-01-07 13:54:00,152.51,48.09,8.675,2404.9,0.502,66.4,130
2024-01-07 13:55:00,146.1,47.61,8.325,2323.2,0.658,67.3,115
2024-01-07 13:56:00,159.77,36.08,8.72,2189.8,1.351,95.4,130
2024-01-07 13:57:00,154.56,35.8,8.23,2269.9,0.69,98.2,130
2024-01-07 13:58:00,147.71,35.35,8.82,2139.3,0.503,96.8,115
2024-01-07 13:59:00,131.93,34.93,8.779,2201.2,1.34,99.9,100
2024-01-07 14:00:00,151.2,35.92,7.82,2237.4,2.168,95.5,130
2024-01-07 14:01:00,160.04,47.34,8.228,2434.4,0.782,76.7,130
2024-01-07 14:02:00,155.77,35.95,7.911,2413.6,0.586,97.0,130
2024-01-07 14:03:00,126.59,34.25,8.142,2050.3,2.188,99.0,90
2024-01-07 14:04:00,137.88,47.27,8.863,2048.8,0.712,69.0,100
2024-01-07 14:05:00,143.68,35.25,7.943,2166.9,2.316,96.2,115
2024-01-07 14:06:00,127.06,46.3,7.726,2106.1,0.512,68.1,90
2024-01-07 14:07:00,146.68,36.08,7.752,2298.2,0.697,95.3,115
2024-01-07 14:08:00,121.76,35.64,8.042,2066.9,0.715,96.9,90
2024-01-07 14:09:00,158.78,37.38,9.698,2104.6,0.622,95.8,130
2024-01-07 14:10:00,158.27,47.39,8.789,2364.4,2.452,76.7,130
2024-01-07 14:11:00,141.79,35.26,7.051,2068.4,2.102,99.0,115
2024-01-07 14:12:00,155.5,46.91,8.186,2140.5,2.791,71.8,130
2024-01-07 14:13:00,144.42,46.06,7.948,2309.9,2.194,64.0,115
2024-01-07 14:14:00,158.55,36.48,8.595,2215.1,2.281,99.8,130
2024-01-07 14:15:00,141.47,47.25,7.728,2250.0,1.207,76.8,115
2024-01-07 14:16:00,164.01,35.77,7.785,2317.4,2.347,97.2,130
2024-01-07 14:17:00,154.56,46.15,7.971,2245.6,0.657,61.2,130
2024-01-07 14:18:00,126.85,47.62,7.923,2086.5,1.146,73.3,90
2024-01-07 14:19:00,128.47,34.75,8.461,2026.0,1.31,98.0,90
2024-01-07 14:20:00,124.51,46.56,8.066,2073.8,2.356,73.7,90
2024-01-07 14:21:00,134.71,47.1,8.601,2119.1,1.215,68.6,100
2024-01-07 14:22:00,133.74,35.04,7.876,2109.9,2.113,98.8,100
2024-01-07 14:23:00,142.79,46.37,8.546,2177.2,1.095,79.9,115
2024-01-07 14:24:00,155.68,35.46,7.737,2238.1,1.258,97.5,130
2024-01-07 14:25:00,154.66,47.81,8.446,2378.2,2.587,70.6,130
2024-01-07 14:26:00,153.73,47.72,8.0,2273.8,0.518,70.8,130
2024-01-07 14:27:00,123.87,47.57,8.557,1979.5,2.303,69.4,90
2024-01-07 14:28:00,156.44,47.39,7.224,2277.3,1.36,73.8,130
2024-01-07 14:29:00,123.01,46.62,7.887,2027.8,1.877,76.9,90
2024-01-07 14:30:00,144.38,47.9,8.667,2198.5,2.204,74.4,115
2024-01-07 14:31:00,137.25,45.61,8.119,2207.1,0.51,64.5,100
2024-01-07 14:32:00,155.62,60.35,7.519,2259.8,0.629,26.6,130
2024-01-07 14:33:00,152.38,47.67,7.917,2279.6,1.548,71.8,130
2024-01-07 14:34:00,124.94,59.93,8.353,2121.5,0.511,23.0,90
2024-01-07 14:35:00,156.09,59.42,7.876,2345.5,0.507,17.0,130
2024-01-07 14:36:00,157.47,35.47,8.664,2255.0,0.845,99.3,130
2024-01-07 14:37:00,153.11,34.89,8.634,2387.3,2.447,97.5,130
2024-01-07 14:38:00,153.6,35.91,8.467,2382.8,0.545,96.5,130
2024-01-07 14:39:00,153.26,47.76,8.612,2377.1,0.714,73.5,130
2024-01-07 14:40:00,143.39,35.86,7.994,2254.2,2.113,98.9,115
2024-01-07 14:41:00,146.01,35.81,8.795,2216.1,2.39,95.6,115
2024-01-07 14:42:00,146.49,36.11,8.63,2144.1,1.273,99.7,115
2024-01-07 14:43:00,157.63,47.7,8.148,2199.3,1.252,76.7,130
2024-01-07 14:44:00,134.77,34.88,7.549,2143.2,0.726,99.2,100
2024-01-07 14:45:00,131.49,34.27,7.253,2151.1,0.985,99.0,100
2024-01-07 14:46:00,156.67,35.72,8.596,2289.1,0.508,98.9,130
2024-01-07 14:47:00,155.4,60.74,7.556,2301.1,1.231,23.0,130
2024-01-07 14:48:00,155.15,45.74,7.831,2419.1,0.559,60.3,130
2024-01-07 14:49:00,131.79,47.06,8.391,2280.2,1.726,61.1,100
2024-01-07 14:50:00,134.51,47.9,7.68,2061.5,0.919,60.8,100
2024-01-07 14:51:00,122.02,35.41,9.174,2093.1,0.975,97.6,90
2024-01-07 14:52:00,156.2,61.22,8.295,2314.2,1.295,28.5,130
2024-01-07 14:53:00,143.93,61.07,8.791,2284.0,2.153,25.2,115
2024-01-07 14:54:00,153.7,46.85,8.617,2448.7,0.543,61.5,130
2024-01-07 14:55:00,151.16,46.71,7.185,2485.0,0.927,74.4,130
2024-01-07 14:56:00,147.57,46.72,8.498,2287.6,0.553,70.1,115
2024-01-07 14:57:00,154.35,35.61,8.194,2313.2,0.651,98.9,130
2024-01-07 14:58:00,135.22,46.06,8.175,2121.0,1.281,66.3,100
2024-01-07 14:59:00,143.16,58.91,8.19,2428.9,0.638,20.5,115
2024-01-07 15:00:00,130.87,45.18,8.622,2088.6,0.585,74.0,100
2024-01-07 15:01:00,153.67,46.98,8.858,2375.8,2.169,62.0,130
2024-01-07 15:02:00,124.07,61.63,7.723,2048.9,1.311,14.1,90
2024-01-07 15:03:00,125.73,33.91,8.231,1962.9,0.581,97.2,90
2024-01-07 15:04:00,124.11,35.35,8.761,2207.2,0.866,95.8,90
2024-01-07 15:05:00,133.2,35.33,8.117,2010.6,0.674,98.4,100
2024-01-07 15:06:00,131.24,35.38,8.281,1978.1,0.539,97.7,100
2024-01-07 15:07:00,145.12,61.01,8.287,2286.0,1.254,15.3,115
2024-01-07 15:08:00,153.01,34.79,9.046,2285.7,1.211,97.7,130
2024-01-07 15:09:00,138.3,33.94,8.499,2184.5,0.571,95.8,100
2024-01-07 15:10:00,135.38,35.07,9.028,2149.4,1.421,98.9,100
2024-01-07 15:11:00,126.41,59.47,8.897,2118.0,0.54,30.2,90
2024-01-07 15:12:00,144.38,33.72,8.109,2206.3,0.521,98.1,115
2024-01-07 15:13:00,155.5,35.7,8.32,2382.2,2.177,99.5,130
2024-01-07 15:14:00,132.77,34.55,9.021,2224.5,0.69,95.2,100
2024-01-07 15:15:00,122.05,59.93,7.743,2193.9,0.628,19.1,90
2024-01-07 15:16:00,155.04,35.21,8.504,2411.1,2.181,95.7,130
2024-01-07 15:17:00,156.43,34.64,8.508,2301.5,0.929,99.5,130
2024-01-07 15:18:00,140.14,36.21,8.089,2285.7,0.626,96.8,115
2024-01-07 15:19:00,153.75,35.27,8.048,2343.4,1.321,96.1,130
2024-01-07 15:20:00,159.61,35.54,8.103,2343.7,1.206,98.4,130
2024-01-07 15:21:00,156.2,47.47,8.481,2204.1,2.304,63.2,130
2024-01-07 15:22:00,128.84,35.73,8.789,2130.3,0.623,99.1,90
2024-01-07 15:23:00,153.41,47.12,8.496,2358.7,0.531,75.8,130
2024-01-07 15:24:00,143.86,34.84,7.697,2375.6,0.556,99.9,115
2024-01-07 15:25:00,137.42,59.11,8.802,2243.2,1.245,17.3,100
2024-01-07 15:26:00,126.56,47.13,8.677,2082.0,0.526,63.3,90
2024-01-07 15:27:00,124.76,34.73,8.102,2061.9,1.314,99.5,90
2024-01-07 15:28:00,141.84,36.14,7.938,2149.7,0.59,99.8,115
2024-01-07 15:29:00,127.89,35.4,7.837,2215.4,0.589,97.0,90
2024-01-07 15:30:00,161.28,36.02,8.63,2224.8,0.558,97.3,130
2024-01-07 15:31:00,131.07,34.71,7.448,2000.5,2.215,96.8,100
2024-01-07 15:32:00,148.51,59.09,8.64,2302.0,2.259,13.4,115
2024-01-07 15:33:00,153.83,48.34,8.019,2317.0,2.289,63.3,130
2024-01-07 15:34:00,144.17,59.88,8.314,2251.2,0.55,37.8,115
2024-01-07 15:35:00,155.67,47.73,6.831,2324.9,0.76,66.9,130
2024-01-07 15:36:00,121.99,45.87,7.491,1985.4,0.505,69.4,90
2024-01-07 15:37:00,154.91,35.27,7.928,2339.5,1.478,95.2,130
2024-01-07 15:38:00,140.97,36.54,7.835,2204.2,0.567,95.3,115
2024-01-07 15:39:00,156.19,58.75,8.503,2273.0,0.592,26.7,130
2024-01-07 15:40:00,160.58,61.82,8.321,2423.8,0.674,25.3,130
2024-01-07 15:41:00,123.4,35.66,8.974,2133.3,0.689,97.1,90
2024-01-07 15:42:00,134.58,46.34,8.405,1965.9,0.609,72.5,100
2024-01-07 15:43:00,124.7,47.28,7.94,2087.3,1.056,63.9,90
2024-01-07 15:44:00,157.47,36.39,8.689,2395.3,0.891,98.6,130
2024-01-07 15:45:00,156.01,34.84,8.015,2210.3,0.551,98.9,130
2024-01-07 15:46:00,147.3,46.45,7.992,2160.9,1.378,60.6,115
2024-01-07 15:47:00,143.73,35.7,8.201,2310.0,1.455,98.3,115
2024-01-07 15:48:00,156.08,47.37,8.848,2273.7,0.549,70.8,130
2024-01-07 15:49:00,126.58,35.34,8.62,1991.7,1.204,95.3,100
2024-01-07 15:50:00,156.67,47.32,8.608,2406.0,1.243,65.5,130
2024-01-07 15:51:00,151.96,60.68,8.984,2296.1,1.136,23.2,130
2024-01-07 15:52:00,154.18,35.64,8.598,2339.9,1.277,95.3,130
2024-01-07 15:53:00,146.86,46.45,7.709,2226.1,2.155,76.9,115
2024-01-07 15:54:00,131.16,35.48,8.415,2239.7,1.234,99.4,100
2024-01-07 15:55:00,147.72,48.4,8.849,2142.1,0.732,65.7,115
2024-01-07 15:56:00,144.69,60.27,7.593,2283.1,1.482,18.4,115
2024-01-07 15:57:00,158.63,60.99,8.194,2415.5,0.609,15.3,130
2024-01-07 15:58:00,122.74,46.59,7.773,1962.1,0.556,76.1,90
2024-01-07 15:59:00,120.47,35.71,8.251,2010.8,0.619,95.1,90
2024-01-07 16:00:00,134.93,47.64,8.654,2281.6,1.345,72.5,100
2024-01-07 16:01:00,156.47,36.7,8.737,2396.5,0.657,100.0,130
2024-01-07 16:02:00,146.68,36.48,8.126,2164.5,1.317,95.6,115
2024-01-07 16:03:00,142.16,34.6,8.465,2132.8,1.201,95.6,115
2024-01-07 16:04:00,120.94,47.92,7.598,2092.6,0.628,77.3,90
2024-01-07 16:05:00,124.22,36.85,7.501,2096.4,2.185,97.5,90
2024-01-07 16:06:00,126.29,46.54,8.648,2065.3,1.363,74.0,90
2024-01-07 16:07:00,156.16,46.28,6.989,2496.7,0.514,68.0,130
2024-01-07 16:08:00,128.93,46.98,7.925,2121.7,0.923,78.6,90
2024-01-07 16:09:00,144.07,47.14,8.471,2162.8,1.617,64.4,115
2024-01-07 16:10:00,130.39,59.72,8.288,2234.6,0.666,27.1,100
2024-01-07 16:11:00,147.99,34.55,7.066,2234.7,2.367,100.0,115
2024-01-07 16:12:00,155.49,48.18,8.41,2255.9,0.615,73.6,130
2024-01-07 16:13:00,145.71,46.31,7.855,2302.1,0.678,75.8,115
2024-01-07 16:14:00,156.92,35.09,8.248,2428.0,2.292,96.6,130
2024-01-07 16:15:00,158.16,47.09,7.95,2327.3,2.187,66.2,130
2024-01-07 16:16:00,124.94,45.82,7.923,1991.8,1.148,62.5,90
2024-01-07 16:17:00,157.94,58.76,7.48,2319.0,1.385,37.3,130
2024-01-07 16:18:00,156.38,35.15,8.056,2233.5,1.432,99.6,130
2024-01-07 16:19:00,153.36,60.66,8.694,2328.1,1.313,24.0,130
2024-01-07 16:20:00,144.42,47.15,8.031,2290.4,2.107,66.4,115
2024-01-07 16:21:00,126.54,45.35,8.049,1911.9,0.572,71.1,90
2024-01-07 16:22:00,153.23,36.61,7.918,2367.2,0.71,97.3,130
2024-01-07 16:23:00,157.22,36.14,7.686,2280.1,0.982,95.5,130
2024-01-07 16:24:00,125.4,35.65,7.801,2025.0,0.691,97.7,90
2024-01-07 16:25:00,125.95,60.13,8.289,1963.8,0.628,11.8,90
2024-01-07 16:26:00,158.6,47.54,9.184,2224.1,2.117,65.2,130
2024-01-07 16:27:00,135.89,48.86,8.59,2291.2,0.531,74.1,100
2024-01-07 16:28:00,135.18,60.7,8.448,2217.9,0.511,29.7,100
2024-01-07 16:29:00,134.79,47.24,8.997,2253.6,1.448,72.2,100
2024-01-07 16:30:00,144.66,46.02,8.387,2161.4,0.856,79.3,115
2024-01-07 16:31:00,125.78,47.13,8.63,2213.9,0.536,77.5,90
2024-01-07 16:32:00,158.41,36.12,8.286,2304.7,0.579,98.7,130
2024-01-07 16:33:00,153.47,46.91,8.381,2246.9,1.33,63.9,130
2024-01-07 16:34:00,153.28,35.08,7.637,2223.8,0.531,99.1,130
2024-01-07 16:35:00,148.21,47.44,8.076,2146.1,1.308,75.8,115
2024-01-07 16:36:00,123.58,46.21,7.975,2010.3,1.181,74.6,90
2024-01-07 16:37:00,145.54,47.69,7.954,2158.5,1.454,65.8,115
2024-01-07 16:38:00,153.52,59.65,7.931,2382.3,1.237,33.9,130
2024-01-07 16:39:00,140.8,58.3,8.772,2438.1,1.221,27.5,115
2024-01-07 16:40:00,145.5,46.64,8.053,2210.2,0.618,70.5,115
2024-01-07 16:41:00,127.79,35.45,8.142,2051.8,1.384,95.9,90
2024-01-07 16:42:00,144.84,35.94,9.106,2081.4,2.415,97.1,115
2024-01-07 16:43:00,141.3,60.35,8.51,2156.0,0.569,24.6,115
2024-01-07 16:44:00,135.27,34.47,8.203,2020.3,0.505,95.8,100
2024-01-07 16:45:00,133.11,35.6,8.623,2215.1,1.306,98.6,100
2024-01-07 16:46:00,138.45,35.07,7.932,2384.7,2.135,95.4,115
2024-01-07 16:47:00,154.8,35.21,8.03,2223.5,0.54,97.3,130
2024-01-07 16:48:00,126.29,46.2,8.055,2053.8,1.235,75.9,90
2024-01-07 16:49:00,137.94,46.96,8.3,2130.1,1.454,75.0,100
2024-01-07 16:50:00,139.39,49.51,8.387,2204.7,0.507,78.9,100
2024-01-07 16:51:00,126.63,48.49,7.82,2078.4,1.366,73.0,90
2024-01-07 16:52:00,137.33,46.2,8.363,2319.2,2.379,79.0,100
2024-01-07 16:53:00,131.79,47.05,8.442,2090.1,2.134,60.8,100
2024-01-07 16:54:00,129.05,35.25,8.013,2142.0,0.947,98.2,90
2024-01-07 16:55:00,158.17,35.61,8.134,2262.4,1.216,97.6,130
2024-01-07 16:56:00,144.08,36.23,7.745,2101.9,0.73,96.0,115
2024-01-07 16:57:00,146.7,35.4,7.596,2344.1,0.538,97.1,115
2024-01-07 16:58:00,156.45,34.93,7.741,2459.9,1.528,98.1,130
2024-01-07 16:59:00,138.68,60.93,8.488,2182.8,0.669,36.5,100
2024-01-07 17:00:00,134.62,46.01,8.409,2099.6,0.678,77.1,100
2024-01-07 17:01:00,133.13,47.15,8.971,2058.9,0.585,75.1,100
2024-01-07 17:02:00,123.78,34.31,8.215,2114.8,0.567,96.1,90
2024-01-07 17:03:00,157.24,46.18,8.221,2139.9,0.624,69.2,130
2024-01-07 17:04:00,130.2,36.1,8.335,2219.7,0.784,99.1,100
2024-01-07 17:05:00,137.51,59.46,7.773,2196.6,1.237,12.8,115
2024-01-07 17:06:00,157.24,45.5,8.561,2274.8,0.839,64.0,130
2024-01-07 17:07:00,155.69,34.92,8.353,2224.2,1.331,99.9,130
2024-01-07 17:08:00,125.05,59.34,7.821,1955.0,2.22,21.0,90
2024-01-07 17:09:00,141.74,45.99,8.349,2225.3,0.503,61.4,115
2024-01-07 17:10:00,130.73,47.44,8.503,2165.6,1.227,72.0,100
2024-01-07 17:11:00,143.41,45.76,7.667,2222.7,1.313,71.5,115
2024-01-07 17:12:00,155.9,35.03,8.623,2397.6,1.996,99.7,130
2024-01-07 17:13:00,153.54,47.11,8.02,2314.8,0.558,79.9,130
2024-01-07 17:14:00,,46.73,6.972,2367.2,1.202,70.0,130
2024-01-07 17:15:00,122.61,59.68,8.589,1952.5,0.614,16.1,90
2024-01-07 17:16:00,153.7,34.92,8.737,2274.6,0.503,97.5,130
2024-01-07 17:17:00,126.76,46.02,7.751,2188.7,1.282,75.0,90
2024-01-07 17:18:00,124.06,34.99,7.532,2147.7,0.587,95.4,90
2024-01-07 17:19:00,124.18,36.03,8.731,2096.7,1.2,98.3,90
2024-01-07 17:20:00,143.39,46.65,7.953,2199.7,1.502,63.8,115
2024-01-07 17:21:00,122.93,35.63,8.738,1995.1,1.688,98.4,90
2024-01-07 17:22:00,155.89,36.39,7.483,2267.6,1.839,95.5,130
2024-01-07 17:23:00,156.21,47.48,8.762,2361.0,2.242,76.2,130
2024-01-07 17:24:00,155.57,45.98,8.629,2151.4,1.273,68.5,130
2024-01-07 17:25:00,123.46,35.86,8.416,2213.6,0.753,97.4,90
2024-01-07 17:26:00,154.5,36.34,7.398,2409.1,0.767,98.8,130
2024-01-07 17:27:00,148.99,46.53,8.055,2327.3,1.295,64.9,115
2024-01-07 17:28:00,151.45,45.73,8.603,2359.2,2.267,72.3,130
2024-01-07 17:29:00,159.71,35.15,7.525,2318.6,1.545,98.2,130
2024-01-07 17:30:00,155.25,35.65,7.991,2340.2,1.242,99.5,130
2024-01-07 17:31:00,124.55,35.97,8.359,2040.7,0.504,97.9,90
2024-01-07 17:32:00,147.38,46.58,7.736,2399.4,0.655,62.4,115
2024-01-07 17:33:00,119.83,33.87,8.72,2058.9,0.718,95.3,90
2024-01-07 17:34:00,138.45,45.98,8.641,2111.9,1.371,67.2,100
2024-01-07 17:35:00,129.64,47.29,8.297,2048.8,0.681,68.5,90
2024-01-07 17:36:00,147.72,37.09,8.374,2172.1,0.6,96.9,115
2024-01-07 17:37:00,139.74,35.48,7.984,2294.7,0.711,95.2,115
2024-01-07 17:38:00,146.91,48.05,8.436,2188.5,2.109,63.6,115
2024-01-07 17:39:00,149.11,46.15,7.961,2219.9,1.233,78.8,115
2024-01-07 17:40:00,138.86,34.98,8.121,2256.9,0.618,96.6,100
2024-01-07 17:41:00,141.48,45.13,8.003,2315.7,2.673,66.8,115
2024-01-07 17:42:00,137.54,35.8,8.774,2068.1,0.707,95.6,100
2024-01-07 17:43:00,139.49,34.79,8.683,2244.5,0.588,98.6,100
2024-01-07 17:44:00,155.07,60.48,7.799,2196.7,0.622,23.6,130
2024-01-07 17:45:00,131.37,35.1,8.735,2029.9,0.874,96.3,100
2024-01-07 17:46:00,157.07,37.12,7.881,2283.9,0.656,96.8,130
2024-01-07 17:47:00,147.63,36.93,8.941,2253.4,1.21,95.8,115
2024-01-07 17:48:00,134.65,33.66,8.828,2132.0,1.308,95.9,100
2024-01-07 17:49:00,122.02,35.97,9.077,2105.1,1.298,98.5,90
2024-01-07 17:50:00,157.45,59.41,8.317,2279.9,1.66,33.0,130
2024-01-07 17:51:00,153.08,47.52,8.088,2145.3,1.273,79.3,130
2024-01-07 17:52:00,155.99,34.43,8.079,2294.7,0.513,98.8,130
2024-01-07 17:53:00,158.9,48.15,8.35,2188.4,1.288,63.3,130
2024-01-07 17:54:00,130.85,60.82,7.794,2150.3,1.209,38.8,100
2024-01-07 17:55:00,137.27,34.37,7.236,2049.8,2.457,98.6,100
2024-01-07 17:56:00,134.48,35.35,8.04,2191.4,0.678,98.0,100
2024-01-07 17:57:00,124.55,60.13,8.216,2178.4,0.627,12.5,90
2024-01-07 17:58:00,156.29,36.08,8.422,2171.7,1.289,99.6,130
2024-01-07 17:59:00,153.07,35.49,8.359,2146.6,1.308,99.4,130
2024-01-07 18:00:00,152.06,47.63,8.256,2286.0,0.81,68.6,130
2024-01-07 18:01:00,120.54,35.44,8.668,2160.3,1.24,99.4,90
2024-01-07 18:02:00,138.08,47.49,7.851,2162.5,0.515,69.1,100
2024-01-07 18:03:00,134.07,45.91,7.931,2115.9,2.265,64.4,100
2024-01-07 18:04:00,156.42,46.98,9.044,2223.9,0.892,64.6,130
2024-01-07 18:05:00,153.79,47.92,6.926,2367.9,0.665,62.6,130
2024-01-07 18:06:00,122.1,48.13,8.648,2193.0,0.818,71.1,90
2024-01-07 18:07:00,156.63,35.64,8.425,2160.4,0.947,95.4,130
2024-01-07 18:08:00,135.82,35.42,8.199,2173.5,0.516,99.4,100
2024-01-07 18:09:00,154.41,36.59,8.558,2513.6,1.378,99.2,130
2024-01-07 18:10:00,155.75,35.42,8.487,2261.5,2.458,95.4,130
2024-01-07 18:11:00,132.6,47.92,7.616,2134.7,0.706,66.1,100
2024-01-07 18:12:00,157.65,59.91,7.81,2307.2,1.379,28.5,130
2024-01-07 18:13:00,138.23,35.53,8.008,2117.3,0.81,99.3,100
2024-01-07 18:14:00,136.9,59.12,7.351,2237.8,0.746,22.7,100
2024-01-07 18:15:00,144.07,46.0,8.197,2374.1,0.639,70.1,115
2024-01-07 18:16:00,135.15,36.28,8.455,2013.6,0.509,95.9,100
2024-01-07 18:17:00,148.92,48.38,8.666,2155.2,1.39,62.0,115
2024-01-07 18:18:00,158.2,35.58,8.231,2409.7,0.548,96.1,130
2024-01-07 18:19:00,139.98,46.87,7.9,2198.0,2.159,60.8,100
2024-01-07 18:20:00,143.05,,8.29,2264.9,1.428,26.1,115
2024-01-07 18:21:00,152.82,47.27,8.169,2365.7,1.321,65.4,130
2024-01-07 18:22:00,125.34,33.58,8.514,2077.7,2.352,97.0,90
2024-01-07 18:23:00,146.02,47.79,8.182,2268.5,2.2,69.2,115
2024-01-07 18:24:00,124.64,45.93,8.556,2044.0,1.608,69.5,90
2024-01-07 18:25:00,124.03,35.49,8.095,2051.8,0.611,99.5,90
2024-01-07 18:26:00,148.17,35.15,8.716,2222.4,0.636,98.4,115
2024-01-07 18:27:00,144.77,46.49,8.271,2197.4,1.227,65.0,115
2024-01-07 18:28:00,141.96,47.04,7.961,2267.5,1.34,68.2,115
2024-01-07 18:29:00,142.25,47.71,8.067,2253.8,2.155,76.5,115
2024-01-07 18:30:00,125.62,,8.491,1920.7,0.788,99.4,90
2024-01-07 18:31:00,142.51,36.63,7.692,2133.7,0.75,99.7,100
2024-01-07 18:32:00,152.56,48.23,8.148,2311.7,0.503,75.7,130
2024-01-07 18:33:00,144.21,36.72,8.628,2352.4,2.236,97.7,115
2024-01-07 18:34:00,131.01,46.96,8.407,2047.1,0.509,75.7,90
2024-01-07 18:35:00,143.79,59.62,7.74,2237.7,0.668,20.6,115
2024-01-07 18:36:00,136.14,59.97,8.324,2143.9,0.964,25.3,100
2024-01-07 18:37:00,139.69,47.9,7.663,2255.8,0.904,72.6,100
2024-01-07 18:38:00,152.62,47.85,8.275,2214.4,0.556,64.5,130
2024-01-07 18:39:00,154.23,57.92,8.752,2247.2,1.23,33.5,130
2024-01-07 18:40:00,133.79,35.74,8.229,2081.8,0.813,96.2,100
2024-01-07 18:41:00,141.21,45.11,7.747,2231.1,1.358,71.7,115
2024-01-07 18:42:00,148.92,46.98,8.124,2110.5,2.21,67.0,115
2024-01-07 18:43:00,133.54,46.58,8.278,2267.2,2.433,72.6,100
2024-01-07 18:44:00,132.81,59.33,8.637,2183.2,1.258,39.8,100
2024-01-07 18:45:00,153.89,47.68,8.633,2356.8,1.251,76.1,130
2024-01-07 18:46:00,157.32,46.48,7.764,2478.2,0.689,68.0,130
2024-01-07 18:47:00,155.28,46.99,8.07,2282.5,2.164,74.5,130
2024-01-07 18:48:00,143.02,46.25,8.357,2298.5,0.611,77.1,115
2024-01-07 18:49:00,156.02,47.06,7.958,2356.6,0.621,64.8,130
2024-01-07 18:50:00,147.03,60.77,8.399,2353.2,0.546,19.6,115
2024-01-07 18:51:00,154.94,34.8,7.661,2365.3,0.513,97.8,130
2024-01-07 18:52:00,144.41,36.01,8.305,2189.3,0.791,98.6,115
2024-01-07 18:53:00,157.54,60.05,8.611,2343.9,1.506,12.7,130
2024-01-07 18:54:00,144.55,47.04,8.222,2178.3,1.382,79.0,115
2024-01-07 18:55:00,149.02,59.72,8.27,2192.6,1.232,31.6,115
2024-01-07 18:56:00,153.11,36.12,8.538,2308.9,0.629,99.4,130
2024-01-07 18:57:00,123.05,47.54,8.022,2055.1,2.139,61.1,90
2024-01-07 18:58:00,152.74,46.89,8.449,2238.5,0.926,74.3,130
2024-01-07 18:59:00,134.4,47.16,8.188,1968.4,0.739,69.8,100
2024-01-07 19:00:00,125.01,36.09,7.837,2093.7,1.206,98.3,90
2024-01-07 19:01:00,141.69,47.43,8.561,2259.4,2.1,72.1,115
2024-01-07 19:02:00,125.24,35.25,8.76,2099.1,1.324,95.1,90
2024-01-07 19:03:00,156.41,47.93,8.663,2462.5,1.208,63.0,130
2024-01-07 19:04:00,141.34,36.19,8.561,2107.1,1.602,98.3,115
2024-01-07 19:05:00,143.7,37.19,8.404,2354.3,2.724,97.6,115
2024-01-07 19:06:00,156.42,45.74,8.345,2509.4,0.574,69.4,130
2024-01-07 19:07:00,142.28,36.06,8.162,2371.1,0.655,97.6,115
2024-01-07 19:08:00,154.21,47.92,7.935,2282.1,0.708,71.3,130
2024-01-07 19:09:00,137.72,36.3,7.374,2186.2,0.647,99.5,100
2024-01-07 19:10:00,129.49,35.3,7.573,2008.3,0.548,98.5,90
2024-01-07 19:11:00,156.1,45.91,8.206,2255.9,2.274,69.6,130
2024-01-07 19:12:00,154.58,36.73,7.689,2447.9,0.56,98.8,130
2024-01-07 19:13:00,143.75,46.61,8.366,2285.9,2.136,67.0,115
2024-01-07 19:14:00,147.28,46.76,8.899,2290.8,0.641,74.9,115
2024-01-07 19:15:00,137.83,48.65,6.91,2060.2,2.193,64.8,100
2024-01-07 19:16:00,142.11,34.48,7.811,2112.1,1.206,97.3,115
2024-01-07 19:17:00,157.28,47.66,9.074,2394.4,1.098,67.0,130
2024-01-07 19:18:00,133.48,59.4,8.534,2183.7,1.208,31.5,100
2024-01-07 19:19:00,122.85,34.88,8.155,2046.1,0.967,98.7,90
2024-01-07 19:20:00,144.62,60.13,7.987,2368.9,0.542,15.8,115
2024-01-07 19:21:00,147.48,60.54,8.434,2277.5,0.531,21.6,115
2024-01-07 19:22:00,155.77,47.76,8.592,2242.0,0.514,65.8,130
2024-01-07 19:23:00,155.71,47.87,7.692,2155.0,1.311,71.9,130
2024-01-07 19:24:00,155.88,46.43,8.797,2357.9,1.377,70.4,130
2024-01-07 19:25:00,146.17,59.09,8.359,2192.4,0.968,14.1,115
2024-01-07 19:26:00,124.71,35.23,8.575,2058.9,2.406,97.4,90
2024-01-07 19:27:00,146.58,35.78,8.61,2212.3,2.135,97.4,115
2024-01-07 19:28:00,153.35,46.84,8.325,2424.5,0.537,65.0,130
2024-01-07 19:29:00,156.63,44.09,8.378,2377.4,0.502,63.8,130
2024-01-07 19:30:00,157.14,45.54,8.407,2302.3,0.733,61.7,130
2024-01-07 19:31:00,146.75,35.31,8.057,2220.1,1.204,97.5,115
2024-01-07 19:32:00,146.88,60.68,8.459,2253.0,0.53,27.2,115
2024-01-07 19:33:00,156.16,46.28,8.096,2415.4,0.701,63.0,130
2024-01-07 19:34:00,147.93,36.09,8.2,2236.6,1.233,96.4,115
2024-01-07 19:35:00,149.32,,8.826,2264.0,1.233,79.7,130
2024-01-07 19:36:00,157.13,47.2,8.186,2213.6,0.553,71.2,130
2024-01-07 19:37:00,159.94,35.71,8.365,2303.1,2.197,95.2,130
2024-01-07 19:38:00,153.45,35.87,8.13,2214.1,1.202,97.2,130
2024-01-07 19:39:00,153.17,46.19,8.054,2337.3,0.774,78.0,130
2024-01-07 19:40:00,158.22,34.26,8.971,2346.2,1.497,100.0,130
2024-01-07 19:41:00,132.68,60.58,7.614,2245.3,0.591,22.7,100
2024-01-07 19:42:00,133.33,34.28,8.221,2133.2,0.82,96.6,100
2024-01-07 19:43:00,145.42,46.38,7.719,2312.6,0.567,69.1,115
2024-01-07 19:44:00,123.0,36.61,8.702,2198.9,1.349,96.0,90
2024-01-07 19:45:00,157.19,35.64,8.175,2315.9,0.601,97.2,130
2024-01-07 19:46:00,123.02,35.8,8.012,2248.8,0.721,99.4,90
2024-01-07 19:47:00,155.9,36.0,7.466,2425.0,1.278,95.7,130
2024-01-07 19:48:00,145.71,47.47,8.831,2191.6,1.32,60.7,115
2024-01-07 19:49:00,149.16,46.98,7.669,2465.6,0.707,70.5,115
2024-01-07 19:50:00,157.91,46.28,8.395,2304.6,0.585,75.6,130
2024-01-07 19:51:00,123.68,37.65,8.573,2182.0,1.414,98.7,90
2024-01-07 19:52:00,151.84,35.27,9.07,2360.3,0.532,98.3,130
2024-01-07 19:53:00,157.09,47.26,7.979,2334.3,0.632,60.8,130
2024-01-07 19:54:00,153.37,35.85,7.858,2414.7,0.564,98.2,130
2024-01-07 19:55:00,154.16,35.07,8.029,2322.1,2.605,99.2,130
2024-01-07 19:56:00,152.35,35.16,7.965,2303.9,2.448,98.0,130
2024-01-07 19:57:00,156.7,36.69,7.447,2306.3,1.334,97.8,130
2024-01-07 19:58:00,,46.41,8.854,2218.5,0.621,68.8,130
2024-01-07 19:59:00,124.91,60.33,8.033,2155.3,1.559,32.7,90
2024-01-07 20:00:00,154.95,60.72,8.136,2257.2,0.735,12.4,130
2024-01-07 20:01:00,155.46,46.83,8.451,2326.8,0.73,65.7,130
2024-01-07 20:02:00,146.65,35.42,8.754,2231.6,1.359,99.6,115
2024-01-07 20:03:00,124.39,36.27,7.736,2118.6,1.597,98.1,90
2024-01-07 20:04:00,153.15,35.39,8.343,2309.0,0.542,99.4,130
2024-01-07 20:05:00,150.35,33.84,7.714,2288.5,0.896,98.7,130
2024-01-07 20:06:00,125.26,61.2,8.333,2103.2,1.347,32.4,90
2024-01-07 20:07:00,154.61,46.22,8.317,2336.3,2.294,78.9,130
2024-01-07 20:08:00,143.22,60.17,8.011,2145.1,1.856,37.9,115
2024-01-07 20:09:00,155.16,45.95,8.293,2301.2,0.611,65.3,130
2024-01-07 20:10:00,127.14,46.59,8.301,2171.6,2.321,76.0,90
2024-01-07 20:11:00,127.78,59.65,8.167,2266.6,1.348,17.7,90
2024-01-07 20:12:00,131.16,47.14,8.118,2013.4,1.736,60.0,100
2024-01-07 20:13:00,154.1,59.3,7.654,2376.2,0.634,38.2,130
2024-01-07 20:14:00,147.4,37.09,7.764,2238.5,0.559,97.8,115
2024-01-07 20:15:00,158.99,47.02,7.954,2262.6,0.632,76.9,130
2024-01-07 20:16:00,601.93,47.7,7.797,2035.8,0.997,62.2,90
2024-01-07 20:17:00,128.45,46.99,7.971,1994.8,0.639,72.4,90
2024-01-07 20:18:00,141.62,36.3,8.17,2121.0,1.232,96.4,115
2024-01-07 20:19:00,137.87,45.32,8.235,2180.8,0.656,78.5,100
2024-01-07 20:20:00,154.3,46.44,8.425,2452.7,2.198,69.5,130
2024-01-07 20:21:00,148.91,35.08,8.263,2258.2,0.71,99.5,115
2024-01-07 20:22:00,143.84,46.58,8.248,2243.7,0.555,77.8,115
2024-01-07 20:23:00,154.23,35.91,8.415,2260.1,1.278,96.4,130
2024-01-07 20:24:00,154.67,47.47,7.833,2235.6,0.645,73.4,130
2024-01-07 20:25:00,151.16,46.94,7.867,2311.7,0.525,74.4,130
2024-01-07 20:26:00,130.59,59.96,8.051,2067.7,0.547,24.1,100
2024-01-07 20:27:00,126.28,37.45,7.921,2159.8,2.423,96.1,90
2024-01-07 20:28:00,127.47,47.26,7.499,2023.8,2.66,65.1,90
2024-01-07 20:29:00,136.52,58.22,8.43,2082.5,1.898,38.8,100
2024-01-07 20:30:00,141.87,47.62,7.801,2410.1,1.754,62.9,115
2024-01-07 20:31:00,156.2,47.45,8.925,2413.9,1.07,68.3,130
2024-01-07 20:32:00,122.52,60.93,8.266,1974.4,2.444,12.2,90
2024-01-07 20:33:00,146.02,35.98,7.599,2159.4,2.366,99.4,115
2024-01-07 20:34:00,137.83,34.78,8.467,2134.4,1.253,95.8,100
2024-01-07 20:35:00,135.92,47.71,8.213,2137.1,1.317,63.8,100
2024-01-07 20:36:00,138.67,47.08,8.316,2113.3,1.301,77.4,100
2024-01-07 20:37:00,154.63,36.34,8.001,2416.9,0.762,97.5,130
2024-01-07 20:38:00,154.46,48.24,7.828,2326.8,2.229,62.0,130
2024-01-07 20:39:00,135.17,46.9,7.615,2147.0,1.289,74.7,100
2024-01-07 20:40:00,121.64,47.7,7.687,2021.4,1.536,69.1,90
2024-01-07 20:41:00,133.99,36.33,7.653,2065.9,1.477,96.2,100
2024-01-07 20:42:00,144.21,35.63,8.057,2180.0,2.192,99.4,115
2024-01-07 20:43:00,154.29,37.07,8.179,2239.9,1.309,95.9,130
2024-01-07 20:44:00,135.67,60.84,7.581,2049.3,0.947,18.7,100
2024-01-07 20:45:00,131.3,46.53,8.561,2236.2,0.764,79.6,100
2024-01-07 20:46:00,142.14,35.71,8.257,2304.4,2.334,98.5,115
2024-01-07 20:47:00,157.83,60.69,9.171,2280.0,1.449,31.4,130
2024-01-07 20:48:00,119.98,37.04,8.038,2175.4,2.122,99.9,90
2024-01-07 20:49:00,146.54,36.0,9.093,2277.2,2.266,96.2,115
2024-01-07 20:50:00,134.07,60.23,8.498,2063.6,1.269,32.2,100
2024-01-07 20:51:00,155.4,36.51,7.416,2193.4,0.518,97.0,130
2024-01-07 20:52:00,158.9,46.82,7.724,2334.5,0.763,71.5,130
2024-01-07 20:53:00,124.67,34.71,8.327,2108.1,1.273,95.6,90
2024-01-07 20:54:00,156.56,47.56,7.501,2206.6,0.574,68.4,130
2024-01-07 20:55:00,145.15,46.7,7.841,2187.9,1.404,63.9,115
2024-01-07 20:56:00,144.73,37.67,7.563,2298.3,1.419,98.0,115
2024-01-07 20:57:00,134.42,35.7,9.055,2275.7,0.629,96.2,100
2024-01-07 20:58:00,156.75,60.57,8.639,2316.8,1.363,11.3,130
2024-01-07 20:59:00,153.17,35.0,8.064,2314.5,0.878,98.7,130
2024-01-07 21:00:00,122.17,48.01,8.805,2033.9,0.523,67.3,90
2024-01-07 21:01:00,145.19,46.98,8.703,2349.0,0.514,64.4,115
2024-01-07 21:02:00,155.48,46.9,8.724,2354.5,2.314,60.8,130
2024-01-07 21:03:00,150.44,46.92,7.976,2242.7,0.685,68.0,130
2024-01-07 21:04:00,124.97,45.97,8.076,2132.6,0.541,75.4,90
2024-01-07 21:05:00,151.93,59.8,7.761,2253.9,0.648,36.3,130
2024-01-07 21:06:00,146.57,60.44,8.155,2153.9,0.774,16.2,115
2024-01-07 21:07:00,140.49,58.76,7.875,2194.2,1.463,14.5,115
2024-01-07 21:08:00,129.81,47.82,7.77,2001.2,0.681,63.5,90
2024-01-07 21:09:00,134.15,35.29,8.653,2077.6,2.128,95.8,100
2024-01-07 21:10:00,142.84,60.2,8.469,2118.1,0.572,32.2,115
2024-01-07 21:11:00,154.29,33.71,7.847,2254.1,1.304,100.0,130
2024-01-07 21:12:00,126.39,35.68,8.578,2027.4,0.81,95.1,90
2024-01-07 21:13:00,147.23,34.67,8.324,2121.9,2.257,98.0,115
2024-01-07 21:14:00,124.31,35.22,8.074,2113.2,0.764,95.1,90
2024-01-07 21:15:00,141.4,34.25,8.836,2088.7,2.614,97.8,115
2024-01-07 21:16:00,131.97,,8.322,2119.5,1.396,22.4,100
2024-01-07 21:17:00,155.72,46.87,8.911,2362.9,1.254,66.0,130
2024-01-07 21:18:00,137.47,35.28,8.426,2240.6,2.13,96.5,100
2024-01-07 21:19:00,157.79,36.21,8.461,2264.0,0.5,96.7,130
2024-01-07 21:20:00,155.42,34.01,7.77,2391.1,1.239,96.3,130
2024-01-07 21:21:00,157.42,59.96,7.977,2280.6,0.563,36.0,130
2024-01-07 21:22:00,159.78,35.42,8.783,2490.4,1.263,97.5,130
2024-01-07 21:23:00,157.98,46.63,8.665,2193.2,2.32,63.6,130
2024-01-07 21:24:00,157.31,46.27,8.057,2229.4,2.133,78.3,130
2024-01-07 21:25:00,122.98,47.88,7.659,2082.9,0.614,66.6,90
2024-01-07 21:26:00,157.41,37.14,8.864,2209.1,0.501,95.4,130
2024-01-07 21:27:00,136.15,34.13,8.627,2093.4,0.561,97.1,100
2024-01-07 21:28:00,156.63,46.26,7.742,2346.2,0.508,60.8,130
2024-01-07 21:29:00,148.15,34.7,7.742,2245.3,0.747,96.6,115
2024-01-07 21:30:00,145.9,46.77,8.933,2227.2,0.587,70.6,115
2024-01-07 21:31:00,124.74,61.0,7.997,2068.0,2.231,31.5,90
2024-01-07 21:32:00,132.33,60.42,8.004,1953.1,1.487,39.7,100
2024-01-07 21:33:00,144.26,59.88,7.928,2241.9,1.597,11.0,115
2024-01-07 21:34:00,135.53,47.01,8.342,2099.1,0.645,77.1,100
2024-01-07 21:35:00,155.69,46.74,7.64,2280.4,1.41,69.8,130
2024-01-07 21:36:00,145.61,36.09,8.295,2102.8,2.366,99.6,115
2024-01-07 21:37:00,157.4,36.19,7.637,2363.9,1.267,98.4,130
2024-01-07 21:38:00,157.16,60.47,7.64,2354.1,0.746,22.8,130
2024-01-07 21:39:00,154.84,45.24,7.654,2216.8,0.712,65.0,130
2024-01-07 21:40:00,132.88,47.01,7.669,2164.4,2.217,62.1,100
2024-01-07 21:41:00,145.96,46.85,8.489,2361.7,0.583,71.7,115
2024-01-07 21:42:00,140.62,60.79,8.489,2161.2,1.927,18.2,100
2024-01-07 21:43:00,145.8,60.19,8.135,2068.9,1.358,34.7,115
2024-01-07 21:44:00,154.26,35.95,7.947,2264.4,0.738,97.7,130
2024-01-07 21:45:00,136.34,35.1,8.753,2160.2,2.197,99.7,100
2024-01-07 21:46:00,136.49,47.75,8.478,2319.3,0.778,77.6,100
2024-01-07 21:47:00,126.46,47.99,7.729,1973.3,0.727,76.9,90
2024-01-07 21:48:00,148.43,45.7,8.34,2218.2,0.657,63.5,115
2024-01-07 21:49:00,135.97,34.46,8.32,2064.6,2.128,96.8,100
2024-01-07 21:50:00,138.31,47.61,8.487,2220.3,1.086,74.0,100
2024-01-07 21:51:00,155.58,59.86,9.3,2280.7,2.153,38.7,130
2024-01-07 21:52:00,158.78,36.32,7.873,2091.5,0.6,98.3,130
2024-01-07 21:53:00,158.02,47.19,8.422,2278.5,2.184,72.7,130
2024-01-07 21:54:00,157.3,47.55,8.798,2301.0,2.133,77.2,130
2024-01-07 21:55:00,146.97,46.4,8.887,2261.0,0.505,63.2,115
2024-01-07 21:56:00,130.75,47.27,8.272,2084.5,1.031,77.7,90
2024-01-07 21:57:00,147.69,47.27,7.677,2282.6,0.769,66.5,115
2024-01-07 21:58:00,132.88,46.45,7.482,2140.1,1.204,77.8,100
2024-01-07 21:59:00,135.61,47.8,8.531,2156.8,0.733,64.1,100
2024-01-07 22:00:00,154.34,58.48,8.337,2311.0,0.528,13.5,130
2024-01-07 22:01:00,160.16,35.67,8.251,2276.8,0.757,96.6,130
2024-01-07 22:02:00,148.13,58.96,8.313,2275.5,0.641,27.2,115
2024-01-07 22:03:00,140.08,59.18,8.591,2217.7,1.262,35.0,100
2024-01-07 22:04:00,123.1,36.29,8.419,2066.5,2.213,99.1,90
2024-01-07 22:05:00,157.75,34.62,8.355,2270.7,2.376,96.1,130
2024-01-07 22:06:00,121.59,34.59,7.963,1983.4,0.508,98.6,90
2024-01-07 22:07:00,151.02,47.46,8.616,2338.4,1.748,70.1,130
2024-01-07 22:08:00,134.01,46.11,7.969,2069.7,1.365,64.3,100
2024-01-07 22:09:00,148.78,36.31,8.587,2242.8,1.275,95.7,115
2024-01-07 22:10:00,152.52,36.02,8.043,2320.5,1.227,96.3,130
2024-01-07 22:11:00,154.96,46.38,8.436,2395.4,1.405,68.6,130
2024-01-07 22:12:00,157.97,36.28,8.905,2421.0,1.474,96.3,130
2024-01-07 22:13:00,157.12,,8.464,2067.0,1.218,35.5,130
2024-01-07 22:14:00,140.54,35.88,8.767,2133.9,0.536,97.0,100
2024-01-07 22:15:00,155.01,34.5,8.051,2141.9,0.597,96.1,130
2024-01-07 22:16:00,143.9,35.08,8.238,2322.9,0.882,98.1,115
2024-01-07 22:17:00,152.26,35.13,8.058,2308.1,2.014,95.4,130
2024-01-07 22:18:00,134.08,36.53,7.536,2242.1,0.773,98.1,100
2024-01-07 22:19:00,132.24,46.6,8.627,2170.7,1.201,68.0,100
2024-01-07 22:20:00,130.51,46.94,8.428,2042.0,0.968,64.4,100
2024-01-07 22:21:00,149.91,59.65,8.399,2152.6,2.105,20.8,115
2024-01-07 22:22:00,155.12,46.21,8.693,2299.3,0.955,65.1,130
2024-01-07 22:23:00,141.48,34.68,7.746,2195.6,1.306,97.6,100
2024-01-07 22:24:00,152.9,47.25,7.65,2314.5,1.471,70.6,130
2024-01-07 22:25:00,153.93,46.98,8.697,2324.2,0.518,76.1,130
2024-01-07 22:26:00,153.06,36.11,8.172,2281.4,0.536,95.3,130
2024-01-07 22:27:00,133.4,35.31,8.286,2240.4,2.22,96.3,100
2024-01-07 22:28:00,137.18,59.83,7.613,2161.7,0.508,20.4,100
2024-01-07 22:29:00,136.42,47.61,8.789,2153.9,2.199,68.4,100
2024-01-07 22:30:00,147.19,59.7,8.469,2253.6,2.379,35.4,115
2024-01-07 22:31:00,158.36,34.35,7.97,2276.8,1.413,98.2,130
2024-01-07 22:32:00,127.77,60.68,9.034,2042.0,1.287,14.6,90
2024-01-07 22:33:00,142.48,34.96,7.655,2268.5,1.202,99.1,115
2024-01-07 22:34:00,143.69,47.05,8.068,2292.1,1.263,76.2,115
2024-01-07 22:35:00,145.3,46.5,8.595,2300.5,2.399,68.3,115
2024-01-07 22:36:00,164.32,34.72,8.661,2294.4,0.583,97.9,130
2024-01-07 22:37:00,156.93,58.48,7.603,2319.9,0.595,10.4,130
2024-01-07 22:38:00,145.27,47.27,8.087,2181.5,0.515,67.3,115
2024-01-07 22:39:00,156.68,57.28,8.498,2372.9,1.384,22.9,130
2024-01-07 22:40:00,153.49,48.04,8.789,2234.4,0.695,73.4,130
2024-01-07 22:41:00,125.66,47.83,8.756,2087.8,2.213,62.6,90
2024-01-07 22:42:00,147.39,46.27,8.48,,0.786,69.4,115
2024-01-07 22:43:00,144.93,61.27,8.236,2240.1,2.519,38.6,115
2024-01-07 22:44:00,133.11,48.65,8.128,2174.0,0.778,64.6,100
2024-01-07 22:45:00,124.81,35.28,8.399,2048.2,0.657,96.0,90
2024-01-07 22:46:00,154.2,35.83,8.774,2161.7,1.049,96.4,130
2024-01-07 22:47:00,131.61,47.11,8.114,2096.1,0.596,67.1,100
2024-01-07 22:48:00,143.57,36.71,8.091,2233.5,0.713,97.5,115
2024-01-07 22:49:00,151.52,45.89,8.658,2254.9,2.271,74.4,130
2024-01-07 22:50:00,151.91,46.82,8.625,2348.8,0.868,66.3,130
2024-01-07 22:51:00,142.15,60.74,8.0,2112.9,1.338,35.2,115
2024-01-07 22:52:00,137.38,47.65,7.672,1995.0,0.661,77.6,100
2024-01-07 22:53:00,158.72,46.97,7.515,2365.6,0.621,71.8,130
2024-01-07 22:54:00,141.16,48.11,8.252,2205.1,1.23,60.7,115
2024-01-07 22:55:00,138.95,47.19,7.758,2177.7,0.935,68.6,100
2024-01-07 22:56:00,142.18,35.59,8.559,2188.3,2.496,99.6,115
2024-01-07 22:57:00,126.87,47.56,7.513,2115.2,1.442,75.5,90
2024-01-07 22:58:00,125.65,35.45,8.845,2178.6,0.585,99.9,90
2024-01-07 22:59:00,146.59,35.54,8.065,2344.3,1.288,97.6,115
2024-01-07 23:00:00,122.09,46.37,7.881,2018.2,0.507,61.6,90
2024-01-07 23:01:00,150.47,49.35,7.984,2276.2,1.216,62.5,130
2024-01-07 23:02:00,152.99,46.62,7.854,2323.6,2.244,107.2,130
2024-01-07 23:03:00,156.07,60.58,8.806,2459.7,2.11,19.5,130
2024-01-07 23:04:00,149.89,48.53,8.469,2137.8,0.521,67.7,115
2024-01-07 23:05:00,142.43,34.43,8.239,2138.3,0.558,96.8,115
2024-01-07 23:06:00,144.75,60.49,7.719,2299.5,1.294,38.8,115
2024-01-07 23:07:00,153.13,47.02,8.178,2256.7,2.234,69.4,130
2024-01-07 23:08:00,154.96,36.94,7.892,2362.7,2.178,99.5,130
2024-01-07 23:09:00,120.17,34.77,7.148,2023.2,1.065,98.1,90
2024-01-07 23:10:00,128.75,46.4,7.923,2098.2,1.803,75.1,90
2024-01-07 23:11:00,135.06,35.46,8.442,2109.2,2.112,97.5,100
2024-01-07 23:12:00,137.29,46.61,8.03,2069.6,1.346,71.1,100
2024-01-07 23:13:00,144.42,59.63,8.142,2241.7,2.138,14.9,115
2024-01-07 23:14:00,155.48,48.62,8.616,2213.0,0.581,71.1,130
2024-01-07 23:15:00,147.82,-14.71,8.545,2266.5,0.863,95.6,115
2024-01-07 23:16:00,135.33,34.87,8.984,2131.3,0.733,96.6,100
2024-01-07 23:17:00,145.42,59.69,7.323,2121.1,1.212,30.4,115
2024-01-07 23:18:00,153.02,47.32,7.863,,2.398,73.9,130
2024-01-07 23:19:00,123.66,47.27,8.563,,1.418,61.9,90
2024-01-07 23:20:00,132.47,46.54,8.373,1961.8,1.101,66.4,100
2024-01-07 23:21:00,153.15,58.7,8.24,2305.9,0.982,27.4,130
2024-01-07 23:22:00,148.13,46.96,7.958,2230.8,1.94,62.0,115
2024-01-07 23:23:00,129.52,35.44,8.291,2077.4,1.321,95.0,90
2024-01-07 23:24:00,151.88,46.48,8.268,2164.5,1.445,76.3,130
2024-01-07 23:25:00,145.99,48.02,7.459,2258.3,1.154,75.8,115
2024-01-07 23:26:00,144.21,47.46,8.285,2271.0,1.2,63.5,115
2024-01-07 23:27:00,148.49,47.11,7.993,2155.0,2.411,72.0,115
2024-01-07 23:28:00,135.34,46.71,8.536,2038.1,1.211,70.5,100
2024-01-07 23:29:00,154.98,36.89,8.338,2231.6,2.565,97.8,130
2024-01-07 23:30:00,153.14,34.58,8.982,2320.3,2.103,98.4,130
2024-01-07 23:31:00,151.17,46.6,8.2,2211.0,1.362,61.9,130
2024-01-07 23:32:00,156.9,46.64,7.763,2201.7,1.347,63.8,130
2024-01-07 23:33:00,145.88,35.74,7.205,2398.0,1.273,97.4,115
2024-01-07 23:34:00,135.94,47.53,7.825,2149.6,0.764,69.4,100
2024-01-07 23:35:00,153.5,45.93,8.351,2285.1,1.259,71.7,130
2024-01-07 23:36:00,144.64,46.45,8.453,2176.4,2.169,66.1,115
2024-01-07 23:37:00,136.98,35.86,7.958,2116.2,0.54,95.7,100
2024-01-07 23:38:00,157.46,46.47,8.028,2454.1,2.35,70.1,130
2024-01-07 23:39:00,142.05,35.18,8.228,2295.3,1.237,98.0,115
2024-01-07 23:40:00,133.42,35.64,8.352,2340.9,0.956,98.6,100
2024-01-07 23:41:00,141.53,46.22,8.608,2261.4,1.268,60.9,115
2024-01-07 23:42:00,155.5,35.72,7.965,2233.5,0.646,97.8,130
2024-01-07 23:43:00,147.21,35.99,7.903,2251.7,2.229,97.0,115
2024-01-07 23:44:00,124.3,47.03,9.01,2113.9,0.742,68.9,90
2024-01-07 23:45:00,143.34,61.14,8.913,2279.1,2.153,39.0,115
2024-01-07 23:46:00,154.16,60.58,7.988,2274.6,1.565,33.9,130
2024-01-07 23:47:00,150.77,46.97,8.657,2374.3,1.468,66.0,115
2024-01-07 23:48:00,157.98,46.74,9.082,2208.4,2.184,77.9,130
2024-01-07 23:49:00,146.83,48.4,8.727,2257.2,0.526,76.8,115
2024-01-07 23:50:00,155.8,46.47,7.895,2286.6,1.341,77.7,130
2024-01-07 23:51:00,154.97,35.28,8.242,2247.8,1.288,95.1,130
2024-01-07 23:52:00,142.73,46.67,7.499,2249.8,2.105,77.6,115
2024-01-07 23:53:00,152.35,47.32,7.814,2410.5,1.573,79.0,130
2024-01-07 23:54:00,143.58,48.8,8.194,2262.3,2.341,79.2,115
2024-01-07 23:55:00,152.62,47.2,8.288,2331.8,2.14,62.5,130
2024-01-07 23:56:00,153.48,46.74,7.923,2148.4,0.629,76.5,130
2024-01-07 23:57:00,134.75,47.15,7.099,2223.7,0.698,66.7,100
2024-01-07 23:58:00,124.94,58.95,8.277,2037.5,1.439,33.3,90
2024-01-07 23:59:00,153.45,35.35,8.491,2352.7,1.709,97.2,130
2024-01-08 00:00:00,146.24,36.86,8.506,2303.6,0.913,95.1,115
2024-01-08 00:01:00,154.53,47.53,8.118,2325.4,0.58,78.0,130
2024-01-08 00:02:00,145.54,36.48,8.146,2069.9,1.226,95.7,115
2024-01-08 00:03:00,143.14,36.31,8.299,2343.3,0.522,97.3,115
2024-01-08 00:04:00,156.73,59.43,8.364,2454.4,2.793,38.9,130
2024-01-08 00:05:00,133.66,37.03,8.163,2215.0,2.724,100.0,100
2024-01-08 00:06:00,159.02,34.08,7.271,2251.9,1.542,97.0,130
2024-01-08 00:07:00,154.44,47.27,8.759,2408.4,1.287,77.3,130
2024-01-08 00:08:00,784.97,45.35,8.014,2127.4,0.564,69.9,100
2024-01-08 00:09:00,136.48,58.63,7.71,2144.6,1.549,31.9,100
2024-01-08 00:10:00,147.03,60.75,8.043,2325.8,2.24,12.1,115
2024-01-08 00:11:00,147.3,34.95,8.245,2281.8,0.821,97.9,115
2024-01-08 00:12:00,149.44,48.0,7.956,2041.8,0.689,60.6,115
2024-01-08 00:13:00,146.65,33.76,7.984,2246.6,0.874,95.2,115
2024-01-08 00:14:00,154.83,35.43,8.07,2404.8,1.301,98.8,130
2024-01-08 00:15:00,143.68,34.53,8.345,2120.9,2.105,95.9,115
2024-01-08 00:16:00,144.67,35.24,7.88,2308.2,0.549,98.8,115
2024-01-08 00:17:00,138.71,61.24,8.335,2016.4,0.723,29.5,100
2024-01-08 00:18:00,131.53,48.43,7.648,2132.8,1.524,78.5,100
2024-01-08 00:19:00,152.95,35.91,9.002,2353.3,0.676,97.2,130
2024-01-08 00:20:00,144.45,58.72,8.629,2209.8,1.269,11.2,115
2024-01-08 00:21:00,152.92,59.03,8.09,2404.2,2.265,12.3,130
2024-01-08 00:22:00,143.98,35.63,8.334,2116.8,1.341,98.2,115
2024-01-08 00:23:00,149.52,34.86,7.733,2295.2,1.242,96.2,115
2024-01-08 00:24:00,124.25,,8.425,2074.2,2.388,60.7,90
2024-01-08 00:25:00,136.03,36.84,8.538,2081.8,2.162,95.7,100
2024-01-08 00:26:00,120.85,34.71,8.307,2105.1,0.857,95.9,90
2024-01-08 00:27:00,132.24,46.28,8.561,2144.4,0.548,69.9,100
2024-01-08 00:28:00,127.33,59.06,8.197,2188.4,2.24,12.0,90
2024-01-08 00:29:00,149.17,35.3,8.159,2276.7,0.738,97.1,115
2024-01-08 00:30:00,125.55,47.04,7.936,2103.0,3.196,71.5,90
2024-01-08 00:31:00,154.23,60.02,8.422,2256.2,0.563,23.9,130
2024-01-08 00:32:00,156.24,47.72,7.865,2321.7,2.302,78.0,130
2024-01-08 00:33:00,138.51,-5.22,8.366,2184.0,1.233,95.0,115
2024-01-08 00:34:00,125.57,46.95,8.321,2065.0,1.543,71.7,90
2024-01-08 00:35:00,142.38,47.03,8.738,2329.6,0.895,74.6,115
2024-01-08 00:36:00,156.99,47.07,8.433,2287.1,2.538,68.0,130
2024-01-08 00:37:00,139.52,35.45,7.497,2114.3,1.082,97.3,115
2024-01-08 00:38:00,143.43,46.46,7.935,2269.6,0.588,61.8,115
2024-01-08 00:39:00,154.9,34.54,7.924,2372.9,0.72,96.7,130
2024-01-08 00:40:00,133.1,35.61,7.907,2277.1,2.176,97.9,100
2024-01-08 00:41:00,124.06,59.6,8.587,2139.1,0.826,30.0,90
2024-01-08 00:42:00,127.26,35.92,7.319,2048.3,1.307,98.0,90
2024-01-08 00:43:00,154.94,35.56,8.77,2330.9,1.362,97.4,130
2024-01-08 00:44:00,152.67,35.51,8.599,2341.1,2.129,98.1,130
2024-01-08 00:45:00,157.35,47.79,8.274,2344.7,1.58,79.4,130
2024-01-08 00:46:00,155.63,34.38,8.34,2112.1,1.332,99.1,130
2024-01-08 00:47:00,155.73,36.92,8.23,2264.1,1.405,99.0,130
2024-01-08 00:48:00,132.77,33.75,8.263,2188.2,1.421,97.1,100
2024-01-08 00:49:00,148.63,48.16,8.651,2397.9,0.564,76.6,130
2024-01-08 00:50:00,122.73,35.66,8.111,2019.3,0.817,96.0,90
2024-01-08 00:51:00,122.48,46.58,8.44,2036.8,0.858,65.5,90
2024-01-08 00:52:00,153.47,58.82,7.851,2290.9,0.645,13.8,130
2024-01-08 00:53:00,122.9,46.52,8.413,2059.2,0.965,76.2,90
2024-01-08 00:54:00,135.28,35.37,8.091,2218.4,1.235,98.8,100
2024-01-08 00:55:00,147.2,47.16,8.371,2170.9,2.207,70.0,115
2024-01-08 00:56:00,157.69,48.16,7.854,2379.2,0.509,68.8,130
2024-01-08 00:57:00,147.09,35.56,8.38,2343.5,1.302,95.6,115
2024-01-08 00:58:00,152.76,47.26,8.181,2278.5,2.364,76.7,130
2024-01-08 00:59:00,145.15,35.78,8.826,2195.6,0.624,97.7,115
2024-01-08 01:00:00,158.91,46.74,8.304,2322.6,1.309,62.7,130
2024-01-08 01:01:00,141.04,46.85,8.397,2183.1,2.333,78.3,115
2024-01-08 01:02:00,158.37,35.41,8.023,2303.0,0.51,95.5,130
2024-01-08 01:03:00,152.51,36.0,8.325,2192.4,1.287,96.3,130
2024-01-08 01:04:00,145.73,46.27,8.39,2298.5,0.652,75.6,115
2024-01-08 01:05:00,146.03,35.09,8.058,2363.0,0.632,97.7,115
2024-01-08 01:06:00,145.47,60.29,8.027,2176.1,1.406,31.5,115
2024-01-08 01:07:00,160.57,46.14,7.877,2178.3,2.13,61.7,130
2024-01-08 01:08:00,124.25,47.09,8.17,2143.7,1.303,77.6,90
2024-01-08 01:09:00,140.9,59.56,7.939,2196.5,0.701,19.6,115
2024-01-08 01:10:00,155.89,47.4,8.317,2256.6,2.172,65.8,130
2024-01-08 01:11:00,144.57,48.1,7.884,2220.2,0.69,76.2,115
2024-01-08 01:12:00,146.39,59.56,8.151,2132.3,1.836,24.8,115
2024-01-08 01:13:00,157.21,47.61,7.822,2348.6,1.033,79.1,130
2024-01-08 01:14:00,144.92,47.16,8.658,2128.8,2.359,74.4,115
2024-01-08 01:15:00,136.09,35.19,8.21,2055.3,1.239,96.8,100
2024-01-08 01:16:00,135.36,35.51,8.206,2054.2,2.407,97.7,100
2024-01-08 01:17:00,159.48,36.54,8.438,2323.1,0.618,97.5,130
2024-01-08 01:18:00,124.07,46.86,8.91,1924.9,1.806,67.9,90
2024-01-08 01:19:00,153.28,36.55,8.232,2477.1,1.389,99.2,130
2024-01-08 01:20:00,127.2,35.4,7.604,2040.0,1.249,99.7,90
2024-01-08 01:21:00,152.68,45.87,8.673,2140.7,1.275,74.9,130
2024-01-08 01:22:00,145.98,59.88,7.657,2145.1,0.577,25.5,115
2024-01-08 01:23:00,144.58,34.31,8.001,2277.9,0.565,98.8,115
2024-01-08 01:24:00,154.75,46.75,8.677,2417.9,0.796,75.4,130
2024-01-08 01:25:00,141.09,35.22,8.066,2163.1,2.182,97.0,100
2024-01-08 01:26:00,148.09,36.95,7.971,2236.9,2.144,98.4,115
2024-01-08 01:27:00,157.55,36.79,8.313,2187.6,0.681,96.0,130
2024-01-08 01:28:00,146.33,35.57,8.204,2349.1,2.225,99.8,115
2024-01-08 01:29:00,143.27,47.97,7.923,2274.5,0.504,72.4,115
2024-01-08 01:30:00,155.65,59.68,8.551,2335.7,0.565,17.8,130
2024-01-08 01:31:00,126.46,34.36,8.691,2071.4,0.508,99.4,90
2024-01-08 01:32:00,125.5,47.42,8.755,2112.5,2.391,62.0,90
2024-01-08 01:33:00,155.24,35.79,8.421,2246.0,1.803,96.7,130
2024-01-08 01:34:00,144.01,34.75,7.92,2305.1,0.639,97.7,115
2024-01-08 01:35:00,155.68,34.79,7.698,2374.3,1.363,100.0,130
2024-01-08 01:36:00,133.69,36.25,7.273,2142.1,0.873,97.3,100
2024-01-08 01:37:00,126.76,45.65,8.613,2048.2,0.504,65.6,90
2024-01-08 01:38:00,149.96,47.45,8.278,2137.3,0.535,64.6,130
2024-01-08 01:39:00,138.4,46.75,8.032,2011.4,0.712,68.2,100
2024-01-08 01:40:00,141.72,35.95,7.427,2273.7,2.371,97.5,115
2024-01-08 01:41:00,152.33,36.29,7.727,2382.4,1.397,99.1,130
2024-01-08 01:42:00,126.02,34.8,7.494,2155.6,1.06,95.2,90
2024-01-08 01:43:00,146.35,46.09,8.777,2122.2,0.6,64.4,115
2024-01-08 01:44:00,150.2,48.17,8.454,2413.5,0.662,61.4,115
2024-01-08 01:45:00,135.74,35.45,7.678,2230.0,1.127,96.8,100
2024-01-08 01:46:00,154.9,47.26,8.854,2264.1,1.66,61.4,130
2024-01-08 01:47:00,155.48,47.73,7.911,2323.1,0.506,76.8,130
2024-01-08 01:48:00,128.98,34.73,8.34,1934.2,1.287,98.9,90
2024-01-08 01:49:00,141.06,36.22,8.341,2100.6,0.769,96.2,100
2024-01-08 01:50:00,134.54,47.51,8.162,2193.1,0.5,68.2,100
2024-01-08 01:51:00,156.36,36.68,8.079,2315.0,2.498,98.6,130
2024-01-08 01:52:00,144.81,61.16,8.214,2369.5,0.639,17.6,115
2024-01-08 01:53:00,124.76,35.55,8.088,1951.6,0.518,95.5,90
2024-01-08 01:54:00,159.7,60.6,8.3,2300.6,0.617,13.0,130
2024-01-08 01:55:00,152.69,60.04,8.316,2219.1,0.636,17.7,130
2024-01-08 01:56:00,139.16,35.62,7.99,2352.8,0.591,95.3,115
2024-01-08 01:57:00,155.79,46.1,8.64,2331.2,0.621,68.6,130
2024-01-08 01:58:00,158.0,35.32,7.865,2310.7,2.544,96.5,130
2024-01-08 01:59:00,125.55,34.06,8.356,2059.3,1.278,98.6,90
2024-01-08 02:00:00,126.26,35.39,8.064,1999.8,1.848,97.0,90
2024-01-08 02:01:00,146.88,36.56,7.852,2325.9,0.732,100.0,115
2024-01-08 02:02:00,135.28,47.62,8.089,2163.6,1.653,64.0,100
2024-01-08 02:03:00,126.39,35.59,7.936,2089.6,0.547,96.9,90
2024-01-08 02:04:00,136.35,59.84,8.463,2196.6,0.635,30.2,100
2024-01-08 02:05:00,150.1,46.57,8.162,2241.1,0.667,69.2,130
2024-01-08 02:06:00,155.28,34.77,8.748,2469.6,0.518,97.5,130
2024-01-08 02:07:00,151.07,47.65,7.819,2435.6,0.636,77.4,130
2024-01-08 02:08:00,154.9,34.27,7.321,2307.1,0.895,99.2,130
2024-01-08 02:09:00,153.76,45.75,8.358,2285.9,0.511,67.6,130
2024-01-08 02:10:00,157.59,36.22,8.889,2361.2,0.706,99.0,130
2024-01-08 02:11:00,155.61,35.67,8.396,2399.6,1.398,97.5,130
2024-01-08 02:12:00,156.18,60.04,7.823,2450.0,0.65,25.0,130
2024-01-08 02:13:00,144.52,35.67,7.791,2281.6,0.572,96.5,115
2024-01-08 02:14:00,157.63,37.11,9.01,2320.9,0.676,99.0,130
2024-01-08 02:15:00,131.01,47.04,8.048,2161.0,0.656,62.2,100
2024-01-08 02:16:00,152.76,60.23,7.794,2159.5,0.522,22.0,130
2024-01-08 02:17:00,138.22,48.65,8.676,2115.6,0.548,73.0,100
2024-01-08 02:18:00,123.91,46.95,8.141,2098.9,1.421,68.2,90
2024-01-08 02:19:00,129.64,61.38,7.389,1969.4,0.68,35.3,100
2024-01-08 02:20:00,138.63,33.81,9.033,2164.4,0.584,97.7,100
2024-01-08 02:21:00,127.69,46.07,8.434,2005.0,1.268,74.2,90
2024-01-08 02:22:00,156.78,34.97,7.595,2436.2,0.707,96.7,130
2024-01-08 02:23:00,125.24,35.97,8.758,2047.2,0.552,97.1,90
2024-01-08 02:24:00,139.15,36.92,7.781,2128.9,2.227,95.0,100
2024-01-08 02:25:00,138.15,59.53,7.757,2139.0,2.349,37.6,100
2024-01-08 02:26:00,158.87,47.78,7.843,2309.6,0.723,79.4,130
2024-01-08 02:27:00,146.74,48.79,8.976,2293.4,1.257,68.7,115
2024-01-08 02:28:00,135.31,36.75,9.018,2122.5,0.709,99.4,100
2024-01-08 02:29:00,144.0,59.68,7.981,2231.9,0.581,28.4,115
2024-01-08 02:30:00,131.83,47.69,8.882,2213.9,1.322,63.5,100
2024-01-08 02:31:00,156.26,47.27,7.285,2310.7,0.721,75.6,130
2024-01-08 02:32:00,156.46,46.47,8.566,2362.4,0.674,76.9,130
2024-01-08 02:33:00,144.13,47.34,8.746,2194.4,1.449,60.8,115
2024-01-08 02:34:00,156.53,35.12,8.803,2338.1,1.296,95.6,130
2024-01-08 02:35:00,154.17,60.1,8.231,2414.7,2.379,18.3,130
2024-01-08 02:36:00,157.17,58.9,8.426,2358.2,1.203,34.1,130
2024-01-08 02:37:00,152.79,45.59,7.913,2160.3,1.242,61.7,130
2024-01-08 02:38:00,142.36,35.27,8.21,2274.4,1.224,97.4,115
2024-01-08 02:39:00,154.4,47.25,8.134,2217.7,0.518,73.0,130
2024-01-08 02:40:00,127.07,46.1,8.111,1996.0,1.417,62.4,90
2024-01-08 02:41:00,132.1,47.42,8.654,2189.4,2.597,75.3,100
2024-01-08 02:42:00,137.62,47.03,8.286,2072.4,0.893,65.4,100
2024-01-08 02:43:00,150.89,36.02,8.877,2221.2,2.588,99.4,130
2024-01-08 02:44:00,144.38,60.76,8.299,2229.7,1.326,14.4,115
2024-01-08 02:45:00,141.47,36.57,9.077,2180.9,0.588,99.0,115
2024-01-08 02:46:00,118.48,35.98,8.691,1939.6,0.58,96.0,90
2024-01-08 02:47:00,135.92,35.26,8.165,2194.4,0.526,99.3,100
2024-01-08 02:48:00,144.56,47.15,8.27,2308.8,1.245,72.4,115
2024-01-08 02:49:00,121.51,48.86,7.864,2142.4,0.712,70.4,90
2024-01-08 02:50:00,153.71,36.29,8.264,2238.1,2.18,98.3,130
2024-01-08 02:51:00,156.1,60.06,7.807,2342.9,1.283,28.6,130
2024-01-08 02:52:00,134.08,35.38,8.732,2110.5,0.708,97.1,100
2024-01-08 02:53:00,154.5,35.02,8.063,2208.6,1.222,99.1,130
2024-01-08 02:54:00,154.0,34.55,8.342,2250.2,0.512,95.0,130
2024-01-08 02:55:00,133.54,61.37,7.287,1924.5,1.525,23.5,100
2024-01-08 02:56:00,153.51,35.88,8.093,2225.4,0.812,98.7,130
2024-01-08 02:57:00,143.44,34.48,8.051,2112.7,0.597,98.6,115
2024-01-08 02:58:00,123.12,35.4,8.568,2086.2,1.38,95.8,90
2024-01-08 02:59:00,152.46,61.02,8.409,2333.3,2.154,24.3,130
2024-01-08 03:00:00,154.05,59.64,8.607,2174.8,1.292,12.4,130
2024-01-08 03:01:00,153.4,46.35,8.377,2376.2,1.207,69.1,130
2024-01-08 03:02:00,152.32,60.29,8.692,2261.4,1.264,34.5,130
2024-01-08 03:03:00,156.92,47.53,8.368,2224.4,0.503,60.6,130
2024-01-08 03:04:00,158.08,35.14,7.65,2166.8,2.21,95.2,130
2024-01-08 03:05:00,145.0,46.52,8.164,2165.9,0.647,78.7,115
2024-01-08 03:06:00,155.17,35.87,8.184,2298.9,0.637,95.3,130
2024-01-08 03:07:00,133.27,59.1,6.894,2229.7,0.583,29.5,100
2024-01-08 03:08:00,127.67,59.57,7.793,2061.6,0.546,19.2,90
2024-01-08 03:09:00,139.35,59.9,9.017,2124.8,0.621,18.0,100
2024-01-08 03:10:00,144.59,47.59,8.09,2276.4,0.908,74.9,115
2024-01-08 03:11:00,153.7,35.16,8.158,2321.2,1.318,98.7,130
2024-01-08 03:12:00,135.85,60.45,7.329,2029.6,1.275,25.8,100
2024-01-08 03:13:00,155.32,36.43,7.661,,1.933,95.3,130
2024-01-08 03:14:00,153.75,46.59,8.394,2264.0,1.314,64.6,130
2024-01-08 03:15:00,136.18,38.08,8.014,2138.0,0.69,96.1,100
2024-01-08 03:16:00,157.35,61.14,7.756,2272.0,1.526,16.5,130
2024-01-08 03:17:00,153.04,47.22,8.719,2245.5,0.589,73.2,130
2024-01-08 03:18:00,131.36,59.85,7.92,2187.2,1.247,31.1,90
2024-01-08 03:19:00,121.17,46.56,7.68,2066.4,0.564,74.1,90
2024-01-08 03:20:00,152.87,48.33,8.216,2348.1,1.565,73.2,130
2024-01-08 03:21:00,155.58,35.67,7.874,2300.6,1.045,97.5,130
2024-01-08 03:22:00,150.62,34.35,7.874,2295.2,1.228,99.4,115
2024-01-08 03:23:00,133.59,34.13,8.176,2142.7,2.337,97.7,100
2024-01-08 03:24:00,152.34,47.09,7.943,2387.8,1.207,75.9,130
2024-01-08 03:25:00,146.37,60.11,7.533,2000.4,0.916,10.9,115
2024-01-08 03:26:00,124.38,46.27,8.423,2078.0,0.889,78.8,90
2024-01-08 03:27:00,156.66,34.29,8.546,2330.9,2.398,96.8,130
2024-01-08 03:28:00,124.82,33.93,8.1,2094.4,0.848,96.8,90
2024-01-08 03:29:00,122.86,34.89,8.448,1983.3,2.285,97.0,90
2024-01-08 03:30:00,160.87,35.21,8.052,2252.2,0.532,98.5,130
2024-01-08 03:31:00,127.61,60.55,7.436,2066.5,2.592,30.7,100
2024-01-08 03:32:00,159.55,46.9,8.559,2349.0,2.13,78.4,130
2024-01-08 03:33:00,137.33,60.85,8.16,2222.3,1.251,27.8,100
2024-01-08 03:34:00,133.14,47.48,8.26,2018.5,0.613,67.3,100
2024-01-08 03:35:00,159.68,60.41,8.157,2326.4,0.638,21.2,130
2024-01-08 03:36:00,131.57,47.78,8.127,2080.8,2.12,64.3,100
2024-01-08 03:37:00,137.52,34.39,8.257,2289.8,2.387,99.1,100
2024-01-08 03:38:00,149.79,35.07,8.264,2355.0,0.53,96.1,130
2024-01-08 03:39:00,152.14,37.42,8.705,2281.8,0.713,95.7,130
2024-01-08 03:40:00,152.13,33.98,8.375,2299.2,2.22,95.5,130
2024-01-08 03:41:00,143.12,59.76,8.671,2333.8,1.533,14.4,115
2024-01-08 03:42:00,125.03,60.38,8.803,2074.6,2.17,19.5,90
2024-01-08 03:43:00,132.94,34.0,7.555,2006.9,2.462,97.6,100
2024-01-08 03:44:00,139.91,46.4,8.711,2351.4,2.158,70.9,115
2024-01-08 03:45:00,146.16,48.6,8.461,2295.0,0.671,62.1,115
2024-01-08 03:46:00,155.12,47.14,8.395,2267.0,0.633,65.8,130
2024-01-08 03:47:00,156.02,46.54,8.596,2358.1,0.587,62.4,130
2024-01-08 03:48:00,145.43,47.17,8.094,2180.9,2.102,76.1,115
2024-01-08 03:49:00,147.39,46.54,8.441,2178.8,0.601,74.0,115
2024-01-08 03:50:00,144.81,48.37,7.777,2220.3,0.525,76.1,115
2024-01-08 03:51:00,127.53,34.71,7.635,2118.0,0.551,97.4,90
2024-01-08 03:52:00,143.06,46.58,8.413,2267.6,0.733,70.4,115
2024-01-08 03:53:00,143.2,45.81,8.172,2305.1,2.269,69.5,115
2024-01-08 03:54:00,158.44,59.76,8.199,2348.0,1.35,28.6,130
2024-01-08 03:55:00,128.39,46.86,7.881,2186.3,1.366,77.5,90
2024-01-08 03:56:00,136.43,36.46,8.356,2288.0,0.526,99.4,100
2024-01-08 03:57:00,122.78,34.69,8.029,2094.2,2.136,96.9,90
2024-01-08 03:58:00,142.58,35.89,8.181,2203.1,0.657,98.0,115
2024-01-08 03:59:00,148.32,47.07,8.005,2215.6,1.304,66.7,115
2024-01-08 04:00:00,148.18,33.99,7.879,2076.0,0.624,97.8,115
2024-01-08 04:01:00,154.84,34.92,8.117,2311.7,0.923,95.1,130
2024-01-08 04:02:00,140.85,46.39,8.674,2100.6,0.541,68.9,100
2024-01-08 04:03:00,126.15,48.35,8.011,2013.6,1.683,64.1,90
2024-01-08 04:04:00,152.23,47.44,8.149,2307.0,1.59,73.4,130
2024-01-08 04:05:00,154.31,47.12,8.094,2142.1,0.964,76.3,130
2024-01-08 04:06:00,135.01,32.06,7.945,2135.7,0.705,97.8,100
2024-01-08 04:07:00,155.22,58.47,8.692,2326.3,2.499,16.3,130
2024-01-08 04:08:00,148.13,36.08,7.655,2107.2,1.446,95.2,115
2024-01-08 04:09:00,132.61,60.63,8.166,2258.3,0.628,38.5,100
2024-01-08 04:10:00,151.67,59.41,7.863,2345.4,0.896,28.9,130
2024-01-08 04:11:00,136.51,35.52,8.427,2253.3,2.568,97.2,100
2024-01-08 04:12:00,761.03,35.47,8.254,2264.7,0.574,98.3,115
2024-01-08 04:13:00,131.06,60.14,8.673,2098.9,2.217,10.2,90
2024-01-08 04:14:00,137.36,46.7,8.494,2271.8,0.671,74.0,100
2024-01-08 04:15:00,123.69,47.65,8.233,2175.2,0.586,66.2,90
2024-01-08 04:16:00,158.03,47.88,8.498,2465.3,0.578,63.9,130
2024-01-08 04:17:00,156.83,34.73,8.534,2300.1,1.296,96.6,130
2024-01-08 04:18:00,156.58,34.54,7.835,2246.4,0.61,95.1,130
2024-01-08 04:19:00,144.69,34.86,8.509,2137.4,1.258,95.8,115
2024-01-08 04:20:00,126.05,47.04,8.319,1991.8,0.628,78.7,90
2024-01-08 04:21:00,139.74,35.78,8.396,2284.3,0.802,98.7,115
2024-01-08 04:22:00,138.29,47.63,8.037,2368.1,2.296,67.7,100
2024-01-08 04:23:00,146.41,36.28,7.858,2430.7,1.296,98.8,130
2024-01-08 04:24:00,153.89,35.79,7.786,2295.6,0.534,97.7,130
2024-01-08 04:25:00,121.01,47.18,6.837,2131.3,1.548,78.7,90
2024-01-08 04:26:00,143.75,48.32,7.916,2185.7,1.343,64.2,115
2024-01-08 04:27:00,134.81,47.0,9.176,2110.7,1.21,67.5,100
2024-01-08 04:28:00,152.01,60.47,8.529,2227.2,0.558,10.3,130
2024-01-08 04:29:00,118.06,35.76,8.327,1992.6,0.539,98.9,90
2024-01-08 04:30:00,145.52,46.86,8.584,2274.4,0.502,73.8,115
2024-01-08 04:31:00,140.22,46.87,8.096,2268.6,1.217,78.0,100
2024-01-08 04:32:00,154.12,48.06,8.043,2393.3,0.597,78.4,130
2024-01-08 04:33:00,147.4,35.43,8.084,2346.6,0.544,97.9,115
2024-01-08 04:34:00,128.76,59.72,7.906,2132.7,0.508,34.3,90
2024-01-08 04:35:00,120.25,34.91,7.939,2067.3,2.151,99.7,90
2024-01-08 04:36:00,153.86,35.84,8.194,2268.0,1.461,99.7,130
2024-01-08 04:37:00,151.81,35.09,8.226,2356.1,0.766,95.0,130
2024-01-08 04:38:00,142.98,47.27,8.73,2095.6,0.532,69.1,115
2024-01-08 04:39:00,159.26,47.14,8.61,2261.6,1.051,77.8,130
2024-01-01 07:36:00,144.46,46.9,7.716,2171.7,0.61,71.6,115
2024-01-06 19:57:00,134.7,36.29,8.305,2201.4,1.532,98.4,100
2024-01-07 20:28:00,127.47,47.26,7.499,2023.8,2.66,65.1,90
2024-01-05 20:08:00,157.9,35.25,8.151,2510.8,0.907,99.1,130
2024-01-02 17:26:00,157.92,36.29,8.171,2267.4,0.628,98.6,130
2024-01-05 06:15:00,147.82,46.7,8.042,2323.7,0.705,68.7,115
2024-01-06 06:30:00,151.53,61.14,8.237,2348.2,0.515,37.8,115
2024-01-07 02:59:00,144.81,46.29,8.317,2211.6,0.523,76.6,115
2024-01-05 22:32:00,155.88,45.57,8.016,2272.0,0.897,76.5,130
2024-01-05 20:21:00,136.1,47.34,7.937,2334.7,0.78,73.8,100
2024-01-04 20:33:00,152.79,34.12,7.925,2452.2,0.839,96.8,130
2024-01-07 02:50:00,158.34,34.79,8.596,2288.5,0.675,99.6,130
2024-01-03 21:06:00,135.22,35.67,7.822,2254.6,1.421,98.0,100
2024-01-04 23:46:00,155.53,47.16,7.861,2366.2,1.616,72.1,130
2024-01-04 03:11:00,128.79,60.13,8.362,2095.2,0.503,16.5,90
